[2026-09-14 17:05:59:367] INFO No private key provided, auto-generating one for block signing
[2026-09-14 17:05:59:367] INFO 🥷  Madara Node
[2026-09-14 17:05:59:367] INFO 💁 Support URL: https://github.com/madara-alliance/madara/issues
[2026-09-14 17:05:59:367] INFO 🏷  Node Name: realms-randomness-rehearsal
[2026-09-14 17:05:59:367] INFO 👤 Role: Sequencer
[2026-09-14 17:05:59:367] INFO 🌐 Network: Realms Madara Lab (chain id `WP_REALMS_MADARA_LAB`)
[2026-09-14 17:05:59:369] INFO 💻 Operating system: Linux 12 Debian GNU/Linux
[2026-09-14 17:05:59:369] INFO 💻 CPU architecture: x86_64
[2026-09-14 17:05:59:369] INFO 💻 CPU: AMD Ryzen 7 5800H with Radeon Graphics
[2026-09-14 17:05:59:369] INFO 💻 CPU cores: 16
[2026-09-14 17:05:59:369] INFO 💻 Memory: 27899MiB
[2026-09-14 17:05:59:369] INFO 💻 Kernel: 7.2.4-200.fc44.x86_64
[2026-09-14 17:05:59:369] INFO 💾 Cairo-native directory initialized: /data/native_classes
[2026-09-14 17:05:59:369] INFO 🚀 Cairo native enabled - mode: Async (VM fallback enabled), memory_cache: 1000 classes, disk_cache: 10.0 GB, max_concurrent: 4
[2026-09-14 17:05:59:369] INFO 💾 Opening database at: /data
[2026-09-14 17:05:59:369] INFO 💾  Preconfirmed blocks will be saved to database
[2026-09-14 17:05:59:450] INFO 📝 Database write mode: WAL enabled, fsync enabled (safest)
[2026-09-14 17:05:59:450] INFO 💼 Starting chain with block: confirmed block: #2413

==== DEVNET PREDEPLOYED CONTRACTS ====

(#1) Address: 0x055be462e718c4166d656d11f89e341115b8bc82389c3762a10eade04fcb225d
  Private key: 0x077e56c6dc32d40a67f6f7e6625c8dc5e570abe49c0a24e9202e4ae906abcc07
  Balance: 9996 STRK, 10000 ETH

(#2) Address: 0x008a1719e7ca19f3d91e8ef50a48fc456575f645497a1d55f30e3781f786afe4
  Private key: 0x0514977443078cf1e0c36bc88b89ada9a46061a5cf728f40274caea21d76f174
  Balance: 10000 STRK, 10000 ETH

(#3) Address: 0x0733a8e2bcced14dcc2608462bd96524fb64eef061689b6d976708efc2c8ddfd
  Private key: 0x00177100ae65c71074126963e695e17adf5b360146f960378b5cdfd9ed69870b
  Balance: 10000 STRK, 10000 ETH

(#4) Address: 0x025073e0772b1e348a5da66ea67fb46f75ecdca1bd24dbbc98567cbf4a0e00b3
  Private key: 0x07ae55c8093920562c1cbab9edeb4eb52f788b93cac1d5721bda20c96100d743
  Balance: 10000 STRK, 10000 ETH

(#5) Address: 0x0294f066a54e07616fd0d50c935c2b5aa616d33631fec94b34af8bd4f6296f68
  Private key: 0x02ce1754eb64b7899c64dcdd0cff138864be2514e70e7761c417b728f2bf7457
  Balance: 10000 STRK, 10000 ETH

(#6) Address: 0x005d1d65ea82aa0107286e68537adf0371601789e26b1cd6e455a8e5be5c5665
  Private key: 0x037a683c3969bf18044c9d2bbe0b1739897c89cf25420342d6dfc36c30fc519d
  Balance: 10000 STRK, 10000 ETH

(#7) Address: 0x01d775883a0a6e5405a345f18d7639dcb54b212c362d5a99087f742fba668396
  Private key: 0x07b4a2263d9cc475816a03163df7efd58552f1720c8df0bd2a813663895ef022
  Balance: 10000 STRK, 10000 ETH

(#8) Address: 0x04add50f5bcc31a8418b43b1ddc8d703986094baf998f8e9625e13dbcc3df18b
  Private key: 0x064b37f84e667462b95dc56e3c5e93a703ef16d73de7b9c5bfd92b90f11f90e1
  Balance: 10000 STRK, 10000 ETH

(#9) Address: 0x03dbe3dd8c2f721bc24e87bcb739063a10ee738cef090bc752bc0d5a29f10b72
  Private key: 0x0213d0d77d5ff9ffbeabdde0af7513e89aafd5e36ae99b8401283f6f57c57696
  Balance: 10000 STRK, 10000 ETH

(#10) Address: 0x07484e8e3af210b2ead47fa08c96f8d18b616169b350a8b75fe0dc4d2e01d493
  Private key: 0x0410c6eadd73918ea90b6658d24f5f2c828e39773819c1443d8602a3c72344c2
  Balance: 10000 STRK, 10000 ETH

[2026-09-14 17:05:59:500] INFO 🌐 Gateway endpoint started at 0.0.0.0:8080
[2026-09-14 17:05:59:500] INFO Running JSON-RPC (Admin) HTTP server at http://0.0.0.0:9943/rpc/v0.1.0/ (max_connections=100, max_request_size_mib=15, max_response_size_mib=15, allowed_origins=["*"], supported_versions=["/rpc/v0.1.0/"])
[2026-09-14 17:05:59:500] INFO Running JSON-RPC (Admin) WebSocket server at ws://0.0.0.0:9943/rpc/v0.1.0/ (max_connections=100, max_subscriptions_per_connection=1024, message_buffer_capacity_per_connection=64, ws_ping_interval_secs=30, ws_inactive_timeout_secs=3600, ws_max_ping_failures=3, allowed_origins=["*"], supported_versions=["/rpc/v0.1.0/"])
[2026-09-14 17:05:59:500] INFO Running JSON-RPC HTTP server at http://0.0.0.0:9944/rpc/v0.10.2/ (max_connections=100, max_request_size_mib=15, max_response_size_mib=15, allowed_origins=["*"], supported_versions=["/rpc/v0.7.1/", "/rpc/v0.8.1/", "/rpc/v0.9.0/", "/rpc/v0.10.0/", "/rpc/v0.10.2/"])
[2026-09-14 17:05:59:500] INFO Running JSON-RPC WebSocket server at ws://0.0.0.0:9944/rpc/v0.10.2/ (max_connections=100, max_subscriptions_per_connection=1024, message_buffer_capacity_per_connection=64, ws_ping_interval_secs=30, ws_inactive_timeout_secs=3600, ws_max_ping_failures=3, allowed_origins=["*"], supported_versions=["/rpc/v0.7.1/", "/rpc/v0.8.1/", "/rpc/v0.9.0/", "/rpc/v0.10.0/", "/rpc/v0.10.2/"])
[2026-09-14 17:05:59:500] WARN mc_mempool Could not re-add mempool transaction from db: Nonce mismatch: account nonce is Nonce(0x10)
[2026-09-14 17:05:59:500] WARN mc_mempool Could not re-add mempool transaction from db: Nonce mismatch: account nonce is Nonce(0x10)
[2026-09-14 17:05:59:500] WARN mc_mempool Could not re-add mempool transaction from db: Nonce mismatch: account nonce is Nonce(0x10)
[2026-09-14 17:05:59:500] WARN mc_mempool Could not re-add mempool transaction from db: Nonce mismatch: account nonce is Nonce(0x10)
[2026-09-14 17:05:59:500] WARN mc_mempool Could not re-add mempool transaction from db: Nonce mismatch: account nonce is Nonce(0x10)
[2026-09-14 17:05:59:500] WARN mc_mempool Could not re-add mempool transaction from db: Nonce mismatch: account nonce is Nonce(0x10)
[2026-09-14 17:05:59:500] WARN mc_mempool Could not re-add mempool transaction from db: Nonce mismatch: account nonce is Nonce(0x10)
[2026-09-14 17:05:59:500] WARN mc_mempool Could not re-add mempool transaction from db: Nonce mismatch: account nonce is Nonce(0x10)
[2026-09-14 17:05:59:500] WARN mc_mempool Could not re-add mempool transaction from db: Nonce mismatch: account nonce is Nonce(0x10)
[2026-09-14 17:05:59:502] RPC starknet_V0_10_2_chainId 200 78 bytes - 33.000µs
[2026-09-14 17:05:59:523] RPC starknet_V0_10_2_call 200 244 bytes - 5.845ms
[2026-09-14 17:05:59:524] RPC starknet_V0_10_2_call 200 245 bytes - 504.000µs
[2026-09-14 17:05:59:525] RPC starknet_V0_10_2_call 200 59 bytes - 405.000µs
[2026-09-14 17:06:01:388] RPC starknet_V0_10_2_blockNumber 200 38 bytes - 28.000µs
[2026-09-14 17:06:01:503] INFO Block 2414 final weights: BouncerWeights { l1_gas: 0, message_segment_length: 0, n_events: 0, state_diff_size: 0, sierra_gas: GasAmount(0), n_txs: 0, proving_gas: GasAmount(0), receipt_l2_gas: GasAmount(0) }.
[2026-09-14 17:06:01:509] INFO Block hash 0x57731c41fa2ae68fba42b656b370635cda8bf9790311809b8317f37617416d1 computed for #2414
{"timestamp":"2026-09-14T17:06:01.526300022Z","level":"INFO","target":"close_block","message":"close_block_complete","block_number":2414,"tx_count":0,"event_count":0,"close_block_total_ms":20.845765,"block_close_ms":20.845765,"close_preconfirmed_ms":20.821530000000003,"block_production_ms":20.852889,"batches_executed":0,"txs_added_to_block":0,"txs_executed":0,"txs_reverted":0,"txs_rejected":0,"classes_declared":0,"l2_gas_consumed":0,"state_diff_len":1,"declared_classes":0,"deployed_contracts":0,"storage_diffs":1,"nonce_updates":0,"consumed_l1_nonces":0,"bouncer_l1_gas":0,"bouncer_sierra_gas":0,"bouncer_n_events":0,"bouncer_message_segment_length":0,"bouncer_state_diff_size":0,"get_full_block_ms":0.003702,"commitments_ms":0.101689,"merklization_ms":9.796227,"contract_trie_ms":1.476596,"class_trie_ms":0.204427,"contract_storage_trie_commit_ms":3.0664759999999998,"contract_trie_commit_ms":2.8379529999999997,"class_trie_commit_ms":2.268463,"block_hash_ms":0.096871,"db_write_ms":6.609343}
[2026-09-14 17:06:01:526] INFO ⛏️  Closed block #2414 with 0 transactions - 20.845765ms
[2026-09-14 17:06:02:778] INFO WS subscription opened: method=subscribeNewHeads subscription_id=0 active_subscriptions=1 active_method_subscriptions=1
[2026-09-14 17:06:02:778] RPC starknet_V0_10_2_getBlockWithTxHashes 200 368 bytes - 120.000µs
[2026-09-14 17:06:02:778] INFO WS subscription opened: method=subscribeNewTransactions subscription_id=1 active_subscriptions=2 active_method_subscriptions=1
[2026-09-14 17:06:02:778] RPC starknet_V0_10_2_getBlockWithTxHashes 200 368 bytes - 58.000µs
[2026-09-14 17:06:02:778] RPC starknet_V0_10_2_subscribeNewHeads 200 37 bytes - 169.000µs
[2026-09-14 17:06:02:778] RPC starknet_V0_10_2_getBlockWithTxHashes 200 368 bytes - 38.000µs
[2026-09-14 17:06:02:778] RPC starknet_V0_10_2_subscribeNewTransactions 200 37 bytes - 77.000µs
[2026-09-14 17:06:02:778] RPC starknet_V0_10_2_getBlockWithTxHashes 200 368 bytes - 40.000µs
[2026-09-14 17:06:02:778] INFO WS subscription opened: method=subscribeNewTransactionReceipts subscription_id=2 active_subscriptions=3 active_method_subscriptions=1
[2026-09-14 17:06:02:778] RPC starknet_V0_10_2_getBlockWithTxHashes 200 368 bytes - 29.000µs
[2026-09-14 17:06:02:778] RPC starknet_V0_10_2_subscribeNewTransactionReceipts 200 37 bytes - 94.000µs
[2026-09-14 17:06:02:778] INFO WS subscription opened: method=subscribeEvents subscription_id=3 active_subscriptions=4 active_method_subscriptions=1
[2026-09-14 17:06:02:778] RPC starknet_V0_10_2_getBlockWithTxHashes 200 368 bytes - 39.000µs
[2026-09-14 17:06:02:778] RPC starknet_V0_10_2_getBlockWithTxHashes 200 368 bytes - 38.000µs
[2026-09-14 17:06:02:778] RPC starknet_V0_10_2_getBlockWithTxHashes 200 368 bytes - 69.000µs
[2026-09-14 17:06:02:778] RPC starknet_V0_10_2_subscribeEvents 200 37 bytes - 449.000µs
[2026-09-14 17:06:02:820] RPC starknet_V0_10_2_blockNumber 200 40 bytes - 11.000µs
[2026-09-14 17:06:02:821] RPC starknet_V0_10_2_getBlockWithReceipts 200 871 bytes - 134.000µs
[2026-09-14 17:06:02:821] RPC starknet_V0_10_2_getBlockWithReceipts 200 871 bytes - 68.000µs
[2026-09-14 17:06:02:827] RPC starknet_V0_10_2_getBlockWithReceipts 200 368 bytes - 54.000µs
[2026-09-14 17:06:03:111] RPC starknet_V0_10_2_getBlockWithTxHashes 200 368 bytes - 68.000µs
[2026-09-14 17:06:03:424] RPC starknet_V0_10_2_blockNumber 200 38 bytes - 10.000µs
[2026-09-14 17:06:03:504] INFO Block 2415 final weights: BouncerWeights { l1_gas: 0, message_segment_length: 0, n_events: 0, state_diff_size: 0, sierra_gas: GasAmount(0), n_txs: 0, proving_gas: GasAmount(0), receipt_l2_gas: GasAmount(0) }.
[2026-09-14 17:06:03:510] INFO Block hash 0x7d649d4d8f42dc7a5f12d22b52dae20e82c017911c81e8eef73568e4cfaf46a computed for #2415
{"timestamp":"2026-09-14T17:06:03.526867601Z","level":"INFO","target":"close_block","message":"close_block_complete","block_number":2415,"tx_count":0,"event_count":0,"close_block_total_ms":20.392491,"block_close_ms":20.392491,"close_preconfirmed_ms":20.385787,"block_production_ms":20.397869,"batches_executed":0,"txs_added_to_block":0,"txs_executed":0,"txs_reverted":0,"txs_rejected":0,"classes_declared":0,"l2_gas_consumed":0,"state_diff_len":1,"declared_classes":0,"deployed_contracts":0,"storage_diffs":1,"nonce_updates":0,"consumed_l1_nonces":0,"bouncer_l1_gas":0,"bouncer_sierra_gas":0,"bouncer_n_events":0,"bouncer_message_segment_length":0,"bouncer_state_diff_size":0,"get_full_block_ms":0.00426,"commitments_ms":0.130674,"merklization_ms":9.073713000000001,"contract_trie_ms":0.907664,"class_trie_ms":0.026191,"contract_storage_trie_commit_ms":2.878392,"contract_trie_commit_ms":2.900322,"class_trie_commit_ms":2.240875,"block_hash_ms":0.09617300000000001,"db_write_ms":7.032026}
[2026-09-14 17:06:03:526] INFO ⛏️  Closed block #2415 with 0 transactions - 20.392491ms
[2026-09-14 17:06:03:527] RPC starknet_V0_10_2_getBlockWithReceipts 200 871 bytes - 69.000µs
[2026-09-14 17:06:03:532] RPC starknet_V0_10_2_getBlockWithReceipts 200 368 bytes - 37.000µs
[2026-09-14 17:06:03:612] RPC starknet_V0_10_2_getBlockWithTxHashes 200 368 bytes - 64.000µs
[2026-09-14 17:06:04:112] RPC starknet_V0_10_2_getBlockWithTxHashes 200 368 bytes - 87.000µs
[2026-09-14 17:06:04:612] RPC starknet_V0_10_2_getBlockWithTxHashes 200 368 bytes - 58.000µs
[2026-09-14 17:06:05:112] RPC starknet_V0_10_2_getBlockWithTxHashes 200 368 bytes - 57.000µs
[2026-09-14 17:06:05:461] RPC starknet_V0_10_2_blockNumber 200 38 bytes - 10.000µs
[2026-09-14 17:06:05:505] INFO Block 2416 final weights: BouncerWeights { l1_gas: 0, message_segment_length: 0, n_events: 0, state_diff_size: 0, sierra_gas: GasAmount(0), n_txs: 0, proving_gas: GasAmount(0), receipt_l2_gas: GasAmount(0) }.
[2026-09-14 17:06:05:510] INFO Block hash 0x4f673f3d6f92d3135698933e008227e92c4642ab5876f4c0f59f481615022f1 computed for #2416
{"timestamp":"2026-09-14T17:06:05.525849282Z","level":"INFO","target":"close_block","message":"close_block_complete","block_number":2416,"tx_count":0,"event_count":0,"close_block_total_ms":18.561029,"block_close_ms":18.561029,"close_preconfirmed_ms":18.552438000000002,"block_production_ms":18.574298,"batches_executed":0,"txs_added_to_block":0,"txs_executed":0,"txs_reverted":0,"txs_rejected":0,"classes_declared":0,"l2_gas_consumed":0,"state_diff_len":1,"declared_classes":0,"deployed_contracts":0,"storage_diffs":1,"nonce_updates":0,"consumed_l1_nonces":0,"bouncer_l1_gas":0,"bouncer_sierra_gas":0,"bouncer_n_events":0,"bouncer_message_segment_length":0,"bouncer_state_diff_size":0,"get_full_block_ms":0.003352,"commitments_ms":0.111956,"merklization_ms":8.083914,"contract_trie_ms":0.6618219999999999,"class_trie_ms":0.056153,"contract_storage_trie_commit_ms":2.6298939999999997,"contract_trie_commit_ms":2.501106,"class_trie_commit_ms":2.179973,"block_hash_ms":0.069702,"db_write_ms":6.564296}
[2026-09-14 17:06:05:525] INFO ⛏️  Closed block #2416 with 0 transactions - 18.561029ms
[2026-09-14 17:06:05:526] RPC starknet_V0_10_2_getBlockWithReceipts 200 871 bytes - 65.000µs
[2026-09-14 17:06:05:530] RPC starknet_V0_10_2_getBlockWithReceipts 200 368 bytes - 51.000µs
[2026-09-14 17:06:05:612] RPC starknet_V0_10_2_getBlockWithTxHashes 200 368 bytes - 75.000µs
[2026-09-14 17:06:06:112] RPC starknet_V0_10_2_getBlockWithTxHashes 200 368 bytes - 56.000µs
[2026-09-14 17:06:06:613] RPC starknet_V0_10_2_getBlockWithTxHashes 200 368 bytes - 63.000µs
[2026-09-14 17:06:07:113] RPC starknet_V0_10_2_getBlockWithTxHashes 200 368 bytes - 62.000µs
[2026-09-14 17:06:07:501] RPC starknet_V0_10_2_blockNumber 200 38 bytes - 10.000µs
[2026-09-14 17:06:07:507] INFO Block 2417 final weights: BouncerWeights { l1_gas: 0, message_segment_length: 0, n_events: 0, state_diff_size: 0, sierra_gas: GasAmount(0), n_txs: 0, proving_gas: GasAmount(0), receipt_l2_gas: GasAmount(0) }.
[2026-09-14 17:06:07:511] INFO Block hash 0x2ae47e7a1e7196c4ee576e033cd86273c1363783da8a27010ce46bd73fdec63 computed for #2417
{"timestamp":"2026-09-14T17:06:07.530447923Z","level":"INFO","target":"close_block","message":"close_block_complete","block_number":2417,"tx_count":0,"event_count":0,"close_block_total_ms":21.658514,"block_close_ms":21.658514,"close_preconfirmed_ms":21.65139,"block_production_ms":21.664731,"batches_executed":0,"txs_added_to_block":0,"txs_executed":0,"txs_reverted":0,"txs_rejected":0,"classes_declared":0,"l2_gas_consumed":0,"state_diff_len":1,"declared_classes":0,"deployed_contracts":0,"storage_diffs":1,"nonce_updates":0,"consumed_l1_nonces":0,"bouncer_l1_gas":0,"bouncer_sierra_gas":0,"bouncer_n_events":0,"bouncer_message_segment_length":0,"bouncer_state_diff_size":0,"get_full_block_ms":0.003422,"commitments_ms":0.10483200000000001,"merklization_ms":8.087546,"contract_trie_ms":0.66692,"class_trie_ms":0.023607,"contract_storage_trie_commit_ms":2.654409,"contract_trie_commit_ms":2.4879759999999997,"class_trie_commit_ms":2.1725,"block_hash_ms":0.067676,"db_write_ms":9.155148}
[2026-09-14 17:06:07:530] INFO ⛏️  Closed block #2417 with 0 transactions - 21.658514ms
[2026-09-14 17:06:07:530] RPC starknet_V0_10_2_getBlockWithReceipts 200 871 bytes - 62.000µs
[2026-09-14 17:06:07:534] RPC starknet_V0_10_2_getBlockWithReceipts 200 368 bytes - 44.000µs
[2026-09-14 17:06:07:613] RPC starknet_V0_10_2_getBlockWithTxHashes 200 368 bytes - 80.000µs
[2026-09-14 17:06:08:114] RPC starknet_V0_10_2_getBlockWithTxHashes 200 368 bytes - 93.000µs
[2026-09-14 17:06:08:613] RPC starknet_V0_10_2_getBlockWithTxHashes 200 368 bytes - 59.000µs
[2026-09-14 17:06:09:114] RPC starknet_V0_10_2_getBlockWithTxHashes 200 368 bytes - 59.000µs
[2026-09-14 17:06:09:508] INFO Block 2418 final weights: BouncerWeights { l1_gas: 0, message_segment_length: 0, n_events: 0, state_diff_size: 0, sierra_gas: GasAmount(0), n_txs: 0, proving_gas: GasAmount(0), receipt_l2_gas: GasAmount(0) }.
[2026-09-14 17:06:09:513] INFO Block hash 0x2860a3e4227b2e6e13c6f895c155143935198d63457642bb83ac42c06155a37 computed for #2418
{"timestamp":"2026-09-14T17:06:09.530484704Z","level":"INFO","target":"close_block","message":"close_block_complete","block_number":2418,"tx_count":0,"event_count":0,"close_block_total_ms":19.966666,"block_close_ms":19.966666,"close_preconfirmed_ms":19.958284,"block_production_ms":19.972882000000002,"batches_executed":0,"txs_added_to_block":0,"txs_executed":0,"txs_reverted":0,"txs_rejected":0,"classes_declared":0,"l2_gas_consumed":0,"state_diff_len":1,"declared_classes":0,"deployed_contracts":0,"storage_diffs":1,"nonce_updates":0,"consumed_l1_nonces":0,"bouncer_l1_gas":0,"bouncer_sierra_gas":0,"bouncer_n_events":0,"bouncer_message_segment_length":0,"bouncer_state_diff_size":0,"get_full_block_ms":0.004749,"commitments_ms":0.11893999999999999,"merklization_ms":8.908956000000002,"contract_trie_ms":0.808,"class_trie_ms":0.037295999999999996,"contract_storage_trie_commit_ms":2.945021,"contract_trie_commit_ms":2.801007,"class_trie_commit_ms":2.22132,"block_hash_ms":0.07975900000000001,"db_write_ms":6.8262030000000005}
[2026-09-14 17:06:09:530] INFO ⛏️  Closed block #2418 with 0 transactions - 19.966666ms
[2026-09-14 17:06:09:530] RPC starknet_V0_10_2_getBlockWithReceipts 200 871 bytes - 46.000µs
[2026-09-14 17:06:09:535] RPC starknet_V0_10_2_getBlockWithReceipts 200 368 bytes - 45.000µs
[2026-09-14 17:06:09:541] RPC starknet_V0_10_2_blockNumber 200 38 bytes - 8.000µs
[2026-09-14 17:06:09:614] RPC starknet_V0_10_2_getBlockWithTxHashes 200 368 bytes - 57.000µs
[2026-09-14 17:06:10:114] RPC starknet_V0_10_2_getBlockWithTxHashes 200 368 bytes - 87.000µs
[2026-09-14 17:06:10:614] RPC starknet_V0_10_2_getBlockWithTxHashes 200 368 bytes - 73.000µs
[2026-09-14 17:06:11:115] RPC starknet_V0_10_2_getBlockWithTxHashes 200 368 bytes - 69.000µs
[2026-09-14 17:06:11:508] INFO Block 2419 final weights: BouncerWeights { l1_gas: 0, message_segment_length: 0, n_events: 0, state_diff_size: 0, sierra_gas: GasAmount(0), n_txs: 0, proving_gas: GasAmount(0), receipt_l2_gas: GasAmount(0) }.
[2026-09-14 17:06:11:514] INFO Block hash 0x366b6d33f59df5615a6b550b246d99795fef8783e30fd6deb2625a23291b223 computed for #2419
{"timestamp":"2026-09-14T17:06:11.531556891Z","level":"INFO","target":"close_block","message":"close_block_complete","block_number":2419,"tx_count":0,"event_count":0,"close_block_total_ms":20.795269,"block_close_ms":20.795269,"close_preconfirmed_ms":20.787168,"block_production_ms":20.801974,"batches_executed":0,"txs_added_to_block":0,"txs_executed":0,"txs_reverted":0,"txs_rejected":0,"classes_declared":0,"l2_gas_consumed":0,"state_diff_len":1,"declared_classes":0,"deployed_contracts":0,"storage_diffs":1,"nonce_updates":0,"consumed_l1_nonces":0,"bouncer_l1_gas":0,"bouncer_sierra_gas":0,"bouncer_n_events":0,"bouncer_message_segment_length":0,"bouncer_state_diff_size":0,"get_full_block_ms":0.003352,"commitments_ms":0.143944,"merklization_ms":9.360134,"contract_trie_ms":0.992522,"class_trie_ms":0.025632000000000002,"contract_storage_trie_commit_ms":2.961993,"contract_trie_commit_ms":2.9189,"class_trie_commit_ms":2.3135109999999997,"block_hash_ms":0.118941,"db_write_ms":7.058985}
[2026-09-14 17:06:11:531] INFO ⛏️  Closed block #2419 with 0 transactions - 20.795269ms
[2026-09-14 17:06:11:532] RPC starknet_V0_10_2_getBlockWithReceipts 200 870 bytes - 72.000µs
[2026-09-14 17:06:11:536] RPC starknet_V0_10_2_getBlockWithReceipts 200 368 bytes - 42.000µs
[2026-09-14 17:06:11:581] RPC starknet_V0_10_2_blockNumber 200 38 bytes - 11.000µs
[2026-09-14 17:06:11:614] RPC starknet_V0_10_2_getBlockWithTxHashes 200 368 bytes - 64.000µs
[2026-09-14 17:06:12:115] RPC starknet_V0_10_2_getBlockWithTxHashes 200 368 bytes - 108.000µs
[2026-09-14 17:06:12:615] RPC starknet_V0_10_2_getBlockWithTxHashes 200 368 bytes - 55.000µs
[2026-09-14 17:06:13:116] RPC starknet_V0_10_2_getBlockWithTxHashes 200 368 bytes - 256.000µs
[2026-09-14 17:06:13:510] INFO Block 2420 final weights: BouncerWeights { l1_gas: 0, message_segment_length: 0, n_events: 0, state_diff_size: 0, sierra_gas: GasAmount(0), n_txs: 0, proving_gas: GasAmount(0), receipt_l2_gas: GasAmount(0) }.
[2026-09-14 17:06:13:515] INFO Block hash 0x787e839a3d3c4c18f2e25fbab8843c9724f1089c2662c210873e118db02276a computed for #2420
{"timestamp":"2026-09-14T17:06:13.531254241Z","level":"INFO","target":"close_block","message":"close_block_complete","block_number":2420,"tx_count":0,"event_count":0,"close_block_total_ms":18.75903,"block_close_ms":18.75903,"close_preconfirmed_ms":18.754839999999998,"block_production_ms":18.764757,"batches_executed":0,"txs_added_to_block":0,"txs_executed":0,"txs_reverted":0,"txs_rejected":0,"classes_declared":0,"l2_gas_consumed":0,"state_diff_len":1,"declared_classes":0,"deployed_contracts":0,"storage_diffs":1,"nonce_updates":0,"consumed_l1_nonces":0,"bouncer_l1_gas":0,"bouncer_sierra_gas":0,"bouncer_n_events":0,"bouncer_message_segment_length":0,"bouncer_state_diff_size":0,"get_full_block_ms":0.002794,"commitments_ms":0.086325,"merklization_ms":8.137413,"contract_trie_ms":0.670412,"class_trie_ms":0.020045,"contract_storage_trie_commit_ms":2.737172,"contract_trie_commit_ms":2.460528,"class_trie_commit_ms":2.1647480000000003,"block_hash_ms":0.068514,"db_write_ms":6.63281}
[2026-09-14 17:06:13:531] INFO ⛏️  Closed block #2420 with 0 transactions - 18.75903ms
[2026-09-14 17:06:13:531] RPC starknet_V0_10_2_getBlockWithReceipts 200 870 bytes - 57.000µs
[2026-09-14 17:06:13:536] RPC starknet_V0_10_2_getBlockWithReceipts 200 368 bytes - 40.000µs
[2026-09-14 17:06:13:616] RPC starknet_V0_10_2_getBlockWithTxHashes 200 368 bytes - 56.000µs
[2026-09-14 17:06:13:617] RPC starknet_V0_10_2_blockNumber 200 38 bytes - 7.000µs
[2026-09-14 17:06:14:116] RPC starknet_V0_10_2_getBlockWithTxHashes 200 368 bytes - 76.000µs
[2026-09-14 17:06:14:616] RPC starknet_V0_10_2_getBlockWithTxHashes 200 368 bytes - 65.000µs
[2026-09-14 17:06:15:116] RPC starknet_V0_10_2_getBlockWithTxHashes 200 368 bytes - 62.000µs
[2026-09-14 17:06:15:512] INFO Block 2421 final weights: BouncerWeights { l1_gas: 0, message_segment_length: 0, n_events: 0, state_diff_size: 0, sierra_gas: GasAmount(0), n_txs: 0, proving_gas: GasAmount(0), receipt_l2_gas: GasAmount(0) }.
[2026-09-14 17:06:15:517] INFO Block hash 0x58559c5a2e720bfac9914d27059747581baa39ccc427f77ebff357bc8f54ef3 computed for #2421
{"timestamp":"2026-09-14T17:06:15.535098171Z","level":"INFO","target":"close_block","message":"close_block_complete","block_number":2421,"tx_count":0,"event_count":0,"close_block_total_ms":21.059620000000002,"block_close_ms":21.059620000000002,"close_preconfirmed_ms":21.053824,"block_production_ms":21.063951,"batches_executed":0,"txs_added_to_block":0,"txs_executed":0,"txs_reverted":0,"txs_rejected":0,"classes_declared":0,"l2_gas_consumed":0,"state_diff_len":1,"declared_classes":0,"deployed_contracts":0,"storage_diffs":1,"nonce_updates":0,"consumed_l1_nonces":0,"bouncer_l1_gas":0,"bouncer_sierra_gas":0,"bouncer_n_events":0,"bouncer_message_segment_length":0,"bouncer_state_diff_size":0,"get_full_block_ms":0.0038410000000000002,"commitments_ms":0.147925,"merklization_ms":9.172469000000001,"contract_trie_ms":0.927779,"class_trie_ms":0.030521000000000003,"contract_storage_trie_commit_ms":3.0989530000000003,"contract_trie_commit_ms":2.685,"class_trie_commit_ms":2.316444,"block_hash_ms":0.095404,"db_write_ms":7.451147}
[2026-09-14 17:06:15:535] INFO ⛏️  Closed block #2421 with 0 transactions - 21.05962ms
[2026-09-14 17:06:15:535] RPC starknet_V0_10_2_getBlockWithReceipts 200 871 bytes - 66.000µs
[2026-09-14 17:06:15:539] RPC starknet_V0_10_2_getBlockWithReceipts 200 368 bytes - 34.000µs
[2026-09-14 17:06:15:616] RPC starknet_V0_10_2_getBlockWithTxHashes 200 368 bytes - 65.000µs
[2026-09-14 17:06:15:655] RPC starknet_V0_10_2_blockNumber 200 38 bytes - 10.000µs
[2026-09-14 17:06:16:118] RPC starknet_V0_10_2_getBlockWithTxHashes 200 368 bytes - 91.000µs
[2026-09-14 17:06:16:618] RPC starknet_V0_10_2_getBlockWithTxHashes 200 368 bytes - 66.000µs
[2026-09-14 17:06:17:119] RPC starknet_V0_10_2_getBlockWithTxHashes 200 368 bytes - 66.000µs
[2026-09-14 17:06:17:513] INFO Block 2422 final weights: BouncerWeights { l1_gas: 0, message_segment_length: 0, n_events: 0, state_diff_size: 0, sierra_gas: GasAmount(0), n_txs: 0, proving_gas: GasAmount(0), receipt_l2_gas: GasAmount(0) }.
[2026-09-14 17:06:17:519] INFO Block hash 0x5d48bd3b73627d28961e5f1e05bdc0db2bf3fa75b3acfff6ce1d4ec5a16971 computed for #2422
{"timestamp":"2026-09-14T17:06:17.536732305Z","level":"INFO","target":"close_block","message":"close_block_complete","block_number":2422,"tx_count":0,"event_count":0,"close_block_total_ms":20.990966,"block_close_ms":20.990966,"close_preconfirmed_ms":20.985169000000003,"block_production_ms":20.998579,"batches_executed":0,"txs_added_to_block":0,"txs_executed":0,"txs_reverted":0,"txs_rejected":0,"classes_declared":0,"l2_gas_consumed":0,"state_diff_len":1,"declared_classes":0,"deployed_contracts":0,"storage_diffs":1,"nonce_updates":0,"consumed_l1_nonces":0,"bouncer_l1_gas":0,"bouncer_sierra_gas":0,"bouncer_n_events":0,"bouncer_message_segment_length":0,"bouncer_state_diff_size":0,"get_full_block_ms":0.003772,"commitments_ms":0.129836,"merklization_ms":9.291829,"contract_trie_ms":1.002091,"class_trie_ms":0.027727,"contract_storage_trie_commit_ms":2.938945,"contract_trie_commit_ms":2.916735,"class_trie_commit_ms":2.2879490000000002,"block_hash_ms":0.09673100000000001,"db_write_ms":7.201671}
[2026-09-14 17:06:17:536] INFO ⛏️  Closed block #2422 with 0 transactions - 20.990966ms
[2026-09-14 17:06:17:537] RPC starknet_V0_10_2_getBlockWithReceipts 200 870 bytes - 88.000µs
[2026-09-14 17:06:17:542] RPC starknet_V0_10_2_getBlockWithReceipts 200 368 bytes - 39.000µs
[2026-09-14 17:06:17:618] RPC starknet_V0_10_2_getBlockWithTxHashes 200 368 bytes - 60.000µs
[2026-09-14 17:06:17:689] RPC starknet_V0_10_2_blockNumber 200 38 bytes - 10.000µs
[2026-09-14 17:06:18:119] RPC starknet_V0_10_2_getBlockWithTxHashes 200 368 bytes - 122.000µs
[2026-09-14 17:06:18:620] RPC starknet_V0_10_2_getBlockWithTxHashes 200 368 bytes - 92.000µs
[2026-09-14 17:06:19:121] RPC starknet_V0_10_2_getBlockWithTxHashes 200 368 bytes - 92.000µs
[2026-09-14 17:06:19:515] INFO Block 2423 final weights: BouncerWeights { l1_gas: 0, message_segment_length: 0, n_events: 0, state_diff_size: 0, sierra_gas: GasAmount(0), n_txs: 0, proving_gas: GasAmount(0), receipt_l2_gas: GasAmount(0) }.
[2026-09-14 17:06:19:521] INFO Block hash 0x6de1e7792e128b360e2a993c642afc24d8f0832c017592b78d4a42785e9e868 computed for #2423
{"timestamp":"2026-09-14T17:06:19.538803719Z","level":"INFO","target":"close_block","message":"close_block_complete","block_number":2423,"tx_count":0,"event_count":0,"close_block_total_ms":21.37321,"block_close_ms":21.37321,"close_preconfirmed_ms":21.366925,"block_production_ms":21.379006999999998,"batches_executed":0,"txs_added_to_block":0,"txs_executed":0,"txs_reverted":0,"txs_rejected":0,"classes_declared":0,"l2_gas_consumed":0,"state_diff_len":1,"declared_classes":0,"deployed_contracts":0,"storage_diffs":1,"nonce_updates":0,"consumed_l1_nonces":0,"bouncer_l1_gas":0,"bouncer_sierra_gas":0,"bouncer_n_events":0,"bouncer_message_segment_length":0,"bouncer_state_diff_size":0,"get_full_block_ms":0.003772,"commitments_ms":0.137728,"merklization_ms":9.568682,"contract_trie_ms":0.917373,"class_trie_ms":0.025632000000000002,"contract_storage_trie_commit_ms":3.128076,"contract_trie_commit_ms":2.819794,"class_trie_commit_ms":2.5577479999999997,"block_hash_ms":0.09687,"db_write_ms":7.462601}
[2026-09-14 17:06:19:538] INFO ⛏️  Closed block #2423 with 0 transactions - 21.37321ms
[2026-09-14 17:06:19:539] RPC starknet_V0_10_2_getBlockWithReceipts 200 869 bytes - 63.000µs
[2026-09-14 17:06:19:543] RPC starknet_V0_10_2_getBlockWithReceipts 200 368 bytes - 33.000µs
[2026-09-14 17:06:19:621] RPC starknet_V0_10_2_getBlockWithTxHashes 200 368 bytes - 258.000µs
[2026-09-14 17:06:19:728] RPC starknet_V0_10_2_blockNumber 200 38 bytes - 10.000µs
[2026-09-14 17:06:20:121] RPC starknet_V0_10_2_getBlockWithTxHashes 200 368 bytes - 74.000µs
[2026-09-14 17:06:20:622] RPC starknet_V0_10_2_getBlockWithTxHashes 200 368 bytes - 152.000µs
[2026-09-14 17:06:21:122] RPC starknet_V0_10_2_getBlockWithTxHashes 200 368 bytes - 86.000µs
[2026-09-14 17:06:21:517] INFO Block 2424 final weights: BouncerWeights { l1_gas: 0, message_segment_length: 0, n_events: 0, state_diff_size: 0, sierra_gas: GasAmount(0), n_txs: 0, proving_gas: GasAmount(0), receipt_l2_gas: GasAmount(0) }.
[2026-09-14 17:06:21:522] INFO Block hash 0x5d80fe93b21d8926f08e23db92ff5236b03d1611891951efb68b414417750f7 computed for #2424
{"timestamp":"2026-09-14T17:06:21.541253815Z","level":"INFO","target":"close_block","message":"close_block_complete","block_number":2424,"tx_count":0,"event_count":0,"close_block_total_ms":22.105013,"block_close_ms":22.105013,"close_preconfirmed_ms":22.097749,"block_production_ms":22.111788,"batches_executed":0,"txs_added_to_block":0,"txs_executed":0,"txs_reverted":0,"txs_rejected":0,"classes_declared":0,"l2_gas_consumed":0,"state_diff_len":1,"declared_classes":0,"deployed_contracts":0,"storage_diffs":1,"nonce_updates":0,"consumed_l1_nonces":0,"bouncer_l1_gas":0,"bouncer_sierra_gas":0,"bouncer_n_events":0,"bouncer_message_segment_length":0,"bouncer_state_diff_size":0,"get_full_block_ms":0.003352,"commitments_ms":0.127811,"merklization_ms":9.855034,"contract_trie_ms":0.9515250000000001,"class_trie_ms":0.025702,"contract_storage_trie_commit_ms":3.16614,"contract_trie_commit_ms":3.134223,"class_trie_commit_ms":2.461157,"block_hash_ms":0.095404,"db_write_ms":7.7549589999999995}
[2026-09-14 17:06:21:541] INFO ⛏️  Closed block #2424 with 0 transactions - 22.105013ms
[2026-09-14 17:06:21:541] RPC starknet_V0_10_2_getBlockWithReceipts 200 871 bytes - 51.000µs
[2026-09-14 17:06:21:546] RPC starknet_V0_10_2_getBlockWithReceipts 200 368 bytes - 40.000µs
[2026-09-14 17:06:21:622] RPC starknet_V0_10_2_getBlockWithTxHashes 200 368 bytes - 172.000µs
[2026-09-14 17:06:21:767] RPC starknet_V0_10_2_blockNumber 200 38 bytes - 11.000µs
[2026-09-14 17:06:22:122] RPC starknet_V0_10_2_getBlockWithTxHashes 200 368 bytes - 66.000µs
[2026-09-14 17:06:22:623] RPC starknet_V0_10_2_getBlockWithTxHashes 200 368 bytes - 80.000µs
[2026-09-14 17:06:23:123] RPC starknet_V0_10_2_getBlockWithTxHashes 200 368 bytes - 68.000µs
[2026-09-14 17:06:23:518] INFO Block 2425 final weights: BouncerWeights { l1_gas: 0, message_segment_length: 0, n_events: 0, state_diff_size: 0, sierra_gas: GasAmount(0), n_txs: 0, proving_gas: GasAmount(0), receipt_l2_gas: GasAmount(0) }.
[2026-09-14 17:06:23:524] INFO Block hash 0x17fd206ba3a1ca2f6ff1413a26f70c72b9995e047f597e1b3e996058b0a7b30 computed for #2425
{"timestamp":"2026-09-14T17:06:23.542639661Z","level":"INFO","target":"close_block","message":"close_block_complete","block_number":2425,"tx_count":0,"event_count":0,"close_block_total_ms":21.968542,"block_close_ms":21.968542,"close_preconfirmed_ms":21.960998999999997,"block_production_ms":21.9742,"batches_executed":0,"txs_added_to_block":0,"txs_executed":0,"txs_reverted":0,"txs_rejected":0,"classes_declared":0,"l2_gas_consumed":0,"state_diff_len":1,"declared_classes":0,"deployed_contracts":0,"storage_diffs":1,"nonce_updates":0,"consumed_l1_nonces":0,"bouncer_l1_gas":0,"bouncer_sierra_gas":0,"bouncer_n_events":0,"bouncer_message_segment_length":0,"bouncer_state_diff_size":0,"get_full_block_ms":0.003282,"commitments_ms":0.14310599999999998,"merklization_ms":9.938285,"contract_trie_ms":0.967868,"class_trie_ms":0.02654,"contract_storage_trie_commit_ms":3.318744,"contract_trie_commit_ms":3.0087170000000003,"class_trie_commit_ms":2.498383,"block_hash_ms":0.095683,"db_write_ms":7.561706}
[2026-09-14 17:06:23:542] INFO ⛏️  Closed block #2425 with 0 transactions - 21.968542ms
[2026-09-14 17:06:23:543] RPC starknet_V0_10_2_getBlockWithReceipts 200 871 bytes - 62.000µs
[2026-09-14 17:06:23:548] RPC starknet_V0_10_2_getBlockWithReceipts 200 368 bytes - 48.000µs
[2026-09-14 17:06:23:624] RPC starknet_V0_10_2_getBlockWithTxHashes 200 368 bytes - 158.000µs
[2026-09-14 17:06:23:808] RPC starknet_V0_10_2_blockNumber 200 38 bytes - 10.000µs
[2026-09-14 17:06:24:123] RPC starknet_V0_10_2_getBlockWithTxHashes 200 368 bytes - 62.000µs
[2026-09-14 17:06:24:624] RPC starknet_V0_10_2_getBlockWithTxHashes 200 368 bytes - 58.000µs
[2026-09-14 17:06:25:124] RPC starknet_V0_10_2_getBlockWithTxHashes 200 368 bytes - 72.000µs
[2026-09-14 17:06:25:520] INFO Block 2426 final weights: BouncerWeights { l1_gas: 0, message_segment_length: 0, n_events: 0, state_diff_size: 0, sierra_gas: GasAmount(0), n_txs: 0, proving_gas: GasAmount(0), receipt_l2_gas: GasAmount(0) }.
[2026-09-14 17:06:25:526] INFO Block hash 0x627d9b084b76b8cf9d16de6bf3ece9bfaaccbef1931bd87eeeace35e765e384 computed for #2426
{"timestamp":"2026-09-14T17:06:25.544329809Z","level":"INFO","target":"close_block","message":"close_block_complete","block_number":2426,"tx_count":0,"event_count":0,"close_block_total_ms":21.77955,"block_close_ms":21.77955,"close_preconfirmed_ms":21.772845999999998,"block_production_ms":21.785207,"batches_executed":0,"txs_added_to_block":0,"txs_executed":0,"txs_reverted":0,"txs_rejected":0,"classes_declared":0,"l2_gas_consumed":0,"state_diff_len":1,"declared_classes":0,"deployed_contracts":0,"storage_diffs":1,"nonce_updates":0,"consumed_l1_nonces":0,"bouncer_l1_gas":0,"bouncer_sierra_gas":0,"bouncer_n_events":0,"bouncer_message_segment_length":0,"bouncer_state_diff_size":0,"get_full_block_ms":0.003771,"commitments_ms":0.136052,"merklization_ms":9.69349,"contract_trie_ms":0.801435,"class_trie_ms":0.026121,"contract_storage_trie_commit_ms":3.067034,"contract_trie_commit_ms":2.97638,"class_trie_commit_ms":2.70246,"block_hash_ms":0.098267,"db_write_ms":7.564291}
[2026-09-14 17:06:25:544] INFO ⛏️  Closed block #2426 with 0 transactions - 21.77955ms
[2026-09-14 17:06:25:544] RPC starknet_V0_10_2_getBlockWithReceipts 200 870 bytes - 63.000µs
[2026-09-14 17:06:25:549] RPC starknet_V0_10_2_getBlockWithReceipts 200 368 bytes - 50.000µs
[2026-09-14 17:06:25:625] RPC starknet_V0_10_2_getBlockWithTxHashes 200 368 bytes - 116.000µs
[2026-09-14 17:06:25:848] RPC starknet_V0_10_2_blockNumber 200 38 bytes - 10.000µs
[2026-09-14 17:06:26:124] RPC starknet_V0_10_2_getBlockWithTxHashes 200 368 bytes - 57.000µs
[2026-09-14 17:06:26:625] RPC starknet_V0_10_2_getBlockWithTxHashes 200 368 bytes - 92.000µs
[2026-09-14 17:06:27:126] RPC starknet_V0_10_2_getBlockWithTxHashes 200 368 bytes - 92.000µs
[2026-09-14 17:06:27:521] INFO Block 2427 final weights: BouncerWeights { l1_gas: 0, message_segment_length: 0, n_events: 0, state_diff_size: 0, sierra_gas: GasAmount(0), n_txs: 0, proving_gas: GasAmount(0), receipt_l2_gas: GasAmount(0) }.
[2026-09-14 17:06:27:526] INFO Block hash 0x1e2e02e301df4b1c6cd197ada541750d4be2435f750a9f2f19d0cc79ba7faf9 computed for #2427
{"timestamp":"2026-09-14T17:06:27.544919318Z","level":"INFO","target":"close_block","message":"close_block_complete","block_number":2427,"tx_count":0,"event_count":0,"close_block_total_ms":21.861615,"block_close_ms":21.861615,"close_preconfirmed_ms":21.853932,"block_production_ms":21.866783,"batches_executed":0,"txs_added_to_block":0,"txs_executed":0,"txs_reverted":0,"txs_rejected":0,"classes_declared":0,"l2_gas_consumed":0,"state_diff_len":1,"declared_classes":0,"deployed_contracts":0,"storage_diffs":1,"nonce_updates":0,"consumed_l1_nonces":0,"bouncer_l1_gas":0,"bouncer_sierra_gas":0,"bouncer_n_events":0,"bouncer_message_segment_length":0,"bouncer_state_diff_size":0,"get_full_block_ms":0.003352,"commitments_ms":0.148204,"merklization_ms":9.574758,"contract_trie_ms":0.861289,"class_trie_ms":0.033455,"contract_storage_trie_commit_ms":3.133733,"contract_trie_commit_ms":2.860792,"class_trie_commit_ms":2.576676,"block_hash_ms":0.095543,"db_write_ms":7.752025}
[2026-09-14 17:06:27:544] INFO ⛏️  Closed block #2427 with 0 transactions - 21.861615ms
[2026-09-14 17:06:27:545] RPC starknet_V0_10_2_getBlockWithReceipts 200 871 bytes - 50.000µs
[2026-09-14 17:06:27:549] RPC starknet_V0_10_2_getBlockWithReceipts 200 368 bytes - 37.000µs
[2026-09-14 17:06:27:626] RPC starknet_V0_10_2_getBlockWithTxHashes 200 368 bytes - 124.000µs
[2026-09-14 17:06:27:888] RPC starknet_V0_10_2_blockNumber 200 38 bytes - 10.000µs
[2026-09-14 17:06:28:126] RPC starknet_V0_10_2_getBlockWithTxHashes 200 368 bytes - 67.000µs
[2026-09-14 17:06:28:626] RPC starknet_V0_10_2_getBlockWithTxHashes 200 368 bytes - 93.000µs
[2026-09-14 17:06:29:126] RPC starknet_V0_10_2_getBlockWithTxHashes 200 368 bytes - 64.000µs
[2026-09-14 17:06:29:522] INFO Block 2428 final weights: BouncerWeights { l1_gas: 0, message_segment_length: 0, n_events: 0, state_diff_size: 0, sierra_gas: GasAmount(0), n_txs: 0, proving_gas: GasAmount(0), receipt_l2_gas: GasAmount(0) }.
[2026-09-14 17:06:29:528] INFO Block hash 0x5a91946092e054a16488f90ee3efbc0e6d1f62c4ad611b60741c34b525c299c computed for #2428
{"timestamp":"2026-09-14T17:06:29.546398473Z","level":"INFO","target":"close_block","message":"close_block_complete","block_number":2428,"tx_count":0,"event_count":0,"close_block_total_ms":21.817474999999998,"block_close_ms":21.817474999999998,"close_preconfirmed_ms":21.811258,"block_production_ms":21.823202,"batches_executed":0,"txs_added_to_block":0,"txs_executed":0,"txs_reverted":0,"txs_rejected":0,"classes_declared":0,"l2_gas_consumed":0,"state_diff_len":1,"declared_classes":0,"deployed_contracts":0,"storage_diffs":1,"nonce_updates":0,"consumed_l1_nonces":0,"bouncer_l1_gas":0,"bouncer_sierra_gas":0,"bouncer_n_events":0,"bouncer_message_segment_length":0,"bouncer_state_diff_size":0,"get_full_block_ms":0.00426,"commitments_ms":0.121106,"merklization_ms":9.597596,"contract_trie_ms":0.886992,"class_trie_ms":0.042463,"contract_storage_trie_commit_ms":3.070806,"contract_trie_commit_ms":2.9865769999999996,"class_trie_commit_ms":2.50816,"block_hash_ms":0.095334,"db_write_ms":7.79833}
[2026-09-14 17:06:29:546] INFO ⛏️  Closed block #2428 with 0 transactions - 21.817475ms
[2026-09-14 17:06:29:546] RPC starknet_V0_10_2_getBlockWithReceipts 200 871 bytes - 65.000µs
[2026-09-14 17:06:29:551] RPC starknet_V0_10_2_getBlockWithReceipts 200 368 bytes - 38.000µs
[2026-09-14 17:06:29:626] RPC starknet_V0_10_2_getBlockWithTxHashes 200 368 bytes - 62.000µs
[2026-09-14 17:06:29:927] RPC starknet_V0_10_2_blockNumber 200 38 bytes - 10.000µs
[2026-09-14 17:06:30:126] RPC starknet_V0_10_2_getBlockWithTxHashes 200 368 bytes - 68.000µs
[2026-09-14 17:06:30:627] RPC starknet_V0_10_2_getBlockWithTxHashes 200 368 bytes - 83.000µs
[2026-09-14 17:06:31:127] RPC starknet_V0_10_2_getBlockWithTxHashes 200 368 bytes - 62.000µs
[2026-09-14 17:06:31:524] INFO Block 2429 final weights: BouncerWeights { l1_gas: 0, message_segment_length: 0, n_events: 0, state_diff_size: 0, sierra_gas: GasAmount(0), n_txs: 0, proving_gas: GasAmount(0), receipt_l2_gas: GasAmount(0) }.
[2026-09-14 17:06:31:529] INFO Block hash 0x372c40b0ef7c55202f6dde960190ef52bdfe297b80114d7f181d99618a76746 computed for #2429
{"timestamp":"2026-09-14T17:06:31.546351235Z","level":"INFO","target":"close_block","message":"close_block_complete","block_number":2429,"tx_count":0,"event_count":0,"close_block_total_ms":20.251341,"block_close_ms":20.251341,"close_preconfirmed_ms":20.245614,"block_production_ms":20.25609,"batches_executed":0,"txs_added_to_block":0,"txs_executed":0,"txs_reverted":0,"txs_rejected":0,"classes_declared":0,"l2_gas_consumed":0,"state_diff_len":1,"declared_classes":0,"deployed_contracts":0,"storage_diffs":1,"nonce_updates":0,"consumed_l1_nonces":0,"bouncer_l1_gas":0,"bouncer_sierra_gas":0,"bouncer_n_events":0,"bouncer_message_segment_length":0,"bouncer_state_diff_size":0,"get_full_block_ms":0.003353,"commitments_ms":0.120128,"merklization_ms":8.94674,"contract_trie_ms":0.962561,"class_trie_ms":0.027586999999999997,"contract_storage_trie_commit_ms":2.939992,"contract_trie_commit_ms":2.661184,"class_trie_commit_ms":2.199529,"block_hash_ms":0.124318,"db_write_ms":6.913783}
[2026-09-14 17:06:31:546] INFO ⛏️  Closed block #2429 with 0 transactions - 20.251341ms
[2026-09-14 17:06:31:546] RPC starknet_V0_10_2_getBlockWithReceipts 200 871 bytes - 72.000µs
[2026-09-14 17:06:31:551] RPC starknet_V0_10_2_getBlockWithReceipts 200 368 bytes - 34.000µs
[2026-09-14 17:06:31:627] RPC starknet_V0_10_2_getBlockWithTxHashes 200 368 bytes - 93.000µs
[2026-09-14 17:06:31:967] RPC starknet_V0_10_2_blockNumber 200 38 bytes - 10.000µs
[2026-09-14 17:06:32:128] RPC starknet_V0_10_2_getBlockWithTxHashes 200 368 bytes - 122.000µs
[2026-09-14 17:06:32:628] RPC starknet_V0_10_2_getBlockWithTxHashes 200 368 bytes - 73.000µs
[2026-09-14 17:06:33:128] RPC starknet_V0_10_2_getBlockWithTxHashes 200 368 bytes - 65.000µs
[2026-09-14 17:06:33:525] INFO Block 2430 final weights: BouncerWeights { l1_gas: 0, message_segment_length: 0, n_events: 0, state_diff_size: 0, sierra_gas: GasAmount(0), n_txs: 0, proving_gas: GasAmount(0), receipt_l2_gas: GasAmount(0) }.
[2026-09-14 17:06:33:530] INFO Block hash 0x52dc24c12afd6452199af94b857f4f22d8f87e1200971573e7aab1b5ec4171b computed for #2430
{"timestamp":"2026-09-14T17:06:33.546614234Z","level":"INFO","target":"close_block","message":"close_block_complete","block_number":2430,"tx_count":0,"event_count":0,"close_block_total_ms":19.799953,"block_close_ms":19.799953,"close_preconfirmed_ms":19.793249,"block_production_ms":19.80561,"batches_executed":0,"txs_added_to_block":0,"txs_executed":0,"txs_reverted":0,"txs_rejected":0,"classes_declared":0,"l2_gas_consumed":0,"state_diff_len":1,"declared_classes":0,"deployed_contracts":0,"storage_diffs":1,"nonce_updates":0,"consumed_l1_nonces":0,"bouncer_l1_gas":0,"bouncer_sierra_gas":0,"bouncer_n_events":0,"bouncer_message_segment_length":0,"bouncer_state_diff_size":0,"get_full_block_ms":0.003771,"commitments_ms":0.097779,"merklization_ms":8.839114,"contract_trie_ms":0.880217,"class_trie_ms":0.039111,"contract_storage_trie_commit_ms":2.8245430000000002,"contract_trie_commit_ms":2.730188,"class_trie_commit_ms":2.245136,"block_hash_ms":0.095334,"db_write_ms":6.877536}
[2026-09-14 17:06:33:546] INFO ⛏️  Closed block #2430 with 0 transactions - 19.799953ms
[2026-09-14 17:06:33:547] RPC starknet_V0_10_2_getBlockWithReceipts 200 869 bytes - 64.000µs
[2026-09-14 17:06:33:551] RPC starknet_V0_10_2_getBlockWithReceipts 200 368 bytes - 56.000µs
[2026-09-14 17:06:33:629] RPC starknet_V0_10_2_getBlockWithTxHashes 200 368 bytes - 121.000µs
[2026-09-14 17:06:34:007] RPC starknet_V0_10_2_blockNumber 200 38 bytes - 10.000µs
[2026-09-14 17:06:34:129] RPC starknet_V0_10_2_getBlockWithTxHashes 200 368 bytes - 84.000µs
[2026-09-14 17:06:34:630] RPC starknet_V0_10_2_getBlockWithTxHashes 200 368 bytes - 134.000µs
[2026-09-14 17:06:35:130] RPC starknet_V0_10_2_getBlockWithTxHashes 200 368 bytes - 131.000µs
[2026-09-14 17:06:35:526] INFO Block 2431 final weights: BouncerWeights { l1_gas: 0, message_segment_length: 0, n_events: 0, state_diff_size: 0, sierra_gas: GasAmount(0), n_txs: 0, proving_gas: GasAmount(0), receipt_l2_gas: GasAmount(0) }.
[2026-09-14 17:06:35:531] INFO Block hash 0x7649daaeb92d4ca782978c16ca7d043104bc25b88584b20bbc3fbce7421665d computed for #2431
{"timestamp":"2026-09-14T17:06:35.547674827Z","level":"INFO","target":"close_block","message":"close_block_complete","block_number":2431,"tx_count":0,"event_count":0,"close_block_total_ms":19.155871,"block_close_ms":19.155871,"close_preconfirmed_ms":19.149656,"block_production_ms":19.160132,"batches_executed":0,"txs_added_to_block":0,"txs_executed":0,"txs_reverted":0,"txs_rejected":0,"classes_declared":0,"l2_gas_consumed":0,"state_diff_len":1,"declared_classes":0,"deployed_contracts":0,"storage_diffs":1,"nonce_updates":0,"consumed_l1_nonces":0,"bouncer_l1_gas":0,"bouncer_sierra_gas":0,"bouncer_n_events":0,"bouncer_message_segment_length":0,"bouncer_state_diff_size":0,"get_full_block_ms":0.003771,"commitments_ms":0.076617,"merklization_ms":8.574693,"contract_trie_ms":0.849067,"class_trie_ms":0.040928,"contract_storage_trie_commit_ms":2.79102,"contract_trie_commit_ms":2.58359,"class_trie_commit_ms":2.2189449999999997,"block_hash_ms":0.085906,"db_write_ms":6.770608}
[2026-09-14 17:06:35:547] INFO ⛏️  Closed block #2431 with 0 transactions - 19.155871ms
[2026-09-14 17:06:35:548] RPC starknet_V0_10_2_getBlockWithReceipts 200 871 bytes - 50.000µs
[2026-09-14 17:06:35:552] RPC starknet_V0_10_2_getBlockWithReceipts 200 368 bytes - 42.000µs
[2026-09-14 17:06:35:629] RPC starknet_V0_10_2_getBlockWithTxHashes 200 368 bytes - 58.000µs
[2026-09-14 17:06:36:043] RPC starknet_V0_10_2_blockNumber 200 38 bytes - 10.000µs
[2026-09-14 17:06:36:129] RPC starknet_V0_10_2_getBlockWithTxHashes 200 368 bytes - 58.000µs
[2026-09-14 17:06:36:630] RPC starknet_V0_10_2_getBlockWithTxHashes 200 368 bytes - 62.000µs
[2026-09-14 17:06:37:130] RPC starknet_V0_10_2_getBlockWithTxHashes 200 368 bytes - 79.000µs
[2026-09-14 17:06:37:527] INFO Block 2432 final weights: BouncerWeights { l1_gas: 0, message_segment_length: 0, n_events: 0, state_diff_size: 0, sierra_gas: GasAmount(0), n_txs: 0, proving_gas: GasAmount(0), receipt_l2_gas: GasAmount(0) }.
[2026-09-14 17:06:37:531] INFO Block hash 0x1d0230aba82312d739d2a3266c1c8e8d8a48a32735601d037608ac7e23f01d7 computed for #2432
{"timestamp":"2026-09-14T17:06:37.547435663Z","level":"INFO","target":"close_block","message":"close_block_complete","block_number":2432,"tx_count":0,"event_count":0,"close_block_total_ms":18.786617,"block_close_ms":18.786617,"close_preconfirmed_ms":18.779843,"block_production_ms":18.791926,"batches_executed":0,"txs_added_to_block":0,"txs_executed":0,"txs_reverted":0,"txs_rejected":0,"classes_declared":0,"l2_gas_consumed":0,"state_diff_len":1,"declared_classes":0,"deployed_contracts":0,"storage_diffs":1,"nonce_updates":0,"consumed_l1_nonces":0,"bouncer_l1_gas":0,"bouncer_sierra_gas":0,"bouncer_n_events":0,"bouncer_message_segment_length":0,"bouncer_state_diff_size":0,"get_full_block_ms":0.003213,"commitments_ms":0.091981,"merklization_ms":8.084822,"contract_trie_ms":0.714692,"class_trie_ms":0.024724,"contract_storage_trie_commit_ms":2.6394629999999997,"contract_trie_commit_ms":2.485112,"class_trie_commit_ms":2.1359730000000003,"block_hash_ms":0.069213,"db_write_ms":6.660607}
[2026-09-14 17:06:37:547] INFO ⛏️  Closed block #2432 with 0 transactions - 18.786617ms
[2026-09-14 17:06:37:547] RPC starknet_V0_10_2_getBlockWithReceipts 200 871 bytes - 41.000µs
[2026-09-14 17:06:37:551] RPC starknet_V0_10_2_getBlockWithReceipts 200 368 bytes - 54.000µs
[2026-09-14 17:06:37:630] RPC starknet_V0_10_2_getBlockWithTxHashes 200 368 bytes - 80.000µs
[2026-09-14 17:06:38:081] RPC starknet_V0_10_2_blockNumber 200 38 bytes - 13.000µs
[2026-09-14 17:06:38:130] RPC starknet_V0_10_2_getBlockWithTxHashes 200 368 bytes - 67.000µs
[2026-09-14 17:06:38:630] RPC starknet_V0_10_2_getBlockWithTxHashes 200 368 bytes - 61.000µs
[2026-09-14 17:06:39:131] RPC starknet_V0_10_2_getBlockWithTxHashes 200 368 bytes - 92.000µs
[2026-09-14 17:06:39:528] INFO Block 2433 final weights: BouncerWeights { l1_gas: 0, message_segment_length: 0, n_events: 0, state_diff_size: 0, sierra_gas: GasAmount(0), n_txs: 0, proving_gas: GasAmount(0), receipt_l2_gas: GasAmount(0) }.
[2026-09-14 17:06:39:533] INFO Block hash 0x545d2e6ef38588de872e2dc3f4c560de85dccd097259804c5d4a295eb65494a computed for #2433
{"timestamp":"2026-09-14T17:06:39.550525021Z","level":"INFO","target":"close_block","message":"close_block_complete","block_number":2433,"tx_count":0,"event_count":0,"close_block_total_ms":20.177867,"block_close_ms":20.177867,"close_preconfirmed_ms":20.169626,"block_production_ms":20.182617,"batches_executed":0,"txs_added_to_block":0,"txs_executed":0,"txs_reverted":0,"txs_rejected":0,"classes_declared":0,"l2_gas_consumed":0,"state_diff_len":1,"declared_classes":0,"deployed_contracts":0,"storage_diffs":1,"nonce_updates":0,"consumed_l1_nonces":0,"bouncer_l1_gas":0,"bouncer_sierra_gas":0,"bouncer_n_events":0,"bouncer_message_segment_length":0,"bouncer_state_diff_size":0,"get_full_block_ms":0.003353,"commitments_ms":0.121106,"merklization_ms":9.130564000000001,"contract_trie_ms":0.9797409999999999,"class_trie_ms":0.057689000000000004,"contract_storage_trie_commit_ms":3.034349,"contract_trie_commit_ms":2.751071,"class_trie_commit_ms":2.2231360000000002,"block_hash_ms":0.095404,"db_write_ms":6.845897999999999}
[2026-09-14 17:06:39:550] INFO ⛏️  Closed block #2433 with 0 transactions - 20.177867ms
[2026-09-14 17:06:39:551] RPC starknet_V0_10_2_getBlockWithReceipts 200 870 bytes - 77.000µs
[2026-09-14 17:06:39:555] RPC starknet_V0_10_2_getBlockWithReceipts 200 368 bytes - 36.000µs
[2026-09-14 17:06:39:630] RPC starknet_V0_10_2_getBlockWithTxHashes 200 368 bytes - 66.000µs
[2026-09-14 17:06:40:121] RPC starknet_V0_10_2_blockNumber 200 38 bytes - 10.000µs
[2026-09-14 17:06:40:130] RPC starknet_V0_10_2_getBlockWithTxHashes 200 368 bytes - 64.000µs
[2026-09-14 17:06:40:631] RPC starknet_V0_10_2_getBlockWithTxHashes 200 368 bytes - 60.000µs
[2026-09-14 17:06:41:132] RPC starknet_V0_10_2_getBlockWithTxHashes 200 368 bytes - 94.000µs
[2026-09-14 17:06:41:528] INFO Block 2434 final weights: BouncerWeights { l1_gas: 0, message_segment_length: 0, n_events: 0, state_diff_size: 0, sierra_gas: GasAmount(0), n_txs: 0, proving_gas: GasAmount(0), receipt_l2_gas: GasAmount(0) }.
[2026-09-14 17:06:41:534] INFO Block hash 0x67eacff335d6c7a41789ff4359667351fcbbd9516561b7018c70c1ee8b17129 computed for #2434
{"timestamp":"2026-09-14T17:06:41.550531142Z","level":"INFO","target":"close_block","message":"close_block_complete","block_number":2434,"tx_count":0,"event_count":0,"close_block_total_ms":19.817903,"block_close_ms":19.817903,"close_preconfirmed_ms":19.812176,"block_production_ms":19.823489,"batches_executed":0,"txs_added_to_block":0,"txs_executed":0,"txs_reverted":0,"txs_rejected":0,"classes_declared":0,"l2_gas_consumed":0,"state_diff_len":1,"declared_classes":0,"deployed_contracts":0,"storage_diffs":1,"nonce_updates":0,"consumed_l1_nonces":0,"bouncer_l1_gas":0,"bouncer_sierra_gas":0,"bouncer_n_events":0,"bouncer_message_segment_length":0,"bouncer_state_diff_size":0,"get_full_block_ms":0.00433,"commitments_ms":0.119709,"merklization_ms":8.833876,"contract_trie_ms":0.8776320000000001,"class_trie_ms":0.028215999999999998,"contract_storage_trie_commit_ms":2.8329940000000002,"contract_trie_commit_ms":2.7317940000000003,"class_trie_commit_ms":2.247231,"block_hash_ms":0.096312,"db_write_ms":6.842754}
[2026-09-14 17:06:41:550] INFO ⛏️  Closed block #2434 with 0 transactions - 19.817903ms
[2026-09-14 17:06:41:551] RPC starknet_V0_10_2_getBlockWithReceipts 200 871 bytes - 56.000µs
[2026-09-14 17:06:41:555] RPC starknet_V0_10_2_getBlockWithReceipts 200 368 bytes - 31.000µs
[2026-09-14 17:06:41:632] RPC starknet_V0_10_2_getBlockWithTxHashes 200 368 bytes - 62.000µs
[2026-09-14 17:06:42:132] RPC starknet_V0_10_2_getBlockWithTxHashes 200 368 bytes - 61.000µs
[2026-09-14 17:06:42:162] RPC starknet_V0_10_2_blockNumber 200 38 bytes - 10.000µs
[2026-09-14 17:06:42:633] RPC starknet_V0_10_2_getBlockWithTxHashes 200 368 bytes - 91.000µs
[2026-09-14 17:06:43:133] RPC starknet_V0_10_2_getBlockWithTxHashes 200 368 bytes - 143.000µs
[2026-09-14 17:06:43:530] INFO Block 2435 final weights: BouncerWeights { l1_gas: 0, message_segment_length: 0, n_events: 0, state_diff_size: 0, sierra_gas: GasAmount(0), n_txs: 0, proving_gas: GasAmount(0), receipt_l2_gas: GasAmount(0) }.
[2026-09-14 17:06:43:535] INFO Block hash 0x16202e34f6f2ef4fb6994a70b2fb428ba186b1250ee586e9229012f89b801dd computed for #2435
{"timestamp":"2026-09-14T17:06:43.552203899Z","level":"INFO","target":"close_block","message":"close_block_complete","block_number":2435,"tx_count":0,"event_count":0,"close_block_total_ms":19.856734,"block_close_ms":19.856734,"close_preconfirmed_ms":19.85003,"block_production_ms":19.862461,"batches_executed":0,"txs_added_to_block":0,"txs_executed":0,"txs_reverted":0,"txs_rejected":0,"classes_declared":0,"l2_gas_consumed":0,"state_diff_len":1,"declared_classes":0,"deployed_contracts":0,"storage_diffs":1,"nonce_updates":0,"consumed_l1_nonces":0,"bouncer_l1_gas":0,"bouncer_sierra_gas":0,"bouncer_n_events":0,"bouncer_message_segment_length":0,"bouncer_state_diff_size":0,"get_full_block_ms":0.002863,"commitments_ms":0.10420399999999999,"merklization_ms":9.270108,"contract_trie_ms":0.997132,"class_trie_ms":0.03527,"contract_storage_trie_commit_ms":2.983853,"contract_trie_commit_ms":2.879369,"class_trie_commit_ms":2.264342,"block_hash_ms":0.093589,"db_write_ms":6.637559}
[2026-09-14 17:06:43:552] INFO ⛏️  Closed block #2435 with 0 transactions - 19.856734ms
[2026-09-14 17:06:43:552] RPC starknet_V0_10_2_getBlockWithReceipts 200 869 bytes - 42.000µs
[2026-09-14 17:06:43:556] RPC starknet_V0_10_2_getBlockWithReceipts 200 368 bytes - 31.000µs
[2026-09-14 17:06:43:633] RPC starknet_V0_10_2_getBlockWithTxHashes 200 368 bytes - 85.000µs
[2026-09-14 17:06:44:133] RPC starknet_V0_10_2_getBlockWithTxHashes 200 368 bytes - 60.000µs
[2026-09-14 17:06:44:201] RPC starknet_V0_10_2_blockNumber 200 38 bytes - 10.000µs
[2026-09-14 17:06:44:633] RPC starknet_V0_10_2_getBlockWithTxHashes 200 368 bytes - 77.000µs
[2026-09-14 17:06:45:134] RPC starknet_V0_10_2_getBlockWithTxHashes 200 368 bytes - 100.000µs
[2026-09-14 17:06:45:531] INFO Block 2436 final weights: BouncerWeights { l1_gas: 0, message_segment_length: 0, n_events: 0, state_diff_size: 0, sierra_gas: GasAmount(0), n_txs: 0, proving_gas: GasAmount(0), receipt_l2_gas: GasAmount(0) }.
[2026-09-14 17:06:45:536] INFO Block hash 0x18232964fa3d3a0de302e810a22b79b3fa778695c71324f1a6035b4118c782d computed for #2436
{"timestamp":"2026-09-14T17:06:45.552458447Z","level":"INFO","target":"close_block","message":"close_block_complete","block_number":2436,"tx_count":0,"event_count":0,"close_block_total_ms":19.384255,"block_close_ms":19.384255,"close_preconfirmed_ms":19.377968999999997,"block_production_ms":19.389003,"batches_executed":0,"txs_added_to_block":0,"txs_executed":0,"txs_reverted":0,"txs_rejected":0,"classes_declared":0,"l2_gas_consumed":0,"state_diff_len":1,"declared_classes":0,"deployed_contracts":0,"storage_diffs":1,"nonce_updates":0,"consumed_l1_nonces":0,"bouncer_l1_gas":0,"bouncer_sierra_gas":0,"bouncer_n_events":0,"bouncer_message_segment_length":0,"bouncer_state_diff_size":0,"get_full_block_ms":0.003352,"commitments_ms":0.10867399999999999,"merklization_ms":8.678407,"contract_trie_ms":0.807232,"class_trie_ms":0.021861,"contract_storage_trie_commit_ms":2.689051,"contract_trie_commit_ms":2.843192,"class_trie_commit_ms":2.196038,"block_hash_ms":0.10692800000000001,"db_write_ms":6.666194}
[2026-09-14 17:06:45:552] INFO ⛏️  Closed block #2436 with 0 transactions - 19.384255ms
[2026-09-14 17:06:45:552] RPC starknet_V0_10_2_getBlockWithReceipts 200 871 bytes - 50.000µs
[2026-09-14 17:06:45:557] RPC starknet_V0_10_2_getBlockWithReceipts 200 368 bytes - 39.000µs
[2026-09-14 17:06:45:634] RPC starknet_V0_10_2_getBlockWithTxHashes 200 368 bytes - 57.000µs
[2026-09-14 17:06:46:134] RPC starknet_V0_10_2_getBlockWithTxHashes 200 368 bytes - 101.000µs
[2026-09-14 17:06:46:240] RPC starknet_V0_10_2_blockNumber 200 38 bytes - 10.000µs
[2026-09-14 17:06:46:634] RPC starknet_V0_10_2_getBlockWithTxHashes 200 368 bytes - 100.000µs
[2026-09-14 17:06:47:136] RPC starknet_V0_10_2_getBlockWithTxHashes 200 368 bytes - 66.000µs
[2026-09-14 17:06:47:532] INFO Block 2437 final weights: BouncerWeights { l1_gas: 0, message_segment_length: 0, n_events: 0, state_diff_size: 0, sierra_gas: GasAmount(0), n_txs: 0, proving_gas: GasAmount(0), receipt_l2_gas: GasAmount(0) }.
[2026-09-14 17:06:47:538] INFO Block hash 0x8d24f7a95dd6271e917d6b99e6f753f49f7892ba6ff1a93bce938cdf10bca8 computed for #2437
{"timestamp":"2026-09-14T17:06:47.555187491Z","level":"INFO","target":"close_block","message":"close_block_complete","block_number":2437,"tx_count":0,"event_count":0,"close_block_total_ms":20.461634999999998,"block_close_ms":20.461634999999998,"close_preconfirmed_ms":20.45493,"block_production_ms":20.467361999999998,"batches_executed":0,"txs_added_to_block":0,"txs_executed":0,"txs_reverted":0,"txs_rejected":0,"classes_declared":0,"l2_gas_consumed":0,"state_diff_len":1,"declared_classes":0,"deployed_contracts":0,"storage_diffs":1,"nonce_updates":0,"consumed_l1_nonces":0,"bouncer_l1_gas":0,"bouncer_sierra_gas":0,"bouncer_n_events":0,"bouncer_message_segment_length":0,"bouncer_state_diff_size":0,"get_full_block_ms":0.0038410000000000002,"commitments_ms":0.127252,"merklization_ms":9.309987000000001,"contract_trie_ms":0.9535509999999999,"class_trie_ms":0.04449,"contract_storage_trie_commit_ms":3.138203,"contract_trie_commit_ms":2.790601,"class_trie_commit_ms":2.2723050000000002,"block_hash_ms":0.11,"db_write_ms":6.976432}
[2026-09-14 17:06:47:555] INFO ⛏️  Closed block #2437 with 0 transactions - 20.461635ms
[2026-09-14 17:06:47:555] RPC starknet_V0_10_2_getBlockWithReceipts 200 869 bytes - 70.000µs
[2026-09-14 17:06:47:560] RPC starknet_V0_10_2_getBlockWithReceipts 200 368 bytes - 40.000µs
[2026-09-14 17:06:47:636] RPC starknet_V0_10_2_getBlockWithTxHashes 200 368 bytes - 95.000µs
[2026-09-14 17:06:48:136] RPC starknet_V0_10_2_getBlockWithTxHashes 200 368 bytes - 67.000µs
[2026-09-14 17:06:48:275] RPC starknet_V0_10_2_blockNumber 200 38 bytes - 10.000µs
[2026-09-14 17:06:48:636] RPC starknet_V0_10_2_getBlockWithTxHashes 200 368 bytes - 62.000µs
[2026-09-14 17:06:49:137] RPC starknet_V0_10_2_getBlockWithTxHashes 200 368 bytes - 78.000µs
[2026-09-14 17:06:49:534] INFO Block 2438 final weights: BouncerWeights { l1_gas: 0, message_segment_length: 0, n_events: 0, state_diff_size: 0, sierra_gas: GasAmount(0), n_txs: 0, proving_gas: GasAmount(0), receipt_l2_gas: GasAmount(0) }.
[2026-09-14 17:06:49:539] INFO Block hash 0x257face0f4cf28267e8d6f397fd5ed458cde1cffa8fd8fa7586947c7be0d9f4 computed for #2438
{"timestamp":"2026-09-14T17:06:49.556798438Z","level":"INFO","target":"close_block","message":"close_block_complete","block_number":2438,"tx_count":0,"event_count":0,"close_block_total_ms":20.562976,"block_close_ms":20.562976,"close_preconfirmed_ms":20.555642,"block_production_ms":20.567375,"batches_executed":0,"txs_added_to_block":0,"txs_executed":0,"txs_reverted":0,"txs_rejected":0,"classes_declared":0,"l2_gas_consumed":0,"state_diff_len":1,"declared_classes":0,"deployed_contracts":0,"storage_diffs":1,"nonce_updates":0,"consumed_l1_nonces":0,"bouncer_l1_gas":0,"bouncer_sierra_gas":0,"bouncer_n_events":0,"bouncer_message_segment_length":0,"bouncer_state_diff_size":0,"get_full_block_ms":0.00426,"commitments_ms":0.121106,"merklization_ms":9.034741,"contract_trie_ms":0.913741,"class_trie_ms":0.026819,"contract_storage_trie_commit_ms":2.997891,"contract_trie_commit_ms":2.710981,"class_trie_commit_ms":2.26085,"block_hash_ms":0.09582299999999999,"db_write_ms":7.105848}
[2026-09-14 17:06:49:556] INFO ⛏️  Closed block #2438 with 0 transactions - 20.562976ms
[2026-09-14 17:06:49:557] RPC starknet_V0_10_2_getBlockWithReceipts 200 870 bytes - 96.000µs
[2026-09-14 17:06:49:561] RPC starknet_V0_10_2_getBlockWithReceipts 200 368 bytes - 37.000µs
[2026-09-14 17:06:49:637] RPC starknet_V0_10_2_getBlockWithTxHashes 200 368 bytes - 78.000µs
[2026-09-14 17:06:50:137] RPC starknet_V0_10_2_getBlockWithTxHashes 200 368 bytes - 67.000µs
[2026-09-14 17:06:50:315] RPC starknet_V0_10_2_blockNumber 200 38 bytes - 10.000µs
[2026-09-14 17:06:50:638] RPC starknet_V0_10_2_getBlockWithTxHashes 200 368 bytes - 68.000µs
[2026-09-14 17:06:51:138] RPC starknet_V0_10_2_getBlockWithTxHashes 200 368 bytes - 57.000µs
[2026-09-14 17:06:51:536] INFO Block 2439 final weights: BouncerWeights { l1_gas: 0, message_segment_length: 0, n_events: 0, state_diff_size: 0, sierra_gas: GasAmount(0), n_txs: 0, proving_gas: GasAmount(0), receipt_l2_gas: GasAmount(0) }.
[2026-09-14 17:06:51:542] INFO Block hash 0xe457eaee9dc64b5588f4c2da06be891c870cca56adaf5b84d3dc83c183c734 computed for #2439
{"timestamp":"2026-09-14T17:06:51.559285201Z","level":"INFO","target":"close_block","message":"close_block_complete","block_number":2439,"tx_count":0,"event_count":0,"close_block_total_ms":20.872025999999998,"block_close_ms":20.872025999999998,"close_preconfirmed_ms":20.86532,"block_production_ms":20.877753,"batches_executed":0,"txs_added_to_block":0,"txs_executed":0,"txs_reverted":0,"txs_rejected":0,"classes_declared":0,"l2_gas_consumed":0,"state_diff_len":1,"declared_classes":0,"deployed_contracts":0,"storage_diffs":1,"nonce_updates":0,"consumed_l1_nonces":0,"bouncer_l1_gas":0,"bouncer_sierra_gas":0,"bouncer_n_events":0,"bouncer_message_segment_length":0,"bouncer_state_diff_size":0,"get_full_block_ms":0.00426,"commitments_ms":0.164827,"merklization_ms":9.378223,"contract_trie_ms":1.0664150000000001,"class_trie_ms":0.028076999999999998,"contract_storage_trie_commit_ms":3.106007,"contract_trie_commit_ms":2.7248099999999997,"class_trie_commit_ms":2.337397,"block_hash_ms":0.09582299999999999,"db_write_ms":7.19818}
[2026-09-14 17:06:51:559] INFO ⛏️  Closed block #2439 with 0 transactions - 20.872026ms
[2026-09-14 17:06:51:559] RPC starknet_V0_10_2_getBlockWithReceipts 200 870 bytes - 58.000µs
[2026-09-14 17:06:51:564] RPC starknet_V0_10_2_getBlockWithReceipts 200 368 bytes - 40.000µs
[2026-09-14 17:06:51:638] RPC starknet_V0_10_2_getBlockWithTxHashes 200 368 bytes - 133.000µs
[2026-09-14 17:06:52:138] RPC starknet_V0_10_2_getBlockWithTxHashes 200 368 bytes - 70.000µs
[2026-09-14 17:06:52:355] RPC starknet_V0_10_2_blockNumber 200 38 bytes - 10.000µs
[2026-09-14 17:06:52:639] RPC starknet_V0_10_2_getBlockWithTxHashes 200 368 bytes - 99.000µs
[2026-09-14 17:06:53:138] RPC starknet_V0_10_2_getBlockWithTxHashes 200 368 bytes - 66.000µs
[2026-09-14 17:06:53:537] INFO Block 2440 final weights: BouncerWeights { l1_gas: 0, message_segment_length: 0, n_events: 0, state_diff_size: 0, sierra_gas: GasAmount(0), n_txs: 0, proving_gas: GasAmount(0), receipt_l2_gas: GasAmount(0) }.
[2026-09-14 17:06:53:543] INFO Block hash 0x4745d972a3a752e2aacc041b23e7c5e48b0f91c00ef90bee8bc8fef6a5f113d computed for #2440
{"timestamp":"2026-09-14T17:06:53.560991761Z","level":"INFO","target":"close_block","message":"close_block_complete","block_number":2440,"tx_count":0,"event_count":0,"close_block_total_ms":21.009125,"block_close_ms":21.009125,"close_preconfirmed_ms":21.003398,"block_production_ms":21.015411,"batches_executed":0,"txs_added_to_block":0,"txs_executed":0,"txs_reverted":0,"txs_rejected":0,"classes_declared":0,"l2_gas_consumed":0,"state_diff_len":1,"declared_classes":0,"deployed_contracts":0,"storage_diffs":1,"nonce_updates":0,"consumed_l1_nonces":0,"bouncer_l1_gas":0,"bouncer_sierra_gas":0,"bouncer_n_events":0,"bouncer_message_segment_length":0,"bouncer_state_diff_size":0,"get_full_block_ms":0.0038410000000000002,"commitments_ms":0.131791,"merklization_ms":9.369004,"contract_trie_ms":0.956205,"class_trie_ms":0.024445,"contract_storage_trie_commit_ms":3.142255,"contract_trie_commit_ms":2.7157299999999998,"class_trie_commit_ms":2.4145730000000003,"block_hash_ms":0.095125,"db_write_ms":7.12736}
[2026-09-14 17:06:53:561] INFO ⛏️  Closed block #2440 with 0 transactions - 21.009125ms
[2026-09-14 17:06:53:561] RPC starknet_V0_10_2_getBlockWithReceipts 200 870 bytes - 62.000µs
[2026-09-14 17:06:53:565] RPC starknet_V0_10_2_getBlockWithReceipts 200 368 bytes - 31.000µs
[2026-09-14 17:06:53:639] RPC starknet_V0_10_2_getBlockWithTxHashes 200 368 bytes - 124.000µs
[2026-09-14 17:06:54:139] RPC starknet_V0_10_2_getBlockWithTxHashes 200 368 bytes - 64.000µs
[2026-09-14 17:06:54:395] RPC starknet_V0_10_2_blockNumber 200 38 bytes - 10.000µs
[2026-09-14 17:06:54:640] RPC starknet_V0_10_2_getBlockWithTxHashes 200 368 bytes - 158.000µs
[2026-09-14 17:06:55:140] RPC starknet_V0_10_2_getBlockWithTxHashes 200 368 bytes - 65.000µs
[2026-09-14 17:06:55:539] INFO Block 2441 final weights: BouncerWeights { l1_gas: 0, message_segment_length: 0, n_events: 0, state_diff_size: 0, sierra_gas: GasAmount(0), n_txs: 0, proving_gas: GasAmount(0), receipt_l2_gas: GasAmount(0) }.
[2026-09-14 17:06:55:545] INFO Block hash 0x401f639f150be7c4a1a2eea809a9fff9a81a177800f48515461e6e70fdcc156 computed for #2441
{"timestamp":"2026-09-14T17:06:55.562345969Z","level":"INFO","target":"close_block","message":"close_block_complete","block_number":2441,"tx_count":0,"event_count":0,"close_block_total_ms":20.884107999999998,"block_close_ms":20.884107999999998,"close_preconfirmed_ms":20.86965,"block_production_ms":20.89207,"batches_executed":0,"txs_added_to_block":0,"txs_executed":0,"txs_reverted":0,"txs_rejected":0,"classes_declared":0,"l2_gas_consumed":0,"state_diff_len":1,"declared_classes":0,"deployed_contracts":0,"storage_diffs":1,"nonce_updates":0,"consumed_l1_nonces":0,"bouncer_l1_gas":0,"bouncer_sierra_gas":0,"bouncer_n_events":0,"bouncer_message_segment_length":0,"bouncer_state_diff_size":0,"get_full_block_ms":0.00433,"commitments_ms":0.122573,"merklization_ms":9.284076,"contract_trie_ms":0.981837,"class_trie_ms":0.042883000000000004,"contract_storage_trie_commit_ms":3.039937,"contract_trie_commit_ms":2.756797,"class_trie_commit_ms":2.350806,"block_hash_ms":0.106788,"db_write_ms":7.007162}
[2026-09-14 17:06:55:562] INFO ⛏️  Closed block #2441 with 0 transactions - 20.884108ms
[2026-09-14 17:06:55:562] RPC starknet_V0_10_2_getBlockWithReceipts 200 871 bytes - 65.000µs
[2026-09-14 17:06:55:567] RPC starknet_V0_10_2_getBlockWithReceipts 200 368 bytes - 51.000µs
[2026-09-14 17:06:55:640] RPC starknet_V0_10_2_getBlockWithTxHashes 200 368 bytes - 64.000µs
[2026-09-14 17:06:56:141] RPC starknet_V0_10_2_getBlockWithTxHashes 200 368 bytes - 91.000µs
[2026-09-14 17:06:56:434] RPC starknet_V0_10_2_blockNumber 200 38 bytes - 10.000µs
[2026-09-14 17:06:56:641] RPC starknet_V0_10_2_getBlockWithTxHashes 200 368 bytes - 164.000µs
[2026-09-14 17:06:57:141] RPC starknet_V0_10_2_getBlockWithTxHashes 200 368 bytes - 122.000µs
[2026-09-14 17:06:57:541] INFO Block 2442 final weights: BouncerWeights { l1_gas: 0, message_segment_length: 0, n_events: 0, state_diff_size: 0, sierra_gas: GasAmount(0), n_txs: 0, proving_gas: GasAmount(0), receipt_l2_gas: GasAmount(0) }.
[2026-09-14 17:06:57:547] INFO Block hash 0x5eb0d26a9a9defdac3f4f77b335c77fc2d7afa3cfd2b43ba441a6c8eb911295 computed for #2442
{"timestamp":"2026-09-14T17:06:57.564198499Z","level":"INFO","target":"close_block","message":"close_block_complete","block_number":2442,"tx_count":0,"event_count":0,"close_block_total_ms":21.050053,"block_close_ms":21.050053,"close_preconfirmed_ms":21.043767000000003,"block_production_ms":21.05529,"batches_executed":0,"txs_added_to_block":0,"txs_executed":0,"txs_reverted":0,"txs_rejected":0,"classes_declared":0,"l2_gas_consumed":0,"state_diff_len":1,"declared_classes":0,"deployed_contracts":0,"storage_diffs":1,"nonce_updates":0,"consumed_l1_nonces":0,"bouncer_l1_gas":0,"bouncer_sierra_gas":0,"bouncer_n_events":0,"bouncer_message_segment_length":0,"bouncer_state_diff_size":0,"get_full_block_ms":0.003772,"commitments_ms":0.107067,"merklization_ms":9.419709,"contract_trie_ms":0.920446,"class_trie_ms":0.031917,"contract_storage_trie_commit_ms":3.116483,"contract_trie_commit_ms":2.80457,"class_trie_commit_ms":2.400883,"block_hash_ms":0.120477,"db_write_ms":7.09223}
[2026-09-14 17:06:57:564] INFO ⛏️  Closed block #2442 with 0 transactions - 21.050053ms
[2026-09-14 17:06:57:564] RPC starknet_V0_10_2_getBlockWithReceipts 200 871 bytes - 52.000µs
[2026-09-14 17:06:57:569] RPC starknet_V0_10_2_getBlockWithReceipts 200 368 bytes - 49.000µs
[2026-09-14 17:06:57:641] RPC starknet_V0_10_2_getBlockWithTxHashes 200 368 bytes - 91.000µs
[2026-09-14 17:06:58:141] RPC starknet_V0_10_2_getBlockWithTxHashes 200 368 bytes - 73.000µs
[2026-09-14 17:06:58:475] RPC starknet_V0_10_2_blockNumber 200 38 bytes - 9.000µs
[2026-09-14 17:06:58:642] RPC starknet_V0_10_2_getBlockWithTxHashes 200 368 bytes - 71.000µs
[2026-09-14 17:06:59:142] RPC starknet_V0_10_2_getBlockWithTxHashes 200 368 bytes - 66.000µs
[2026-09-14 17:06:59:542] INFO Block 2443 final weights: BouncerWeights { l1_gas: 0, message_segment_length: 0, n_events: 0, state_diff_size: 0, sierra_gas: GasAmount(0), n_txs: 0, proving_gas: GasAmount(0), receipt_l2_gas: GasAmount(0) }.
[2026-09-14 17:06:59:548] INFO Block hash 0x272a5b6b8fce03ba98467c6cc2a3f48a2026266c4322669d68244dd0bb7bd49 computed for #2443
{"timestamp":"2026-09-14T17:06:59.565487125Z","level":"INFO","target":"close_block","message":"close_block_complete","block_number":2443,"tx_count":0,"event_count":0,"close_block_total_ms":20.493343,"block_close_ms":20.493343,"close_preconfirmed_ms":20.486150000000002,"block_production_ms":20.499629,"batches_executed":0,"txs_added_to_block":0,"txs_executed":0,"txs_reverted":0,"txs_rejected":0,"classes_declared":0,"l2_gas_consumed":0,"state_diff_len":1,"declared_classes":0,"deployed_contracts":0,"storage_diffs":1,"nonce_updates":0,"consumed_l1_nonces":0,"bouncer_l1_gas":0,"bouncer_sierra_gas":0,"bouncer_n_events":0,"bouncer_message_segment_length":0,"bouncer_state_diff_size":0,"get_full_block_ms":0.004189999999999999,"commitments_ms":0.122013,"merklization_ms":8.865514,"contract_trie_ms":0.7798539999999999,"class_trie_ms":0.027867,"contract_storage_trie_commit_ms":2.784454,"contract_trie_commit_ms":2.856601,"class_trie_commit_ms":2.3038030000000003,"block_hash_ms":0.09561299999999999,"db_write_ms":7.087131}
[2026-09-14 17:06:59:565] INFO ⛏️  Closed block #2443 with 0 transactions - 20.493343ms
[2026-09-14 17:06:59:565] RPC starknet_V0_10_2_getBlockWithReceipts 200 871 bytes - 80.000µs
[2026-09-14 17:06:59:570] RPC starknet_V0_10_2_getBlockWithReceipts 200 368 bytes - 35.000µs
[2026-09-14 17:06:59:643] RPC starknet_V0_10_2_getBlockWithTxHashes 200 368 bytes - 170.000µs
[2026-09-14 17:07:00:142] RPC starknet_V0_10_2_getBlockWithTxHashes 200 368 bytes - 65.000µs
[2026-09-14 17:07:00:514] RPC starknet_V0_10_2_blockNumber 200 38 bytes - 10.000µs
[2026-09-14 17:07:00:643] RPC starknet_V0_10_2_getBlockWithTxHashes 200 368 bytes - 67.000µs
[2026-09-14 17:07:01:143] RPC starknet_V0_10_2_getBlockWithTxHashes 200 368 bytes - 66.000µs
[2026-09-14 17:07:01:544] INFO Block 2444 final weights: BouncerWeights { l1_gas: 0, message_segment_length: 0, n_events: 0, state_diff_size: 0, sierra_gas: GasAmount(0), n_txs: 0, proving_gas: GasAmount(0), receipt_l2_gas: GasAmount(0) }.
[2026-09-14 17:07:01:549] INFO Block hash 0x37f194cd82b436e824a3bfe84aa801e6d6741330853a1b962dfd25d55347c78 computed for #2444
{"timestamp":"2026-09-14T17:07:01.565917605Z","level":"INFO","target":"close_block","message":"close_block_complete","block_number":2444,"tx_count":0,"event_count":0,"close_block_total_ms":19.723058,"block_close_ms":19.723058,"close_preconfirmed_ms":19.718238,"block_production_ms":19.729901,"batches_executed":0,"txs_added_to_block":0,"txs_executed":0,"txs_reverted":0,"txs_rejected":0,"classes_declared":0,"l2_gas_consumed":0,"state_diff_len":1,"declared_classes":0,"deployed_contracts":0,"storage_diffs":1,"nonce_updates":0,"consumed_l1_nonces":0,"bouncer_l1_gas":0,"bouncer_sierra_gas":0,"bouncer_n_events":0,"bouncer_message_segment_length":0,"bouncer_state_diff_size":0,"get_full_block_ms":0.003352,"commitments_ms":0.107626,"merklization_ms":8.492348999999999,"contract_trie_ms":0.787677,"class_trie_ms":0.033384,"contract_storage_trie_commit_ms":2.619837,"contract_trie_commit_ms":2.6741740000000003,"class_trie_commit_ms":2.269511,"block_hash_ms":0.095404,"db_write_ms":6.882914}
[2026-09-14 17:07:01:565] INFO ⛏️  Closed block #2444 with 0 transactions - 19.723058ms
[2026-09-14 17:07:01:566] RPC starknet_V0_10_2_getBlockWithReceipts 200 870 bytes - 67.000µs
[2026-09-14 17:07:01:570] RPC starknet_V0_10_2_getBlockWithReceipts 200 368 bytes - 40.000µs
[2026-09-14 17:07:01:644] RPC starknet_V0_10_2_getBlockWithTxHashes 200 368 bytes - 127.000µs
[2026-09-14 17:07:02:145] RPC starknet_V0_10_2_getBlockWithTxHashes 200 368 bytes - 67.000µs
[2026-09-14 17:07:02:549] RPC starknet_V0_10_2_blockNumber 200 38 bytes - 10.000µs
[2026-09-14 17:07:02:645] RPC starknet_V0_10_2_getBlockWithTxHashes 200 368 bytes - 66.000µs
[2026-09-14 17:07:03:146] RPC starknet_V0_10_2_getBlockWithTxHashes 200 368 bytes - 92.000µs
[2026-09-14 17:07:03:545] INFO Block 2445 final weights: BouncerWeights { l1_gas: 0, message_segment_length: 0, n_events: 0, state_diff_size: 0, sierra_gas: GasAmount(0), n_txs: 0, proving_gas: GasAmount(0), receipt_l2_gas: GasAmount(0) }.
[2026-09-14 17:07:03:550] INFO Block hash 0x76606136bb1a25e4895d3d1ff83e3c83f01dc84cdc5ec00cd2e35dc24aea13a computed for #2445
{"timestamp":"2026-09-14T17:07:03.566149245Z","level":"INFO","target":"close_block","message":"close_block_complete","block_number":2445,"tx_count":0,"event_count":0,"close_block_total_ms":18.61788,"block_close_ms":18.61788,"close_preconfirmed_ms":18.611175,"block_production_ms":18.623119,"batches_executed":0,"txs_added_to_block":0,"txs_executed":0,"txs_reverted":0,"txs_rejected":0,"classes_declared":0,"l2_gas_consumed":0,"state_diff_len":1,"declared_classes":0,"deployed_contracts":0,"storage_diffs":1,"nonce_updates":0,"consumed_l1_nonces":0,"bouncer_l1_gas":0,"bouncer_sierra_gas":0,"bouncer_n_events":0,"bouncer_message_segment_length":0,"bouncer_state_diff_size":0,"get_full_block_ms":0.002794,"commitments_ms":0.088629,"merklization_ms":8.367542,"contract_trie_ms":0.724679,"class_trie_ms":0.021092,"contract_storage_trie_commit_ms":2.750092,"contract_trie_commit_ms":2.57011,"class_trie_commit_ms":2.167681,"block_hash_ms":0.10169,"db_write_ms":6.500948999999999}
[2026-09-14 17:07:03:566] INFO ⛏️  Closed block #2445 with 0 transactions - 18.61788ms
[2026-09-14 17:07:03:566] RPC starknet_V0_10_2_getBlockWithReceipts 200 871 bytes - 46.000µs
[2026-09-14 17:07:03:569] RPC starknet_V0_10_2_getBlockWithReceipts 200 368 bytes - 24.000µs
[2026-09-14 17:07:03:646] RPC starknet_V0_10_2_getBlockWithTxHashes 200 368 bytes - 116.000µs
[2026-09-14 17:07:04:148] RPC starknet_V0_10_2_getBlockWithTxHashes 200 368 bytes - 103.000µs
[2026-09-14 17:07:04:585] RPC starknet_V0_10_2_blockNumber 200 38 bytes - 9.000µs
[2026-09-14 17:07:04:648] RPC starknet_V0_10_2_getBlockWithTxHashes 200 368 bytes - 74.000µs
[2026-09-14 17:07:05:150] RPC starknet_V0_10_2_getBlockWithTxHashes 200 368 bytes - 93.000µs
[2026-09-14 17:07:05:547] INFO Block 2446 final weights: BouncerWeights { l1_gas: 0, message_segment_length: 0, n_events: 0, state_diff_size: 0, sierra_gas: GasAmount(0), n_txs: 0, proving_gas: GasAmount(0), receipt_l2_gas: GasAmount(0) }.
[2026-09-14 17:07:05:553] INFO Block hash 0x78ca587174d26034fb0006135299d9f6f14f1b0a6a68b903790ba04a0fede0 computed for #2446
{"timestamp":"2026-09-14T17:07:05.569217861Z","level":"INFO","target":"close_block","message":"close_block_complete","block_number":2446,"tx_count":0,"event_count":0,"close_block_total_ms":19.600485,"block_close_ms":19.600485,"close_preconfirmed_ms":19.59385,"block_production_ms":19.605793,"batches_executed":0,"txs_added_to_block":0,"txs_executed":0,"txs_reverted":0,"txs_rejected":0,"classes_declared":0,"l2_gas_consumed":0,"state_diff_len":1,"declared_classes":0,"deployed_contracts":0,"storage_diffs":1,"nonce_updates":0,"consumed_l1_nonces":0,"bouncer_l1_gas":0,"bouncer_sierra_gas":0,"bouncer_n_events":0,"bouncer_message_segment_length":0,"bouncer_state_diff_size":0,"get_full_block_ms":0.0038410000000000002,"commitments_ms":0.134655,"merklization_ms":8.545149,"contract_trie_ms":0.779435,"class_trie_ms":0.028914000000000002,"contract_storage_trie_commit_ms":2.664396,"contract_trie_commit_ms":2.644212,"class_trie_commit_ms":2.28767,"block_hash_ms":0.09722,"db_write_ms":6.7837380000000005}
[2026-09-14 17:07:05:569] INFO ⛏️  Closed block #2446 with 0 transactions - 19.600485ms
[2026-09-14 17:07:05:569] RPC starknet_V0_10_2_getBlockWithReceipts 200 870 bytes - 56.000µs
[2026-09-14 17:07:05:573] RPC starknet_V0_10_2_getBlockWithReceipts 200 368 bytes - 35.000µs
[2026-09-14 17:07:05:650] RPC starknet_V0_10_2_getBlockWithTxHashes 200 368 bytes - 76.000µs
[2026-09-14 17:07:06:153] RPC starknet_V0_10_2_getBlockWithTxHashes 200 368 bytes - 92.000µs
[2026-09-14 17:07:06:625] RPC starknet_V0_10_2_blockNumber 200 38 bytes - 10.000µs
[2026-09-14 17:07:06:652] RPC starknet_V0_10_2_getBlockWithTxHashes 200 368 bytes - 58.000µs
[2026-09-14 17:07:07:153] RPC starknet_V0_10_2_getBlockWithTxHashes 200 368 bytes - 93.000µs
[2026-09-14 17:07:07:548] INFO Block 2447 final weights: BouncerWeights { l1_gas: 0, message_segment_length: 0, n_events: 0, state_diff_size: 0, sierra_gas: GasAmount(0), n_txs: 0, proving_gas: GasAmount(0), receipt_l2_gas: GasAmount(0) }.
[2026-09-14 17:07:07:554] INFO Block hash 0x39e468ff246e3145e64baa5cf9fabadb28533d9f156f3cecf23db04b89a6146 computed for #2447
{"timestamp":"2026-09-14T17:07:07.571227534Z","level":"INFO","target":"close_block","message":"close_block_complete","block_number":2447,"tx_count":0,"event_count":0,"close_block_total_ms":20.696163,"block_close_ms":20.696163,"close_preconfirmed_ms":20.689529,"block_production_ms":20.700983,"batches_executed":0,"txs_added_to_block":0,"txs_executed":0,"txs_reverted":0,"txs_rejected":0,"classes_declared":0,"l2_gas_consumed":0,"state_diff_len":1,"declared_classes":0,"deployed_contracts":0,"storage_diffs":1,"nonce_updates":0,"consumed_l1_nonces":0,"bouncer_l1_gas":0,"bouncer_sierra_gas":0,"bouncer_n_events":0,"bouncer_message_segment_length":0,"bouncer_state_diff_size":0,"get_full_block_ms":0.003772,"commitments_ms":0.09205100000000001,"merklization_ms":9.062887,"contract_trie_ms":1.03359,"class_trie_ms":0.031010000000000003,"contract_storage_trie_commit_ms":2.934056,"contract_trie_commit_ms":2.59204,"class_trie_commit_ms":2.3211239999999997,"block_hash_ms":0.12543600000000002,"db_write_ms":6.987118}
[2026-09-14 17:07:07:571] INFO ⛏️  Closed block #2447 with 0 transactions - 20.696163ms
[2026-09-14 17:07:07:571] RPC starknet_V0_10_2_getBlockWithReceipts 200 870 bytes - 62.000µs
[2026-09-14 17:07:07:576] RPC starknet_V0_10_2_getBlockWithReceipts 200 368 bytes - 34.000µs
[2026-09-14 17:07:07:653] RPC starknet_V0_10_2_getBlockWithTxHashes 200 368 bytes - 55.000µs
[2026-09-14 17:07:08:156] RPC starknet_V0_10_2_getBlockWithTxHashes 200 368 bytes - 128.000µs
[2026-09-14 17:07:08:655] RPC starknet_V0_10_2_getBlockWithTxHashes 200 368 bytes - 56.000µs
[2026-09-14 17:07:08:663] RPC starknet_V0_10_2_blockNumber 200 38 bytes - 10.000µs
[2026-09-14 17:07:09:157] RPC starknet_V0_10_2_getBlockWithTxHashes 200 368 bytes - 111.000µs
[2026-09-14 17:07:09:549] INFO Block 2448 final weights: BouncerWeights { l1_gas: 0, message_segment_length: 0, n_events: 0, state_diff_size: 0, sierra_gas: GasAmount(0), n_txs: 0, proving_gas: GasAmount(0), receipt_l2_gas: GasAmount(0) }.
[2026-09-14 17:07:09:554] INFO Block hash 0x1d803ddcdf7df76384fc15a395b740c4f17cb472f2e79cda0d54bb5c263353c computed for #2448
{"timestamp":"2026-09-14T17:07:09.571163604Z","level":"INFO","target":"close_block","message":"close_block_complete","block_number":2448,"tx_count":0,"event_count":0,"close_block_total_ms":20.097968,"block_close_ms":20.097968,"close_preconfirmed_ms":20.092311000000002,"block_production_ms":20.104114,"batches_executed":0,"txs_added_to_block":0,"txs_executed":0,"txs_reverted":0,"txs_rejected":0,"classes_declared":0,"l2_gas_consumed":0,"state_diff_len":1,"declared_classes":0,"deployed_contracts":0,"storage_diffs":1,"nonce_updates":0,"consumed_l1_nonces":0,"bouncer_l1_gas":0,"bouncer_sierra_gas":0,"bouncer_n_events":0,"bouncer_message_segment_length":0,"bouncer_state_diff_size":0,"get_full_block_ms":0.008032000000000001,"commitments_ms":0.151766,"merklization_ms":9.091382,"contract_trie_ms":0.901938,"class_trie_ms":0.031499,"contract_storage_trie_commit_ms":2.977567,"contract_trie_commit_ms":2.717476,"class_trie_commit_ms":2.3122540000000003,"block_hash_ms":0.125506,"db_write_ms":6.843662999999999}
[2026-09-14 17:07:09:571] INFO ⛏️  Closed block #2448 with 0 transactions - 20.097968ms
[2026-09-14 17:07:09:571] RPC starknet_V0_10_2_getBlockWithReceipts 200 870 bytes - 76.000µs
[2026-09-14 17:07:09:575] RPC starknet_V0_10_2_getBlockWithReceipts 200 368 bytes - 35.000µs
[2026-09-14 17:07:09:657] RPC starknet_V0_10_2_getBlockWithTxHashes 200 368 bytes - 65.000µs
[2026-09-14 17:07:10:159] RPC starknet_V0_10_2_getBlockWithTxHashes 200 368 bytes - 85.000µs
[2026-09-14 17:07:10:659] RPC starknet_V0_10_2_getBlockWithTxHashes 200 368 bytes - 67.000µs
[2026-09-14 17:07:10:703] RPC starknet_V0_10_2_blockNumber 200 38 bytes - 10.000µs
[2026-09-14 17:07:11:159] RPC starknet_V0_10_2_getBlockWithTxHashes 200 368 bytes - 65.000µs
[2026-09-14 17:07:11:550] INFO Block 2449 final weights: BouncerWeights { l1_gas: 0, message_segment_length: 0, n_events: 0, state_diff_size: 0, sierra_gas: GasAmount(0), n_txs: 0, proving_gas: GasAmount(0), receipt_l2_gas: GasAmount(0) }.
[2026-09-14 17:07:11:556] INFO Block hash 0x521fa8ce30d197488dde3fd62890f895db2f8f021c27bd9647db11040ca89e7 computed for #2449
{"timestamp":"2026-09-14T17:07:11.572782093Z","level":"INFO","target":"close_block","message":"close_block_complete","block_number":2449,"tx_count":0,"event_count":0,"close_block_total_ms":20.263494,"block_close_ms":20.263494,"close_preconfirmed_ms":20.255950000000002,"block_production_ms":20.268243,"batches_executed":0,"txs_added_to_block":0,"txs_executed":0,"txs_reverted":0,"txs_rejected":0,"classes_declared":0,"l2_gas_consumed":0,"state_diff_len":1,"declared_classes":0,"deployed_contracts":0,"storage_diffs":1,"nonce_updates":0,"consumed_l1_nonces":0,"bouncer_l1_gas":0,"bouncer_sierra_gas":0,"bouncer_n_events":0,"bouncer_message_segment_length":0,"bouncer_state_diff_size":0,"get_full_block_ms":0.003771,"commitments_ms":0.148134,"merklization_ms":9.310337,"contract_trie_ms":0.915277,"class_trie_ms":0.031918,"contract_storage_trie_commit_ms":3.168934,"contract_trie_commit_ms":2.81763,"class_trie_commit_ms":2.264831,"block_hash_ms":0.095753,"db_write_ms":6.638886}
[2026-09-14 17:07:11:572] INFO ⛏️  Closed block #2449 with 0 transactions - 20.263494ms
[2026-09-14 17:07:11:573] RPC starknet_V0_10_2_getBlockWithReceipts 200 871 bytes - 46.000µs
[2026-09-14 17:07:11:577] RPC starknet_V0_10_2_getBlockWithReceipts 200 368 bytes - 52.000µs
[2026-09-14 17:07:11:660] RPC starknet_V0_10_2_getBlockWithTxHashes 200 368 bytes - 111.000µs
[2026-09-14 17:07:12:162] RPC starknet_V0_10_2_getBlockWithTxHashes 200 368 bytes - 101.000µs
[2026-09-14 17:07:12:662] RPC starknet_V0_10_2_getBlockWithTxHashes 200 368 bytes - 65.000µs
[2026-09-14 17:07:12:743] RPC starknet_V0_10_2_blockNumber 200 38 bytes - 10.000µs
[2026-09-14 17:07:13:164] RPC starknet_V0_10_2_getBlockWithTxHashes 200 368 bytes - 59.000µs
[2026-09-14 17:07:13:552] INFO Block 2450 final weights: BouncerWeights { l1_gas: 0, message_segment_length: 0, n_events: 0, state_diff_size: 0, sierra_gas: GasAmount(0), n_txs: 0, proving_gas: GasAmount(0), receipt_l2_gas: GasAmount(0) }.
[2026-09-14 17:07:13:557] INFO Block hash 0x14caecdfb925ca8594513f7afacb180ae9d133f6f6049e2bf7ff09926583281 computed for #2450
{"timestamp":"2026-09-14T17:07:13.574739525Z","level":"INFO","target":"close_block","message":"close_block_complete","block_number":2450,"tx_count":0,"event_count":0,"close_block_total_ms":20.550822999999998,"block_close_ms":20.550822999999998,"close_preconfirmed_ms":20.544048,"block_production_ms":20.557947,"batches_executed":0,"txs_added_to_block":0,"txs_executed":0,"txs_reverted":0,"txs_rejected":0,"classes_declared":0,"l2_gas_consumed":0,"state_diff_len":1,"declared_classes":0,"deployed_contracts":0,"storage_diffs":1,"nonce_updates":0,"consumed_l1_nonces":0,"bouncer_l1_gas":0,"bouncer_sierra_gas":0,"bouncer_n_events":0,"bouncer_message_segment_length":0,"bouncer_state_diff_size":0,"get_full_block_ms":0.0038410000000000002,"commitments_ms":0.144643,"merklization_ms":8.920549999999999,"contract_trie_ms":0.791168,"class_trie_ms":0.032407000000000005,"contract_storage_trie_commit_ms":2.780962,"contract_trie_commit_ms":2.908982,"class_trie_commit_ms":2.293396,"block_hash_ms":0.096312,"db_write_ms":7.276333}
[2026-09-14 17:07:13:574] INFO ⛏️  Closed block #2450 with 0 transactions - 20.550823ms
[2026-09-14 17:07:13:575] RPC starknet_V0_10_2_getBlockWithReceipts 200 869 bytes - 98.000µs
[2026-09-14 17:07:13:579] RPC starknet_V0_10_2_getBlockWithReceipts 200 368 bytes - 36.000µs
[2026-09-14 17:07:13:664] RPC starknet_V0_10_2_getBlockWithTxHashes 200 368 bytes - 64.000µs
[2026-09-14 17:07:14:165] RPC starknet_V0_10_2_getBlockWithTxHashes 200 368 bytes - 54.000µs
[2026-09-14 17:07:14:666] RPC starknet_V0_10_2_getBlockWithTxHashes 200 368 bytes - 65.000µs
[2026-09-14 17:07:14:784] RPC starknet_V0_10_2_blockNumber 200 38 bytes - 10.000µs
[2026-09-14 17:07:15:166] RPC starknet_V0_10_2_getBlockWithTxHashes 200 368 bytes - 65.000µs
[2026-09-14 17:07:15:552] INFO Block 2451 final weights: BouncerWeights { l1_gas: 0, message_segment_length: 0, n_events: 0, state_diff_size: 0, sierra_gas: GasAmount(0), n_txs: 0, proving_gas: GasAmount(0), receipt_l2_gas: GasAmount(0) }.
[2026-09-14 17:07:15:558] INFO Block hash 0x6c9a1684888de7d88295e05a81a1d416587a336325f0f346c53935a08355e72 computed for #2451
{"timestamp":"2026-09-14T17:07:15.575743267Z","level":"INFO","target":"close_block","message":"close_block_complete","block_number":2451,"tx_count":0,"event_count":0,"close_block_total_ms":20.907715,"block_close_ms":20.907715,"close_preconfirmed_ms":20.901149,"block_production_ms":20.914838000000003,"batches_executed":0,"txs_added_to_block":0,"txs_executed":0,"txs_reverted":0,"txs_rejected":0,"classes_declared":0,"l2_gas_consumed":0,"state_diff_len":1,"declared_classes":0,"deployed_contracts":0,"storage_diffs":1,"nonce_updates":0,"consumed_l1_nonces":0,"bouncer_l1_gas":0,"bouncer_sierra_gas":0,"bouncer_n_events":0,"bouncer_message_segment_length":0,"bouncer_state_diff_size":0,"get_full_block_ms":0.0032830000000000003,"commitments_ms":0.092541,"merklization_ms":9.178196,"contract_trie_ms":0.920446,"class_trie_ms":0.028076,"contract_storage_trie_commit_ms":2.966742,"contract_trie_commit_ms":2.791857,"class_trie_commit_ms":2.324965,"block_hash_ms":0.118452,"db_write_ms":7.345407}
[2026-09-14 17:07:15:575] INFO ⛏️  Closed block #2451 with 0 transactions - 20.907715ms
[2026-09-14 17:07:15:576] RPC starknet_V0_10_2_getBlockWithReceipts 200 870 bytes - 62.000µs
[2026-09-14 17:07:15:581] RPC starknet_V0_10_2_getBlockWithReceipts 200 368 bytes - 39.000µs
[2026-09-14 17:07:15:666] RPC starknet_V0_10_2_getBlockWithTxHashes 200 368 bytes - 65.000µs
[2026-09-14 17:07:16:169] RPC starknet_V0_10_2_getBlockWithTxHashes 200 368 bytes - 232.000µs
[2026-09-14 17:07:16:669] RPC starknet_V0_10_2_getBlockWithTxHashes 200 368 bytes - 65.000µs
[2026-09-14 17:07:16:819] RPC starknet_V0_10_2_blockNumber 200 38 bytes - 10.000µs
[2026-09-14 17:07:17:170] RPC starknet_V0_10_2_getBlockWithTxHashes 200 368 bytes - 60.000µs
[2026-09-14 17:07:17:554] INFO Block 2452 final weights: BouncerWeights { l1_gas: 0, message_segment_length: 0, n_events: 0, state_diff_size: 0, sierra_gas: GasAmount(0), n_txs: 0, proving_gas: GasAmount(0), receipt_l2_gas: GasAmount(0) }.
[2026-09-14 17:07:17:560] INFO Block hash 0x18a31cc0de38c8fdf39e6763f1656d925da1ac5e6a30c9ec1da025f467cb285 computed for #2452
{"timestamp":"2026-09-14T17:07:17.577321527Z","level":"INFO","target":"close_block","message":"close_block_complete","block_number":2452,"tx_count":0,"event_count":0,"close_block_total_ms":20.839548999999998,"block_close_ms":20.839548999999998,"close_preconfirmed_ms":20.832984,"block_production_ms":20.845206,"batches_executed":0,"txs_added_to_block":0,"txs_executed":0,"txs_reverted":0,"txs_rejected":0,"classes_declared":0,"l2_gas_consumed":0,"state_diff_len":1,"declared_classes":0,"deployed_contracts":0,"storage_diffs":1,"nonce_updates":0,"consumed_l1_nonces":0,"bouncer_l1_gas":0,"bouncer_sierra_gas":0,"bouncer_n_events":0,"bouncer_message_segment_length":0,"bouncer_state_diff_size":0,"get_full_block_ms":0.003353,"commitments_ms":0.109722,"merklization_ms":9.146975999999999,"contract_trie_ms":0.872464,"class_trie_ms":0.029543000000000003,"contract_storage_trie_commit_ms":3.026108,"contract_trie_commit_ms":2.7727910000000002,"class_trie_commit_ms":2.329924,"block_hash_ms":0.096172,"db_write_ms":7.212358}
[2026-09-14 17:07:17:577] INFO ⛏️  Closed block #2452 with 0 transactions - 20.839549ms
[2026-09-14 17:07:17:577] RPC starknet_V0_10_2_getBlockWithReceipts 200 870 bytes - 57.000µs
[2026-09-14 17:07:17:582] RPC starknet_V0_10_2_getBlockWithReceipts 200 368 bytes - 77.000µs
[2026-09-14 17:07:17:670] RPC starknet_V0_10_2_getBlockWithTxHashes 200 368 bytes - 90.000µs
[2026-09-14 17:07:18:170] RPC starknet_V0_10_2_getBlockWithTxHashes 200 368 bytes - 65.000µs
[2026-09-14 17:07:18:671] RPC starknet_V0_10_2_getBlockWithTxHashes 200 368 bytes - 95.000µs
[2026-09-14 17:07:18:855] RPC starknet_V0_10_2_blockNumber 200 38 bytes - 10.000µs
[2026-09-14 17:07:19:171] RPC starknet_V0_10_2_getBlockWithTxHashes 200 368 bytes - 59.000µs
[2026-09-14 17:07:19:555] INFO Block 2453 final weights: BouncerWeights { l1_gas: 0, message_segment_length: 0, n_events: 0, state_diff_size: 0, sierra_gas: GasAmount(0), n_txs: 0, proving_gas: GasAmount(0), receipt_l2_gas: GasAmount(0) }.
[2026-09-14 17:07:19:561] INFO Block hash 0x77ffffa52921f2bae4c1ed6ce4c0aac89ce6845e36a9bb81a538fa356fe009c computed for #2453
{"timestamp":"2026-09-14T17:07:19.579272324Z","level":"INFO","target":"close_block","message":"close_block_complete","block_number":2453,"tx_count":0,"event_count":0,"close_block_total_ms":21.301692,"block_close_ms":21.301692,"close_preconfirmed_ms":21.296035,"block_production_ms":21.308817,"batches_executed":0,"txs_added_to_block":0,"txs_executed":0,"txs_reverted":0,"txs_rejected":0,"classes_declared":0,"l2_gas_consumed":0,"state_diff_len":1,"declared_classes":0,"deployed_contracts":0,"storage_diffs":1,"nonce_updates":0,"consumed_l1_nonces":0,"bouncer_l1_gas":0,"bouncer_sierra_gas":0,"bouncer_n_events":0,"bouncer_message_segment_length":0,"bouncer_state_diff_size":0,"get_full_block_ms":0.003911,"commitments_ms":0.093029,"merklization_ms":9.386255,"contract_trie_ms":0.8944639999999999,"class_trie_ms":0.028356,"contract_storage_trie_commit_ms":2.969745,"contract_trie_commit_ms":2.979523,"class_trie_commit_ms":2.397321,"block_hash_ms":0.094915,"db_write_ms":7.340168}
[2026-09-14 17:07:19:579] INFO ⛏️  Closed block #2453 with 0 transactions - 21.301692ms
[2026-09-14 17:07:19:579] RPC starknet_V0_10_2_getBlockWithReceipts 200 870 bytes - 72.000µs
[2026-09-14 17:07:19:584] RPC starknet_V0_10_2_getBlockWithReceipts 200 368 bytes - 61.000µs
[2026-09-14 17:07:19:672] RPC starknet_V0_10_2_getBlockWithTxHashes 200 368 bytes - 84.000µs
[2026-09-14 17:07:20:171] RPC starknet_V0_10_2_getBlockWithTxHashes 200 368 bytes - 65.000µs
[2026-09-14 17:07:20:673] RPC starknet_V0_10_2_getBlockWithTxHashes 200 368 bytes - 128.000µs
[2026-09-14 17:07:20:896] RPC starknet_V0_10_2_blockNumber 200 38 bytes - 10.000µs
[2026-09-14 17:07:21:172] RPC starknet_V0_10_2_getBlockWithTxHashes 200 368 bytes - 61.000µs
[2026-09-14 17:07:21:557] INFO Block 2454 final weights: BouncerWeights { l1_gas: 0, message_segment_length: 0, n_events: 0, state_diff_size: 0, sierra_gas: GasAmount(0), n_txs: 0, proving_gas: GasAmount(0), receipt_l2_gas: GasAmount(0) }.
[2026-09-14 17:07:21:563] INFO Block hash 0xaf4d836020d8ffaf90af7ca648945b3e04bb50bb7256a4a883d5aa18289a51 computed for #2454
{"timestamp":"2026-09-14T17:07:21.581074079Z","level":"INFO","target":"close_block","message":"close_block_complete","block_number":2454,"tx_count":0,"event_count":0,"close_block_total_ms":20.825441,"block_close_ms":20.825441,"close_preconfirmed_ms":20.819295,"block_production_ms":20.830818,"batches_executed":0,"txs_added_to_block":0,"txs_executed":0,"txs_reverted":0,"txs_rejected":0,"classes_declared":0,"l2_gas_consumed":0,"state_diff_len":1,"declared_classes":0,"deployed_contracts":0,"storage_diffs":1,"nonce_updates":0,"consumed_l1_nonces":0,"bouncer_l1_gas":0,"bouncer_sierra_gas":0,"bouncer_n_events":0,"bouncer_message_segment_length":0,"bouncer_state_diff_size":0,"get_full_block_ms":0.004189999999999999,"commitments_ms":0.121106,"merklization_ms":9.196285,"contract_trie_ms":0.86115,"class_trie_ms":0.026679,"contract_storage_trie_commit_ms":2.9041639999999997,"contract_trie_commit_ms":2.885655,"class_trie_commit_ms":2.400184,"block_hash_ms":0.09701,"db_write_ms":7.204046000000001}
[2026-09-14 17:07:21:581] INFO ⛏️  Closed block #2454 with 0 transactions - 20.825441ms
[2026-09-14 17:07:21:581] RPC starknet_V0_10_2_getBlockWithReceipts 200 870 bytes - 68.000µs
[2026-09-14 17:07:21:586] RPC starknet_V0_10_2_getBlockWithReceipts 200 368 bytes - 36.000µs
[2026-09-14 17:07:21:672] RPC starknet_V0_10_2_getBlockWithTxHashes 200 368 bytes - 57.000µs
[2026-09-14 17:07:22:173] RPC starknet_V0_10_2_getBlockWithTxHashes 200 368 bytes - 66.000µs
[2026-09-14 17:07:22:674] RPC starknet_V0_10_2_getBlockWithTxHashes 200 368 bytes - 93.000µs
[2026-09-14 17:07:22:936] RPC starknet_V0_10_2_blockNumber 200 38 bytes - 11.000µs
[2026-09-14 17:07:23:174] RPC starknet_V0_10_2_getBlockWithTxHashes 200 368 bytes - 60.000µs
[2026-09-14 17:07:23:559] INFO Block 2455 final weights: BouncerWeights { l1_gas: 0, message_segment_length: 0, n_events: 0, state_diff_size: 0, sierra_gas: GasAmount(0), n_txs: 0, proving_gas: GasAmount(0), receipt_l2_gas: GasAmount(0) }.
[2026-09-14 17:07:23:566] INFO Block hash 0x287b2469321b6caec06802ddfe26c013fdfca8d124e2b034b5ab615ae367bef computed for #2455
{"timestamp":"2026-09-14T17:07:23.587197088Z","level":"INFO","target":"close_block","message":"close_block_complete","block_number":2455,"tx_count":0,"event_count":0,"close_block_total_ms":25.801672,"block_close_ms":25.801672,"close_preconfirmed_ms":25.794618,"block_production_ms":25.808308,"batches_executed":0,"txs_added_to_block":0,"txs_executed":0,"txs_reverted":0,"txs_rejected":0,"classes_declared":0,"l2_gas_consumed":0,"state_diff_len":1,"declared_classes":0,"deployed_contracts":0,"storage_diffs":1,"nonce_updates":0,"consumed_l1_nonces":0,"bouncer_l1_gas":0,"bouncer_sierra_gas":0,"bouncer_n_events":0,"bouncer_message_segment_length":0,"bouncer_state_diff_size":0,"get_full_block_ms":0.0038410000000000002,"commitments_ms":0.123481,"merklization_ms":12.443442000000001,"contract_trie_ms":0.972059,"class_trie_ms":0.026959,"contract_storage_trie_commit_ms":4.433769,"contract_trie_commit_ms":4.127234,"class_trie_commit_ms":2.763922,"block_hash_ms":0.096941,"db_write_ms":7.586011}
[2026-09-14 17:07:23:587] INFO ⛏️  Closed block #2455 with 0 transactions - 25.801672ms
[2026-09-14 17:07:23:587] RPC starknet_V0_10_2_getBlockWithReceipts 200 870 bytes - 63.000µs
[2026-09-14 17:07:23:592] RPC starknet_V0_10_2_getBlockWithReceipts 200 368 bytes - 61.000µs
[2026-09-14 17:07:23:674] RPC starknet_V0_10_2_getBlockWithTxHashes 200 368 bytes - 91.000µs
[2026-09-14 17:07:24:174] RPC starknet_V0_10_2_getBlockWithTxHashes 200 368 bytes - 58.000µs
[2026-09-14 17:07:24:280] RPC starknet_V0_9_0_chainId 200 78 bytes - 12.000µs
[2026-09-14 17:07:24:284] RPC starknet_V0_9_0_call 200 280 bytes - 680.000µs
[2026-09-14 17:07:24:311] RPC starknet_V0_9_0_getNonce 200 39 bytes - 110.000µs
[2026-09-14 17:07:24:315] RPC starknet_V0_9_0_simulateTransactions 41 424 bytes - 3.468ms
[2026-09-14 17:07:24:318] RPC starknet_V0_9_0_simulateTransactions 200 1368 bytes - 1.887ms
[2026-09-14 17:07:24:320] RPC starknet_V0_9_0_estimateFee 41 681 bytes - 1.719ms
[2026-09-14 17:07:24:321] RPC starknet_V0_9_0_call 40 641 bytes - 630.000µs
[2026-09-14 17:07:24:324] RPC starknet_V0_10_2_call 200 280 bytes - 426.000µs
[2026-09-14 17:07:24:324] RPC starknet_V0_10_2_getBlockWithTxHashes 200 868 bytes - 37.000µs
[2026-09-14 17:07:24:326] RPC starknet_V0_10_2_call 40 645 bytes - 477.000µs
[2026-09-14 17:07:24:327] RPC starknet_V0_10_2_call 40 645 bytes - 423.000µs
[2026-09-14 17:07:24:329] RPC starknet_V0_10_2_call 200 280 bytes - 418.000µs
[2026-09-14 17:07:24:329] RPC starknet_V0_10_2_getBlockWithTxHashes 200 868 bytes - 50.000µs
[2026-09-14 17:07:24:331] RPC starknet_V0_10_2_call 200 280 bytes - 559.000µs
[2026-09-14 17:07:24:332] RPC starknet_V0_10_2_getBlockWithTxHashes 200 868 bytes - 40.000µs
{"timestamp":"2026-09-14T17:07:24.34701775Z","level":"INFO","target":"sequencer_randomness","message":"randomness_journal","action":"0x1dc36f5bb3320ef253801746987ea8cfa8aeabeac555b921396fa8f899951dd","order":3,"reservation_ms":8.106194,"sampling_ms":0.08723299999999999,"commit_ms":3.9165900000000002,"witness_ms":1.226283}
{"timestamp":"2026-09-14T17:07:24.347036188Z","level":"INFO","target":"sequencer_randomness","message":"randomness_admission_checks","action":"0x1dc36f5bb3320ef253801746987ea8cfa8aeabeac555b921396fa8f899951dd","order":3,"checks_ms":2.335791}
{"timestamp":"2026-09-14T17:07:24.347045267Z","level":"INFO","target":"sequencer_randomness","message":"randomness_admission","action":"0x1dc36f5bb3320ef253801746987ea8cfa8aeabeac555b921396fa8f899951dd","order":3,"queue_ms":0.008102,"admission_ms":16.709103}
[2026-09-14 17:07:24:347] RPC starknet_V0_10_2_call 200 59 bytes - 557.000µs
[2026-09-14 17:07:24:349] RPC starknet_V0_10_2_getNonce 200 39 bytes - 48.000µs
[2026-09-14 17:07:24:357] INFO 🔖 Inserted 1 transaction to the mempool [1/10000 transaction(s), 1 account(s), 1 ready]
[2026-09-14 17:07:24:357] RPC starknet_V0_10_2_addInvokeTransaction 200 122 bytes - 1.836ms
{"timestamp":"2026-09-14T17:07:24.35739073Z","level":"INFO","target":"sequencer_randomness","message":"randomness_submission","action":"0x1dc36f5bb3320ef253801746987ea8cfa8aeabeac555b921396fa8f899951dd","order":3,"transaction":"0x52e68d1af824ccae2095d5622a1e2c6cbde076f9eb633e766c25c7620dc9a8d","submission_ms":8.275909}
[2026-09-14 17:07:24:358] RPC starknet_V0_10_2_call 200 59 bytes - 852.000µs
[2026-09-14 17:07:24:358] RPC starknet_V0_10_2_getTransactionStatus 200 88 bytes - 18.000µs
[2026-09-14 17:07:24:370] RPC starknet_V0_10_2_call 200 59 bytes - 599.000µs
[2026-09-14 17:07:24:370] RPC starknet_V0_10_2_getTransactionStatus 200 88 bytes - 19.000µs
{"timestamp":"2026-09-14T17:07:24.373972441Z","level":"INFO","target":"sequencer_randomness","message":"randomness_submission_checks","action":"0x1dc36f5bb3320ef253801746987ea8cfa8aeabeac555b921396fa8f899951dd","order":3,"transaction":"0x52e68d1af824ccae2095d5622a1e2c6cbde076f9eb633e766c25c7620dc9a8d","checks_ms":16.568999}
{"timestamp":"2026-09-14T17:07:24.380606857Z","level":"INFO","target":"execution_measurement","message":"execution_batch_member","transaction":"0x52e68d1af824ccae2095d5622a1e2c6cbde076f9eb633e766c25c7620dc9a8d","batch_count":1,"batch_execution_ms":6.552073,"amortized_execution_ms":6.552073,"l2_gas":4409255,"reverted":false}
{"timestamp":"2026-09-14T17:07:24.381975059Z","level":"INFO","target":"execution_measurement","message":"preconfirmed_persistence","transaction":"0x52e68d1af824ccae2095d5622a1e2c6cbde076f9eb633e766c25c7620dc9a8d","block_number":2456,"batch_count":1,"event_count":1,"batch_persistence_ms":1.311071}
[2026-09-14 17:07:24:381] INFO 🧮 Executed and added 1 transaction(s) to the preconfirmed block at height 2456 - 6.552ms
[2026-09-14 17:07:24:382] RPC starknet_V0_10_2_call 200 59 bytes - 513.000µs
[2026-09-14 17:07:24:382] RPC starknet_V0_10_2_getTransactionStatus 200 100 bytes - 10.000µs
[2026-09-14 17:07:24:394] RPC starknet_V0_10_2_call 200 245 bytes - 572.000µs
{"timestamp":"2026-09-14T17:07:24.406664151Z","level":"INFO","target":"sequencer_randomness","message":"randomness_result_persistence","action":"0x1dc36f5bb3320ef253801746987ea8cfa8aeabeac555b921396fa8f899951dd","order":3,"persistence_ms":12.277008}
{"timestamp":"2026-09-14T17:07:24.408331066Z","level":"INFO","target":"sequencer_randomness","message":"randomness_admission","action":"0x1dc36f5bb3320ef253801746987ea8cfa8aeabeac555b921396fa8f899951dd","order":3,"queue_ms":75.32435799999999,"admission_ms":76.966549}
{"timestamp":"2026-09-14T17:07:24.409955518Z","level":"INFO","target":"sequencer_randomness","message":"randomness_admission","action":"0x1dc36f5bb3320ef253801746987ea8cfa8aeabeac555b921396fa8f899951dd","order":3,"queue_ms":76.926391,"admission_ms":78.524233}
{"timestamp":"2026-09-14T17:07:24.411329656Z","level":"INFO","target":"sequencer_randomness","message":"randomness_admission","action":"0x1dc36f5bb3320ef253801746987ea8cfa8aeabeac555b921396fa8f899951dd","order":3,"queue_ms":78.515083,"admission_ms":79.87022400000001}
{"timestamp":"2026-09-14T17:07:24.41271015Z","level":"INFO","target":"sequencer_randomness","message":"randomness_admission","action":"0x1dc36f5bb3320ef253801746987ea8cfa8aeabeac555b921396fa8f899951dd","order":3,"queue_ms":79.884542,"admission_ms":81.242896}
{"timestamp":"2026-09-14T17:07:24.413938598Z","level":"INFO","target":"sequencer_randomness","message":"randomness_admission","action":"0x1dc36f5bb3320ef253801746987ea8cfa8aeabeac555b921396fa8f899951dd","order":3,"queue_ms":81.233048,"admission_ms":82.442918}
{"timestamp":"2026-09-14T17:07:24.415114665Z","level":"INFO","target":"sequencer_randomness","message":"randomness_admission","action":"0x1dc36f5bb3320ef253801746987ea8cfa8aeabeac555b921396fa8f899951dd","order":3,"queue_ms":82.461217,"admission_ms":83.618426}
{"timestamp":"2026-09-14T17:07:24.416237931Z","level":"INFO","target":"sequencer_randomness","message":"randomness_admission","action":"0x1dc36f5bb3320ef253801746987ea8cfa8aeabeac555b921396fa8f899951dd","order":3,"queue_ms":83.633163,"admission_ms":84.739807}
{"timestamp":"2026-09-14T17:07:24.417478951Z","level":"INFO","target":"sequencer_randomness","message":"randomness_admission","action":"0x1dc36f5bb3320ef253801746987ea8cfa8aeabeac555b921396fa8f899951dd","order":3,"queue_ms":84.746372,"admission_ms":85.971328}
{"timestamp":"2026-09-14T17:07:24.418499131Z","level":"INFO","target":"sequencer_randomness","message":"randomness_admission","action":"0x1dc36f5bb3320ef253801746987ea8cfa8aeabeac555b921396fa8f899951dd","order":3,"queue_ms":85.968885,"admission_ms":86.968531}
{"timestamp":"2026-09-14T17:07:24.419622467Z","level":"INFO","target":"sequencer_randomness","message":"randomness_admission","action":"0x1dc36f5bb3320ef253801746987ea8cfa8aeabeac555b921396fa8f899951dd","order":3,"queue_ms":86.976283,"admission_ms":88.08467300000001}
{"timestamp":"2026-09-14T17:07:24.420652774Z","level":"INFO","target":"sequencer_randomness","message":"randomness_admission","action":"0x1dc36f5bb3320ef253801746987ea8cfa8aeabeac555b921396fa8f899951dd","order":3,"queue_ms":88.046539,"admission_ms":89.059735}
{"timestamp":"2026-09-14T17:07:24.421786446Z","level":"INFO","target":"sequencer_randomness","message":"randomness_admission","action":"0x1dc36f5bb3320ef253801746987ea8cfa8aeabeac555b921396fa8f899951dd","order":3,"queue_ms":89.06106199999999,"admission_ms":90.179928}
{"timestamp":"2026-09-14T17:07:24.422819547Z","level":"INFO","target":"sequencer_randomness","message":"randomness_admission","action":"0x1dc36f5bb3320ef253801746987ea8cfa8aeabeac555b921396fa8f899951dd","order":3,"queue_ms":90.190405,"admission_ms":91.188235}
{"timestamp":"2026-09-14T17:07:24.423804038Z","level":"INFO","target":"sequencer_randomness","message":"randomness_admission","action":"0x1dc36f5bb3320ef253801746987ea8cfa8aeabeac555b921396fa8f899951dd","order":3,"queue_ms":91.150311,"admission_ms":92.11992500000001}
{"timestamp":"2026-09-14T17:07:24.424786223Z","level":"INFO","target":"sequencer_randomness","message":"randomness_admission","action":"0x1dc36f5bb3320ef253801746987ea8cfa8aeabeac555b921396fa8f899951dd","order":3,"queue_ms":92.079905,"admission_ms":93.046796}
[2026-09-14 17:07:24:426] RPC starknet_V0_9_0_call 200 245 bytes - 509.000µs
[2026-09-14 17:07:24:427] RPC starknet_V0_9_0_call 200 280 bytes - 524.000µs
[2026-09-14 17:07:24:428] RPC starknet_V0_10_2_call 200 280 bytes - 444.000µs
{"timestamp":"2026-09-14T17:07:24.430049924Z","level":"INFO","target":"sequencer_randomness","message":"randomness_admission","action":"0x1dc36f5bb3320ef253801746987ea8cfa8aeabeac555b921396fa8f899951dd","order":3,"queue_ms":0.006076,"admission_ms":1.167127}
[2026-09-14 17:07:24:430] RPC starknet_V0_9_0_call 200 245 bytes - 370.000µs
[2026-09-14 17:07:24:674] RPC starknet_V0_10_2_getBlockWithTxHashes 200 435 bytes - 26.000µs
[2026-09-14 17:07:24:977] RPC starknet_V0_10_2_blockNumber 200 38 bytes - 10.000µs
[2026-09-14 17:07:25:176] RPC starknet_V0_10_2_getBlockWithTxHashes 200 435 bytes - 36.000µs
[2026-09-14 17:07:25:560] INFO Block 2456 final weights: BouncerWeights { l1_gas: 0, message_segment_length: 0, n_events: 1, state_diff_size: 26, sierra_gas: GasAmount(40837655), n_txs: 1, proving_gas: GasAmount(51353106), receipt_l2_gas: GasAmount(4409255) }.
[2026-09-14 17:07:25:564] INFO Block hash 0xcc060c161c7fedfcd3fdf5154299db9ef3d0b81be7055f82b4581723cb37b2 computed for #2456
{"timestamp":"2026-09-14T17:07:25.585848696Z","level":"INFO","target":"close_block","message":"close_block_complete","block_number":2456,"tx_count":1,"event_count":1,"close_block_total_ms":24.921803999999998,"block_close_ms":24.921803999999998,"close_preconfirmed_ms":24.910421,"block_production_ms":1210.415164,"batches_executed":1,"txs_added_to_block":1,"txs_executed":1,"txs_reverted":0,"txs_rejected":0,"classes_declared":0,"l2_gas_consumed":4409255,"state_diff_len":13,"declared_classes":0,"deployed_contracts":0,"storage_diffs":2,"nonce_updates":1,"consumed_l1_nonces":0,"bouncer_l1_gas":0,"bouncer_sierra_gas":40837655,"bouncer_n_events":1,"bouncer_message_segment_length":0,"bouncer_state_diff_size":26,"get_full_block_ms":0.009359,"commitments_ms":0.34627600000000003,"merklization_ms":11.159051,"contract_trie_ms":1.557124,"class_trie_ms":0.033803999999999994,"contract_storage_trie_commit_ms":4.069126,"contract_trie_commit_ms":3.0289710000000003,"class_trie_commit_ms":2.3582099999999997,"block_hash_ms":0.094915,"db_write_ms":9.736511}
[2026-09-14 17:07:25:585] INFO ⛏️  Closed block #2456 with 1 transactions - 24.921804ms
[2026-09-14 17:07:25:586] RPC starknet_V0_10_2_getBlockWithReceipts 200 3206 bytes - 108.000µs
[2026-09-14 17:07:25:591] RPC starknet_V0_10_2_getBlockWithReceipts 200 368 bytes - 47.000µs
[2026-09-14 17:07:25:676] RPC starknet_V0_10_2_getBlockWithTxHashes 200 368 bytes - 78.000µs
[2026-09-14 17:07:26:179] RPC starknet_V0_10_2_getBlockWithTxHashes 200 368 bytes - 121.000µs
[2026-09-14 17:07:26:679] RPC starknet_V0_10_2_getBlockWithTxHashes 200 368 bytes - 75.000µs
[2026-09-14 17:07:27:016] RPC starknet_V0_10_2_blockNumber 200 38 bytes - 10.000µs
[2026-09-14 17:07:27:179] RPC starknet_V0_10_2_getBlockWithTxHashes 200 368 bytes - 67.000µs
[2026-09-14 17:07:27:562] INFO Block 2457 final weights: BouncerWeights { l1_gas: 0, message_segment_length: 0, n_events: 0, state_diff_size: 0, sierra_gas: GasAmount(0), n_txs: 0, proving_gas: GasAmount(0), receipt_l2_gas: GasAmount(0) }.
[2026-09-14 17:07:27:569] INFO Block hash 0x2cd20462cb5567e334cc87bac8353c889f72e4d4a489bb67fdedfad61663364 computed for #2457
{"timestamp":"2026-09-14T17:07:27.586622002Z","level":"INFO","target":"close_block","message":"close_block_complete","block_number":2457,"tx_count":0,"event_count":0,"close_block_total_ms":21.086786999999998,"block_close_ms":21.086786999999998,"close_preconfirmed_ms":21.079104,"block_production_ms":21.096356,"batches_executed":0,"txs_added_to_block":0,"txs_executed":0,"txs_reverted":0,"txs_rejected":0,"classes_declared":0,"l2_gas_consumed":0,"state_diff_len":1,"declared_classes":0,"deployed_contracts":0,"storage_diffs":1,"nonce_updates":0,"consumed_l1_nonces":0,"bouncer_l1_gas":0,"bouncer_sierra_gas":0,"bouncer_n_events":0,"bouncer_message_segment_length":0,"bouncer_state_diff_size":0,"get_full_block_ms":0.00433,"commitments_ms":0.10483300000000001,"merklization_ms":9.322279,"contract_trie_ms":0.919887,"class_trie_ms":0.031498000000000005,"contract_storage_trie_commit_ms":3.0617259999999997,"contract_trie_commit_ms":2.828036,"class_trie_commit_ms":2.363937,"block_hash_ms":0.094915,"db_write_ms":7.184839}
[2026-09-14 17:07:27:586] INFO ⛏️  Closed block #2457 with 0 transactions - 21.086787ms
[2026-09-14 17:07:27:587] RPC starknet_V0_10_2_getBlockWithReceipts 200 870 bytes - 53.000µs
[2026-09-14 17:07:27:591] RPC starknet_V0_10_2_getBlockWithReceipts 200 368 bytes - 33.000µs
[2026-09-14 17:07:27:680] RPC starknet_V0_10_2_getBlockWithTxHashes 200 368 bytes - 66.000µs
[2026-09-14 17:07:28:182] RPC starknet_V0_10_2_getBlockWithTxHashes 200 368 bytes - 57.000µs
[2026-09-14 17:07:28:683] RPC starknet_V0_10_2_getBlockWithTxHashes 200 368 bytes - 135.000µs
[2026-09-14 17:07:29:056] RPC starknet_V0_10_2_blockNumber 200 38 bytes - 10.000µs
[2026-09-14 17:07:29:183] RPC starknet_V0_10_2_getBlockWithTxHashes 200 368 bytes - 67.000µs
[2026-09-14 17:07:29:564] INFO Block 2458 final weights: BouncerWeights { l1_gas: 0, message_segment_length: 0, n_events: 0, state_diff_size: 0, sierra_gas: GasAmount(0), n_txs: 0, proving_gas: GasAmount(0), receipt_l2_gas: GasAmount(0) }.
[2026-09-14 17:07:29:570] INFO Block hash 0x58b006b5db91ce3ccf3a50b608ebad7fcd3980c6a275fa6064c469f2a63f324 computed for #2458
{"timestamp":"2026-09-14T17:07:29.587235847Z","level":"INFO","target":"close_block","message":"close_block_complete","block_number":2458,"tx_count":0,"event_count":0,"close_block_total_ms":20.78109,"block_close_ms":20.78109,"close_preconfirmed_ms":20.772987999999998,"block_production_ms":20.787305,"batches_executed":0,"txs_added_to_block":0,"txs_executed":0,"txs_reverted":0,"txs_rejected":0,"classes_declared":0,"l2_gas_consumed":0,"state_diff_len":1,"declared_classes":0,"deployed_contracts":0,"storage_diffs":1,"nonce_updates":0,"consumed_l1_nonces":0,"bouncer_l1_gas":0,"bouncer_sierra_gas":0,"bouncer_n_events":0,"bouncer_message_segment_length":0,"bouncer_state_diff_size":0,"get_full_block_ms":0.003353,"commitments_ms":0.105461,"merklization_ms":9.147325,"contract_trie_ms":0.773987,"class_trie_ms":0.023747,"contract_storage_trie_commit_ms":2.885656,"contract_trie_commit_ms":2.9940499999999997,"class_trie_commit_ms":2.3494800000000002,"block_hash_ms":0.095473,"db_write_ms":7.060172}
[2026-09-14 17:07:29:587] INFO ⛏️  Closed block #2458 with 0 transactions - 20.78109ms
[2026-09-14 17:07:29:587] RPC starknet_V0_10_2_getBlockWithReceipts 200 871 bytes - 52.000µs
[2026-09-14 17:07:29:592] RPC starknet_V0_10_2_getBlockWithReceipts 200 368 bytes - 57.000µs
[2026-09-14 17:07:29:684] RPC starknet_V0_10_2_getBlockWithTxHashes 200 368 bytes - 64.000µs
[2026-09-14 17:07:30:185] RPC starknet_V0_10_2_getBlockWithTxHashes 200 368 bytes - 79.000µs
[2026-09-14 17:07:30:686] RPC starknet_V0_10_2_getBlockWithTxHashes 200 368 bytes - 183.000µs
[2026-09-14 17:07:31:095] RPC starknet_V0_10_2_blockNumber 200 38 bytes - 11.000µs
[2026-09-14 17:07:31:186] RPC starknet_V0_10_2_getBlockWithTxHashes 200 368 bytes - 94.000µs
[2026-09-14 17:07:31:565] INFO Block 2459 final weights: BouncerWeights { l1_gas: 0, message_segment_length: 0, n_events: 0, state_diff_size: 0, sierra_gas: GasAmount(0), n_txs: 0, proving_gas: GasAmount(0), receipt_l2_gas: GasAmount(0) }.
[2026-09-14 17:07:31:571] INFO Block hash 0x1b65b5cd98dd0e5247ef0489b9a63f89eebe96dc35017ce2f74659444244ac4 computed for #2459
{"timestamp":"2026-09-14T17:07:31.587173134Z","level":"INFO","target":"close_block","message":"close_block_complete","block_number":2459,"tx_count":0,"event_count":0,"close_block_total_ms":19.521701999999998,"block_close_ms":19.521701999999998,"close_preconfirmed_ms":19.514508,"block_production_ms":19.527498,"batches_executed":0,"txs_added_to_block":0,"txs_executed":0,"txs_reverted":0,"txs_rejected":0,"classes_declared":0,"l2_gas_consumed":0,"state_diff_len":1,"declared_classes":0,"deployed_contracts":0,"storage_diffs":1,"nonce_updates":0,"consumed_l1_nonces":0,"bouncer_l1_gas":0,"bouncer_sierra_gas":0,"bouncer_n_events":0,"bouncer_message_segment_length":0,"bouncer_state_diff_size":0,"get_full_block_ms":0.003352,"commitments_ms":0.145969,"merklization_ms":8.760751,"contract_trie_ms":0.829651,"class_trie_ms":0.032407000000000005,"contract_storage_trie_commit_ms":2.759242,"contract_trie_commit_ms":2.7287209999999997,"class_trie_commit_ms":2.2975169999999996,"block_hash_ms":0.09589199999999999,"db_write_ms":6.678486}
[2026-09-14 17:07:31:587] INFO ⛏️  Closed block #2459 with 0 transactions - 19.521702ms
[2026-09-14 17:07:31:587] RPC starknet_V0_10_2_getBlockWithReceipts 200 871 bytes - 54.000µs
[2026-09-14 17:07:31:591] RPC starknet_V0_10_2_getBlockWithReceipts 200 368 bytes - 64.000µs
[2026-09-14 17:07:31:686] RPC starknet_V0_10_2_getBlockWithTxHashes 200 368 bytes - 142.000µs
[2026-09-14 17:07:32:188] RPC starknet_V0_10_2_getBlockWithTxHashes 200 368 bytes - 60.000µs
[2026-09-14 17:07:32:689] RPC starknet_V0_10_2_getBlockWithTxHashes 200 368 bytes - 232.000µs
[2026-09-14 17:07:33:131] RPC starknet_V0_10_2_blockNumber 200 38 bytes - 10.000µs
[2026-09-14 17:07:33:189] RPC starknet_V0_10_2_getBlockWithTxHashes 200 368 bytes - 86.000µs
[2026-09-14 17:07:33:567] INFO Block 2460 final weights: BouncerWeights { l1_gas: 0, message_segment_length: 0, n_events: 0, state_diff_size: 0, sierra_gas: GasAmount(0), n_txs: 0, proving_gas: GasAmount(0), receipt_l2_gas: GasAmount(0) }.
[2026-09-14 17:07:33:572] INFO Block hash 0x47dac98c0ea499af4aaa2a07ffdbfb96b8b6e9f079c644e6a41920bc383c748 computed for #2460
{"timestamp":"2026-09-14T17:07:33.589470237Z","level":"INFO","target":"close_block","message":"close_block_complete","block_number":2460,"tx_count":0,"event_count":0,"close_block_total_ms":20.159078,"block_close_ms":20.159078,"close_preconfirmed_ms":20.152442999999998,"block_production_ms":20.164316000000003,"batches_executed":0,"txs_added_to_block":0,"txs_executed":0,"txs_reverted":0,"txs_rejected":0,"classes_declared":0,"l2_gas_consumed":0,"state_diff_len":1,"declared_classes":0,"deployed_contracts":0,"storage_diffs":1,"nonce_updates":0,"consumed_l1_nonces":0,"bouncer_l1_gas":0,"bouncer_sierra_gas":0,"bouncer_n_events":0,"bouncer_message_segment_length":0,"bouncer_state_diff_size":0,"get_full_block_ms":0.003422,"commitments_ms":0.11935899999999999,"merklization_ms":8.835621,"contract_trie_ms":0.848578,"class_trie_ms":0.031010000000000003,"contract_storage_trie_commit_ms":2.7814509999999997,"contract_trie_commit_ms":2.7201999999999997,"class_trie_commit_ms":2.3355810000000004,"block_hash_ms":0.096661,"db_write_ms":7.046971}
[2026-09-14 17:07:33:589] INFO ⛏️  Closed block #2460 with 0 transactions - 20.159078ms
[2026-09-14 17:07:33:589] RPC starknet_V0_10_2_getBlockWithReceipts 200 871 bytes - 46.000µs
[2026-09-14 17:07:33:593] RPC starknet_V0_10_2_getBlockWithReceipts 200 368 bytes - 28.000µs
[2026-09-14 17:07:33:690] RPC starknet_V0_10_2_getBlockWithTxHashes 200 368 bytes - 72.000µs
[2026-09-14 17:07:34:193] RPC starknet_V0_10_2_getBlockWithTxHashes 200 368 bytes - 101.000µs
[2026-09-14 17:07:34:692] RPC starknet_V0_10_2_getBlockWithTxHashes 200 368 bytes - 65.000µs
[2026-09-14 17:07:35:172] RPC starknet_V0_10_2_blockNumber 200 38 bytes - 10.000µs
[2026-09-14 17:07:35:192] RPC starknet_V0_10_2_getBlockWithTxHashes 200 368 bytes - 61.000µs
[2026-09-14 17:07:35:568] INFO Block 2461 final weights: BouncerWeights { l1_gas: 0, message_segment_length: 0, n_events: 0, state_diff_size: 0, sierra_gas: GasAmount(0), n_txs: 0, proving_gas: GasAmount(0), receipt_l2_gas: GasAmount(0) }.
[2026-09-14 17:07:35:574] INFO Block hash 0x3aa858f784b7c8a8cddbbc6e88e1c53dec456d7300c7889c58beaf1347ae090 computed for #2461
{"timestamp":"2026-09-14T17:07:35.591501242Z","level":"INFO","target":"close_block","message":"close_block_complete","block_number":2461,"tx_count":0,"event_count":0,"close_block_total_ms":20.460935,"block_close_ms":20.460935,"close_preconfirmed_ms":20.453252000000003,"block_production_ms":20.467081,"batches_executed":0,"txs_added_to_block":0,"txs_executed":0,"txs_reverted":0,"txs_rejected":0,"classes_declared":0,"l2_gas_consumed":0,"state_diff_len":1,"declared_classes":0,"deployed_contracts":0,"storage_diffs":1,"nonce_updates":0,"consumed_l1_nonces":0,"bouncer_l1_gas":0,"bouncer_sierra_gas":0,"bouncer_n_events":0,"bouncer_message_segment_length":0,"bouncer_state_diff_size":0,"get_full_block_ms":0.00426,"commitments_ms":0.113074,"merklization_ms":9.110728,"contract_trie_ms":0.922331,"class_trie_ms":0.028565,"contract_storage_trie_commit_ms":2.927211,"contract_trie_commit_ms":2.818119,"class_trie_commit_ms":2.2975169999999996,"block_hash_ms":0.09687,"db_write_ms":7.07016}
[2026-09-14 17:07:35:591] INFO ⛏️  Closed block #2461 with 0 transactions - 20.460935ms
[2026-09-14 17:07:35:592] RPC starknet_V0_10_2_getBlockWithReceipts 200 871 bytes - 61.000µs
[2026-09-14 17:07:35:596] RPC starknet_V0_10_2_getBlockWithReceipts 200 368 bytes - 37.000µs
[2026-09-14 17:07:35:692] RPC starknet_V0_10_2_getBlockWithTxHashes 200 368 bytes - 55.000µs
[2026-09-14 17:07:36:195] RPC starknet_V0_10_2_getBlockWithTxHashes 200 368 bytes - 77.000µs
[2026-09-14 17:07:36:695] RPC starknet_V0_10_2_getBlockWithTxHashes 200 368 bytes - 64.000µs
[2026-09-14 17:07:37:197] RPC starknet_V0_10_2_getBlockWithTxHashes 200 368 bytes - 56.000µs
[2026-09-14 17:07:37:211] RPC starknet_V0_10_2_blockNumber 200 38 bytes - 9.000µs
[2026-09-14 17:07:37:570] INFO Block 2462 final weights: BouncerWeights { l1_gas: 0, message_segment_length: 0, n_events: 0, state_diff_size: 0, sierra_gas: GasAmount(0), n_txs: 0, proving_gas: GasAmount(0), receipt_l2_gas: GasAmount(0) }.
[2026-09-14 17:07:37:575] INFO Block hash 0x2bf3b90b8b74a93f48f5eefc68ca4673323525df6322c973a487f0bc01f2cef computed for #2462
{"timestamp":"2026-09-14T17:07:37.592066128Z","level":"INFO","target":"close_block","message":"close_block_complete","block_number":2462,"tx_count":0,"event_count":0,"close_block_total_ms":19.86239,"block_close_ms":19.86239,"close_preconfirmed_ms":19.855755,"block_production_ms":19.867558,"batches_executed":0,"txs_added_to_block":0,"txs_executed":0,"txs_reverted":0,"txs_rejected":0,"classes_declared":0,"l2_gas_consumed":0,"state_diff_len":1,"declared_classes":0,"deployed_contracts":0,"storage_diffs":1,"nonce_updates":0,"consumed_l1_nonces":0,"bouncer_l1_gas":0,"bouncer_sierra_gas":0,"bouncer_n_events":0,"bouncer_message_segment_length":0,"bouncer_state_diff_size":0,"get_full_block_ms":0.003282,"commitments_ms":0.12285099999999999,"merklization_ms":8.862441,"contract_trie_ms":0.94028,"class_trie_ms":0.027518,"contract_storage_trie_commit_ms":2.8628859999999996,"contract_trie_commit_ms":2.686885,"class_trie_commit_ms":2.190729,"block_hash_ms":0.124668,"db_write_ms":6.856723000000001}
[2026-09-14 17:07:37:592] INFO ⛏️  Closed block #2462 with 0 transactions - 19.86239ms
[2026-09-14 17:07:37:592] RPC starknet_V0_10_2_getBlockWithReceipts 200 871 bytes - 63.000µs
[2026-09-14 17:07:37:596] RPC starknet_V0_10_2_getBlockWithReceipts 200 368 bytes - 39.000µs
[2026-09-14 17:07:37:697] RPC starknet_V0_10_2_getBlockWithTxHashes 200 368 bytes - 62.000µs
[2026-09-14 17:07:38:199] RPC starknet_V0_10_2_getBlockWithTxHashes 200 368 bytes - 101.000µs
[2026-09-14 17:07:38:699] RPC starknet_V0_10_2_getBlockWithTxHashes 200 368 bytes - 64.000µs
[2026-09-14 17:07:39:199] RPC starknet_V0_10_2_getBlockWithTxHashes 200 368 bytes - 68.000µs
[2026-09-14 17:07:39:251] RPC starknet_V0_10_2_blockNumber 200 38 bytes - 10.000µs
[2026-09-14 17:07:39:571] INFO Block 2463 final weights: BouncerWeights { l1_gas: 0, message_segment_length: 0, n_events: 0, state_diff_size: 0, sierra_gas: GasAmount(0), n_txs: 0, proving_gas: GasAmount(0), receipt_l2_gas: GasAmount(0) }.
[2026-09-14 17:07:39:576] INFO Block hash 0x2ac413c425c6a5d4311de2bfc9a081a1d1565e21d81812f58d009bc57e3814d computed for #2463
{"timestamp":"2026-09-14T17:07:39.592309252Z","level":"INFO","target":"close_block","message":"close_block_complete","block_number":2463,"tx_count":0,"event_count":0,"close_block_total_ms":18.631707000000002,"block_close_ms":18.631707000000002,"close_preconfirmed_ms":18.624653000000002,"block_production_ms":18.636526,"batches_executed":0,"txs_added_to_block":0,"txs_executed":0,"txs_reverted":0,"txs_rejected":0,"classes_declared":0,"l2_gas_consumed":0,"state_diff_len":1,"declared_classes":0,"deployed_contracts":0,"storage_diffs":1,"nonce_updates":0,"consumed_l1_nonces":0,"bouncer_l1_gas":0,"bouncer_sierra_gas":0,"bouncer_n_events":0,"bouncer_message_segment_length":0,"bouncer_state_diff_size":0,"get_full_block_ms":0.003422,"commitments_ms":0.089258,"merklization_ms":8.187349,"contract_trie_ms":0.655675,"class_trie_ms":0.021022,"contract_storage_trie_commit_ms":2.617323,"contract_trie_commit_ms":2.597627,"class_trie_commit_ms":2.20791,"block_hash_ms":0.070051,"db_write_ms":6.524206}
[2026-09-14 17:07:39:592] INFO ⛏️  Closed block #2463 with 0 transactions - 18.631707ms
[2026-09-14 17:07:39:592] RPC starknet_V0_10_2_getBlockWithReceipts 200 871 bytes - 48.000µs
[2026-09-14 17:07:39:596] RPC starknet_V0_10_2_getBlockWithReceipts 200 368 bytes - 28.000µs
[2026-09-14 17:07:39:700] RPC starknet_V0_10_2_getBlockWithTxHashes 200 368 bytes - 66.000µs
[2026-09-14 17:07:40:201] RPC starknet_V0_10_2_getBlockWithTxHashes 200 368 bytes - 126.000µs
[2026-09-14 17:07:40:701] RPC starknet_V0_10_2_getBlockWithTxHashes 200 368 bytes - 67.000µs
