   Compiling snforge_scarb_plugin v0.51.2
    Finished `release` profile [optimized] target(s) in 0.20s
   Compiling test(eternum_unittest) eternum v1.0.0 (/home/djizus/projects/eternum-native-world/contracts/l3/game/Scarb.toml)
warn: Unused import: `eternum::models::realm_allocation::tests::ModelStorage`
 --> /home/djizus/projects/eternum-native-world/contracts/l3/game/src/models/realm_allocation.cairo:92:23
    use dojo::model::{ModelStorage, ModelStorageTest};
                      ^^^^^^^^^^^^

warn: Usage of deprecated feature `"deprecated-starknet-consts"` with no `#[feature("deprecated-starknet-consts")]` attribute. Note: "Use `TryInto::try_into` in const context instead."
 --> /home/djizus/projects/eternum-native-world/contracts/l3/game/src/systems/artificer/tests.cairo:157:40
                    creator: starknet::contract_address_const::<'creator'>(),
                                       ^^^^^^^^^^^^^^^^^^^^^^

warn: Usage of deprecated feature `"deprecated-starknet-consts"` with no `#[feature("deprecated-starknet-consts")]` attribute. Note: "Use `TryInto::try_into` in const context instead."
 --> /home/djizus/projects/eternum-native-world/contracts/l3/game/src/systems/artificer/tests.cairo:320:31
        let owner = starknet::contract_address_const::<'realm_owner'>();
                              ^^^^^^^^^^^^^^^^^^^^^^
note: this error originates in the attribute macro: `test`
note: this error originates in the attribute macro: `__internal_config_statement`

warn: Usage of deprecated feature `"deprecated-starknet-consts"` with no `#[feature("deprecated-starknet-consts")]` attribute. Note: "Use `TryInto::try_into` in const context instead."
 --> /home/djizus/projects/eternum-native-world/contracts/l3/game/src/systems/artificer/tests.cairo:358:31
        let owner = starknet::contract_address_const::<'hyper_owner'>();
                              ^^^^^^^^^^^^^^^^^^^^^^
note: this error originates in the attribute macro: `test`
note: this error originates in the attribute macro: `should_panic`
note: this error originates in the attribute macro: `__internal_config_statement`

warn: Usage of deprecated feature `"deprecated-starknet-consts"` with no `#[feature("deprecated-starknet-consts")]` attribute. Note: "Use `TryInto::try_into` in const context instead."
 --> /home/djizus/projects/eternum-native-world/contracts/l3/game/src/systems/artificer/tests.cairo:377:31
        let owner = starknet::contract_address_const::<'realm_owner'>();
                              ^^^^^^^^^^^^^^^^^^^^^^
note: this error originates in the attribute macro: `test`
note: this error originates in the attribute macro: `should_panic`
note: this error originates in the attribute macro: `__internal_config_statement`

warn: Usage of deprecated feature `"deprecated-starknet-consts"` with no `#[feature("deprecated-starknet-consts")]` attribute. Note: "Use `TryInto::try_into` in const context instead."
 --> /home/djizus/projects/eternum-native-world/contracts/l3/game/src/systems/artificer/tests.cairo:397:31
        let owner = starknet::contract_address_const::<'realm_owner'>();
                              ^^^^^^^^^^^^^^^^^^^^^^
note: this error originates in the attribute macro: `test`
note: this error originates in the attribute macro: `should_panic`
note: this error originates in the attribute macro: `__internal_config_statement`

warn: Usage of deprecated feature `"deprecated-starknet-consts"` with no `#[feature("deprecated-starknet-consts")]` attribute. Note: "Use `TryInto::try_into` in const context instead."
 --> /home/djizus/projects/eternum-native-world/contracts/l3/game/src/systems/artificer/tests.cairo:414:31
        let owner = starknet::contract_address_const::<'realm_owner'>();
                              ^^^^^^^^^^^^^^^^^^^^^^
note: this error originates in the attribute macro: `test`
note: this error originates in the attribute macro: `should_panic`
note: this error originates in the attribute macro: `__internal_config_statement`

warn: Usage of deprecated feature `"deprecated-starknet-consts"` with no `#[feature("deprecated-starknet-consts")]` attribute. Note: "Use `TryInto::try_into` in const context instead."
 --> /home/djizus/projects/eternum-native-world/contracts/l3/game/src/systems/artificer/tests.cairo:439:31
        let owner = starknet::contract_address_const::<'realm_owner'>();
                              ^^^^^^^^^^^^^^^^^^^^^^
note: this error originates in the attribute macro: `test`
note: this error originates in the attribute macro: `should_panic`
note: this error originates in the attribute macro: `__internal_config_statement`

warn: Unused import: `eternum::systems::registrar::tests::dispatcher_lifecycle::SeriesChestRewardState`
 --> /home/djizus/projects/eternum-native-world/contracts/l3/game/src/systems/registrar/tests.cairo:226:63
    use crate::models::series_chest_reward::{GameChestReward, SeriesChestRewardState};
                                                              ^^^^^^^^^^^^^^^^^^^^^^

warn[E0001]: Unused variable. Consider ignoring by prefixing with `_`.
 --> /home/djizus/projects/eternum-native-world/contracts/l3/game/src/systems/registrar/tests.cairo:1007:13
        let prize = prize_dispatcher(context.world);
            ^^^^^
note: this error originates in the attribute macro: `test`
note: this error originates in the attribute macro: `should_panic`
note: this error originates in the attribute macro: `__internal_config_statement`

warn: Usage of deprecated feature `"deprecated-starknet-consts"` with no `#[feature("deprecated-starknet-consts")]` attribute. Note: "Use `TryInto::try_into` in const context instead."
 --> /home/djizus/projects/eternum-native-world/contracts/l3/game/src/systems/combat/tests/test_troop_battle.cairo:225:41
        let unknown_address = starknet::contract_address_const::<'unknown'>();
                                        ^^^^^^^^^^^^^^^^^^^^^^
note: this error originates in the attribute macro: `test`
note: this error originates in the attribute macro: `should_panic`
note: this error originates in the attribute macro: `__internal_config_statement`

warn[E0001]: Unused variable. Consider ignoring by prefixing with `_`.
 --> /home/djizus/projects/eternum-native-world/contracts/l3/game/src/systems/combat/tests/test_troop_battle.cairo:220:18
        let (mut world, systems, first_explorer, second_explorer) = setup_explorer_battle(
                 ^^^^^
note: this error originates in the attribute macro: `test`
note: this error originates in the attribute macro: `should_panic`
note: this error originates in the attribute macro: `__internal_config_statement`

warn: Usage of deprecated feature `"deprecated-starknet-consts"` with no `#[feature("deprecated-starknet-consts")]` attribute. Note: "Use `TryInto::try_into` in const context instead."
 --> /home/djizus/projects/eternum-native-world/contracts/l3/game/src/systems/combat/tests/test_troop_battle.cairo:335:41
        let unknown_address = starknet::contract_address_const::<'unknown'>();
                                        ^^^^^^^^^^^^^^^^^^^^^^
note: this error originates in the attribute macro: `test`
note: this error originates in the attribute macro: `should_panic`
note: this error originates in the attribute macro: `__internal_config_statement`

warn[E0001]: Unused variable. Consider ignoring by prefixing with `_`.
 --> /home/djizus/projects/eternum-native-world/contracts/l3/game/src/systems/combat/tests/test_troop_battle.cairo:330:18
        let (mut world, systems, realm, explorer) = setup_guard_battle(
                 ^^^^^
note: this error originates in the attribute macro: `test`
note: this error originates in the attribute macro: `should_panic`
note: this error originates in the attribute macro: `__internal_config_statement`

warn: Usage of deprecated feature `"deprecated-starknet-consts"` with no `#[feature("deprecated-starknet-consts")]` attribute. Note: "Use `TryInto::try_into` in const context instead."
 --> /home/djizus/projects/eternum-native-world/contracts/l3/game/src/systems/combat/tests/test_troop_battle.cairo:464:41
        let unknown_address = starknet::contract_address_const::<'unknown'>();
                                        ^^^^^^^^^^^^^^^^^^^^^^
note: this error originates in the attribute macro: `test`
note: this error originates in the attribute macro: `should_panic`
note: this error originates in the attribute macro: `__internal_config_statement`

warn[E0001]: Unused variable. Consider ignoring by prefixing with `_`.
 --> /home/djizus/projects/eternum-native-world/contracts/l3/game/src/systems/combat/tests/test_troop_battle.cairo:459:18
        let (mut world, systems, realm, explorer) = setup_guard_battle(
                 ^^^^^
note: this error originates in the attribute macro: `test`
note: this error originates in the attribute macro: `should_panic`
note: this error originates in the attribute macro: `__internal_config_statement`

warn: Usage of deprecated feature `"deprecated-starknet-consts"` with no `#[feature("deprecated-starknet-consts")]` attribute. Note: "Use `TryInto::try_into` in const context instead."
 --> /home/djizus/projects/eternum-native-world/contracts/l3/game/src/systems/combat/tests/test_troop_management.cairo:71:37
        let realm_owner = starknet::contract_address_const::<'realm_owner'>();
                                    ^^^^^^^^^^^^^^^^^^^^^^
note: this error originates in the attribute macro: `test`
note: this error originates in the attribute macro: `__internal_config_statement`

warn: Usage of deprecated feature `"deprecated-starknet-consts"` with no `#[feature("deprecated-starknet-consts")]` attribute. Note: "Use `TryInto::try_into` in const context instead."
 --> /home/djizus/projects/eternum-native-world/contracts/l3/game/src/systems/combat/tests/test_troop_management.cairo:129:37
        let realm_owner = starknet::contract_address_const::<'realm_owner'>();
                                    ^^^^^^^^^^^^^^^^^^^^^^
note: this error originates in the attribute macro: `test`
note: this error originates in the attribute macro: `__internal_config_statement`

warn: Usage of deprecated feature `"deprecated-starknet-consts"` with no `#[feature("deprecated-starknet-consts")]` attribute. Note: "Use `TryInto::try_into` in const context instead."
 --> /home/djizus/projects/eternum-native-world/contracts/l3/game/src/systems/combat/tests/test_troop_management.cairo:440:37
        let realm_owner = starknet::contract_address_const::<'realm_owner'>();
                                    ^^^^^^^^^^^^^^^^^^^^^^
note: this error originates in the attribute macro: `test`
note: this error originates in the attribute macro: `__internal_config_statement`

warn: Usage of deprecated feature `"deprecated-starknet-consts"` with no `#[feature("deprecated-starknet-consts")]` attribute. Note: "Use `TryInto::try_into` in const context instead."
 --> /home/djizus/projects/eternum-native-world/contracts/l3/game/src/systems/combat/tests/test_troop_management.cairo:590:37
        let realm_owner = starknet::contract_address_const::<'realm_owner'>();
                                    ^^^^^^^^^^^^^^^^^^^^^^
note: this error originates in the attribute macro: `test`
note: this error originates in the attribute macro: `__internal_config_statement`

warn: Usage of deprecated feature `"deprecated-starknet-consts"` with no `#[feature("deprecated-starknet-consts")]` attribute. Note: "Use `TryInto::try_into` in const context instead."
 --> /home/djizus/projects/eternum-native-world/contracts/l3/game/src/systems/combat/tests/test_troop_management.cairo:920:37
        let realm_owner = starknet::contract_address_const::<'realm_owner'>();
                                    ^^^^^^^^^^^^^^^^^^^^^^
note: this error originates in the attribute macro: `test`
note: this error originates in the attribute macro: `__internal_config_statement`

warn: Usage of deprecated feature `"deprecated-starknet-consts"` with no `#[feature("deprecated-starknet-consts")]` attribute. Note: "Use `TryInto::try_into` in const context instead."
 --> /home/djizus/projects/eternum-native-world/contracts/l3/game/src/systems/combat/tests/test_troop_management.cairo:1294:37
        let realm_owner = starknet::contract_address_const::<'realm_owner'>();
                                    ^^^^^^^^^^^^^^^^^^^^^^
note: this error originates in the attribute macro: `test`
note: this error originates in the attribute macro: `__internal_config_statement`

warn: Usage of deprecated feature `"deprecated-starknet-consts"` with no `#[feature("deprecated-starknet-consts")]` attribute. Note: "Use `TryInto::try_into` in const context instead."
 --> /home/djizus/projects/eternum-native-world/contracts/l3/game/src/systems/combat/tests/test_troop_management.cairo:1455:37
        let realm_owner = starknet::contract_address_const::<'realm_owner'>();
                                    ^^^^^^^^^^^^^^^^^^^^^^
note: this error originates in the attribute macro: `test`
note: this error originates in the attribute macro: `__internal_config_statement`

warn: Usage of deprecated feature `"deprecated-starknet-consts"` with no `#[feature("deprecated-starknet-consts")]` attribute. Note: "Use `TryInto::try_into` in const context instead."
 --> /home/djizus/projects/eternum-native-world/contracts/l3/game/src/systems/combat/tests/test_troop_management.cairo:1523:37
        let realm_owner = starknet::contract_address_const::<'realm_owner'>();
                                    ^^^^^^^^^^^^^^^^^^^^^^
note: this error originates in the attribute macro: `test`
note: this error originates in the attribute macro: `__internal_config_statement`

warn: Usage of deprecated feature `"deprecated-starknet-consts"` with no `#[feature("deprecated-starknet-consts")]` attribute. Note: "Use `TryInto::try_into` in const context instead."
 --> /home/djizus/projects/eternum-native-world/contracts/l3/game/src/systems/combat/tests/test_troop_management.cairo:1897:37
        let realm_owner = starknet::contract_address_const::<'realm_owner'>();
                                    ^^^^^^^^^^^^^^^^^^^^^^
note: this error originates in the attribute macro: `test`
note: this error originates in the attribute macro: `__internal_config_statement`

warn: Usage of deprecated feature `"deprecated-starknet-consts"` with no `#[feature("deprecated-starknet-consts")]` attribute. Note: "Use `TryInto::try_into` in const context instead."
 --> /home/djizus/projects/eternum-native-world/contracts/l3/game/src/systems/combat/tests/test_troop_management.cairo:216:37
        let realm_owner = starknet::contract_address_const::<'realm_owner'>();
                                    ^^^^^^^^^^^^^^^^^^^^^^
note: this error originates in the attribute macro: `test`
note: this error originates in the attribute macro: `should_panic`
note: this error originates in the attribute macro: `__internal_config_statement`

warn: Usage of deprecated feature `"deprecated-starknet-consts"` with no `#[feature("deprecated-starknet-consts")]` attribute. Note: "Use `TryInto::try_into` in const context instead."
 --> /home/djizus/projects/eternum-native-world/contracts/l3/game/src/systems/combat/tests/test_troop_management.cairo:245:37
        let realm_owner = starknet::contract_address_const::<'realm_owner'>();
                                    ^^^^^^^^^^^^^^^^^^^^^^
note: this error originates in the attribute macro: `test`
note: this error originates in the attribute macro: `should_panic`
note: this error originates in the attribute macro: `__internal_config_statement`

warn: Usage of deprecated feature `"deprecated-starknet-consts"` with no `#[feature("deprecated-starknet-consts")]` attribute. Note: "Use `TryInto::try_into` in const context instead."
 --> /home/djizus/projects/eternum-native-world/contracts/l3/game/src/systems/combat/tests/test_troop_management.cairo:246:38
        let other_caller = starknet::contract_address_const::<'other_caller'>();
                                     ^^^^^^^^^^^^^^^^^^^^^^
note: this error originates in the attribute macro: `test`
note: this error originates in the attribute macro: `should_panic`
note: this error originates in the attribute macro: `__internal_config_statement`

warn: Usage of deprecated feature `"deprecated-starknet-consts"` with no `#[feature("deprecated-starknet-consts")]` attribute. Note: "Use `TryInto::try_into` in const context instead."
 --> /home/djizus/projects/eternum-native-world/contracts/l3/game/src/systems/combat/tests/test_troop_management.cairo:276:37
        let realm_owner = starknet::contract_address_const::<'realm_owner'>();
                                    ^^^^^^^^^^^^^^^^^^^^^^
note: this error originates in the attribute macro: `test`
note: this error originates in the attribute macro: `should_panic`
note: this error originates in the attribute macro: `__internal_config_statement`

warn: Usage of deprecated feature `"deprecated-starknet-consts"` with no `#[feature("deprecated-starknet-consts")]` attribute. Note: "Use `TryInto::try_into` in const context instead."
 --> /home/djizus/projects/eternum-native-world/contracts/l3/game/src/systems/combat/tests/test_troop_management.cairo:306:37
        let realm_owner = starknet::contract_address_const::<'realm_owner'>();
                                    ^^^^^^^^^^^^^^^^^^^^^^
note: this error originates in the attribute macro: `test`
note: this error originates in the attribute macro: `should_panic`
note: this error originates in the attribute macro: `__internal_config_statement`

warn: Usage of deprecated feature `"deprecated-starknet-consts"` with no `#[feature("deprecated-starknet-consts")]` attribute. Note: "Use `TryInto::try_into` in const context instead."
 --> /home/djizus/projects/eternum-native-world/contracts/l3/game/src/systems/combat/tests/test_troop_management.cairo:355:37
        let realm_owner = starknet::contract_address_const::<'realm_owner'>();
                                    ^^^^^^^^^^^^^^^^^^^^^^
note: this error originates in the attribute macro: `test`
note: this error originates in the attribute macro: `should_panic`
note: this error originates in the attribute macro: `__internal_config_statement`

warn: Usage of deprecated feature `"deprecated-starknet-consts"` with no `#[feature("deprecated-starknet-consts")]` attribute. Note: "Use `TryInto::try_into` in const context instead."
 --> /home/djizus/projects/eternum-native-world/contracts/l3/game/src/systems/combat/tests/test_troop_management.cairo:403:37
        let realm_owner = starknet::contract_address_const::<'realm_owner'>();
                                    ^^^^^^^^^^^^^^^^^^^^^^
note: this error originates in the attribute macro: `test`
note: this error originates in the attribute macro: `should_panic`
note: this error originates in the attribute macro: `__internal_config_statement`

warn: Usage of deprecated feature `"deprecated-starknet-consts"` with no `#[feature("deprecated-starknet-consts")]` attribute. Note: "Use `TryInto::try_into` in const context instead."
 --> /home/djizus/projects/eternum-native-world/contracts/l3/game/src/systems/combat/tests/test_troop_management.cairo:489:37
        let realm_owner = starknet::contract_address_const::<'realm_owner'>();
                                    ^^^^^^^^^^^^^^^^^^^^^^
note: this error originates in the attribute macro: `test`
note: this error originates in the attribute macro: `should_panic`
note: this error originates in the attribute macro: `__internal_config_statement`

warn: Usage of deprecated feature `"deprecated-starknet-consts"` with no `#[feature("deprecated-starknet-consts")]` attribute. Note: "Use `TryInto::try_into` in const context instead."
 --> /home/djizus/projects/eternum-native-world/contracts/l3/game/src/systems/combat/tests/test_troop_management.cairo:531:37
        let realm_owner = starknet::contract_address_const::<'realm_owner'>();
                                    ^^^^^^^^^^^^^^^^^^^^^^
note: this error originates in the attribute macro: `test`
note: this error originates in the attribute macro: `should_panic`
note: this error originates in the attribute macro: `__internal_config_statement`

warn: Usage of deprecated feature `"deprecated-starknet-consts"` with no `#[feature("deprecated-starknet-consts")]` attribute. Note: "Use `TryInto::try_into` in const context instead."
 --> /home/djizus/projects/eternum-native-world/contracts/l3/game/src/systems/combat/tests/test_troop_management.cairo:555:37
        let realm_owner = starknet::contract_address_const::<'realm_owner'>();
                                    ^^^^^^^^^^^^^^^^^^^^^^
note: this error originates in the attribute macro: `test`
note: this error originates in the attribute macro: `should_panic`
note: this error originates in the attribute macro: `__internal_config_statement`

warn: Usage of deprecated feature `"deprecated-starknet-consts"` with no `#[feature("deprecated-starknet-consts")]` attribute. Note: "Use `TryInto::try_into` in const context instead."
 --> /home/djizus/projects/eternum-native-world/contracts/l3/game/src/systems/combat/tests/test_troop_management.cairo:556:38
        let other_caller = starknet::contract_address_const::<'other_caller'>();
                                     ^^^^^^^^^^^^^^^^^^^^^^
note: this error originates in the attribute macro: `test`
note: this error originates in the attribute macro: `should_panic`
note: this error originates in the attribute macro: `__internal_config_statement`

warn: Usage of deprecated feature `"deprecated-starknet-consts"` with no `#[feature("deprecated-starknet-consts")]` attribute. Note: "Use `TryInto::try_into` in const context instead."
 --> /home/djizus/projects/eternum-native-world/contracts/l3/game/src/systems/combat/tests/test_troop_management.cairo:671:37
        let realm_owner = starknet::contract_address_const::<'realm_owner'>();
                                    ^^^^^^^^^^^^^^^^^^^^^^
note: this error originates in the attribute macro: `test`
note: this error originates in the attribute macro: `should_panic`
note: this error originates in the attribute macro: `__internal_config_statement`

warn: Usage of deprecated feature `"deprecated-starknet-consts"` with no `#[feature("deprecated-starknet-consts")]` attribute. Note: "Use `TryInto::try_into` in const context instead."
 --> /home/djizus/projects/eternum-native-world/contracts/l3/game/src/systems/combat/tests/test_troop_management.cairo:696:37
        let realm_owner = starknet::contract_address_const::<'realm_owner'>();
                                    ^^^^^^^^^^^^^^^^^^^^^^
note: this error originates in the attribute macro: `test`
note: this error originates in the attribute macro: `should_panic`
note: this error originates in the attribute macro: `__internal_config_statement`

warn: Usage of deprecated feature `"deprecated-starknet-consts"` with no `#[feature("deprecated-starknet-consts")]` attribute. Note: "Use `TryInto::try_into` in const context instead."
 --> /home/djizus/projects/eternum-native-world/contracts/l3/game/src/systems/combat/tests/test_troop_management.cairo:744:37
        let realm_owner = starknet::contract_address_const::<'realm_owner'>();
                                    ^^^^^^^^^^^^^^^^^^^^^^
note: this error originates in the attribute macro: `test`
note: this error originates in the attribute macro: `should_panic`
note: this error originates in the attribute macro: `__internal_config_statement`

warn: Usage of deprecated feature `"deprecated-starknet-consts"` with no `#[feature("deprecated-starknet-consts")]` attribute. Note: "Use `TryInto::try_into` in const context instead."
 --> /home/djizus/projects/eternum-native-world/contracts/l3/game/src/systems/combat/tests/test_troop_management.cairo:745:38
        let other_caller = starknet::contract_address_const::<'other_caller'>();
                                     ^^^^^^^^^^^^^^^^^^^^^^
note: this error originates in the attribute macro: `test`
note: this error originates in the attribute macro: `should_panic`
note: this error originates in the attribute macro: `__internal_config_statement`

warn: Usage of deprecated feature `"deprecated-starknet-consts"` with no `#[feature("deprecated-starknet-consts")]` attribute. Note: "Use `TryInto::try_into` in const context instead."
 --> /home/djizus/projects/eternum-native-world/contracts/l3/game/src/systems/combat/tests/test_troop_management.cairo:774:37
        let realm_owner = starknet::contract_address_const::<'realm_owner'>();
                                    ^^^^^^^^^^^^^^^^^^^^^^
note: this error originates in the attribute macro: `test`
note: this error originates in the attribute macro: `should_panic`
note: this error originates in the attribute macro: `__internal_config_statement`

warn: Usage of deprecated feature `"deprecated-starknet-consts"` with no `#[feature("deprecated-starknet-consts")]` attribute. Note: "Use `TryInto::try_into` in const context instead."
 --> /home/djizus/projects/eternum-native-world/contracts/l3/game/src/systems/combat/tests/test_troop_management.cairo:800:37
        let realm_owner = starknet::contract_address_const::<'realm_owner'>();
                                    ^^^^^^^^^^^^^^^^^^^^^^
note: this error originates in the attribute macro: `test`
note: this error originates in the attribute macro: `should_panic`
note: this error originates in the attribute macro: `__internal_config_statement`

warn: Usage of deprecated feature `"deprecated-starknet-consts"` with no `#[feature("deprecated-starknet-consts")]` attribute. Note: "Use `TryInto::try_into` in const context instead."
 --> /home/djizus/projects/eternum-native-world/contracts/l3/game/src/systems/combat/tests/test_troop_management.cairo:844:37
        let realm_owner = starknet::contract_address_const::<'realm_owner'>();
                                    ^^^^^^^^^^^^^^^^^^^^^^
note: this error originates in the attribute macro: `test`
note: this error originates in the attribute macro: `should_panic`
note: this error originates in the attribute macro: `__internal_config_statement`

warn: Usage of deprecated feature `"deprecated-starknet-consts"` with no `#[feature("deprecated-starknet-consts")]` attribute. Note: "Use `TryInto::try_into` in const context instead."
 --> /home/djizus/projects/eternum-native-world/contracts/l3/game/src/systems/combat/tests/test_troop_management.cairo:878:37
        let realm_owner = starknet::contract_address_const::<'realm_owner'>();
                                    ^^^^^^^^^^^^^^^^^^^^^^
note: this error originates in the attribute macro: `test`
note: this error originates in the attribute macro: `should_panic`
note: this error originates in the attribute macro: `__internal_config_statement`

warn: Usage of deprecated feature `"deprecated-starknet-consts"` with no `#[feature("deprecated-starknet-consts")]` attribute. Note: "Use `TryInto::try_into` in const context instead."
 --> /home/djizus/projects/eternum-native-world/contracts/l3/game/src/systems/combat/tests/test_troop_management.cairo:978:37
        let realm_owner = starknet::contract_address_const::<'realm_owner'>();
                                    ^^^^^^^^^^^^^^^^^^^^^^
note: this error originates in the attribute macro: `test`
note: this error originates in the attribute macro: `should_panic`
note: this error originates in the attribute macro: `__internal_config_statement`

warn: Usage of deprecated feature `"deprecated-starknet-consts"` with no `#[feature("deprecated-starknet-consts")]` attribute. Note: "Use `TryInto::try_into` in const context instead."
 --> /home/djizus/projects/eternum-native-world/contracts/l3/game/src/systems/combat/tests/test_troop_management.cairo:1015:37
        let realm_owner = starknet::contract_address_const::<'realm_owner'>();
                                    ^^^^^^^^^^^^^^^^^^^^^^
note: this error originates in the attribute macro: `test`
note: this error originates in the attribute macro: `should_panic`
note: this error originates in the attribute macro: `__internal_config_statement`

warn: Usage of deprecated feature `"deprecated-starknet-consts"` with no `#[feature("deprecated-starknet-consts")]` attribute. Note: "Use `TryInto::try_into` in const context instead."
 --> /home/djizus/projects/eternum-native-world/contracts/l3/game/src/systems/combat/tests/test_troop_management.cairo:1052:37
        let realm_owner = starknet::contract_address_const::<'realm_owner'>();
                                    ^^^^^^^^^^^^^^^^^^^^^^
note: this error originates in the attribute macro: `test`
note: this error originates in the attribute macro: `should_panic`
note: this error originates in the attribute macro: `__internal_config_statement`

warn: Usage of deprecated feature `"deprecated-starknet-consts"` with no `#[feature("deprecated-starknet-consts")]` attribute. Note: "Use `TryInto::try_into` in const context instead."
 --> /home/djizus/projects/eternum-native-world/contracts/l3/game/src/systems/combat/tests/test_troop_management.cairo:1100:37
        let realm_owner = starknet::contract_address_const::<'realm_owner'>();
                                    ^^^^^^^^^^^^^^^^^^^^^^
note: this error originates in the attribute macro: `test`
note: this error originates in the attribute macro: `should_panic`
note: this error originates in the attribute macro: `__internal_config_statement`

warn: Usage of deprecated feature `"deprecated-starknet-consts"` with no `#[feature("deprecated-starknet-consts")]` attribute. Note: "Use `TryInto::try_into` in const context instead."
 --> /home/djizus/projects/eternum-native-world/contracts/l3/game/src/systems/combat/tests/test_troop_management.cairo:1101:38
        let other_caller = starknet::contract_address_const::<'other_caller'>();
                                     ^^^^^^^^^^^^^^^^^^^^^^
note: this error originates in the attribute macro: `test`
note: this error originates in the attribute macro: `should_panic`
note: this error originates in the attribute macro: `__internal_config_statement`

warn: Usage of deprecated feature `"deprecated-starknet-consts"` with no `#[feature("deprecated-starknet-consts")]` attribute. Note: "Use `TryInto::try_into` in const context instead."
 --> /home/djizus/projects/eternum-native-world/contracts/l3/game/src/systems/combat/tests/test_troop_management.cairo:1138:37
        let realm_owner = starknet::contract_address_const::<'realm_owner'>();
                                    ^^^^^^^^^^^^^^^^^^^^^^
note: this error originates in the attribute macro: `test`
note: this error originates in the attribute macro: `should_panic`
note: this error originates in the attribute macro: `__internal_config_statement`

warn: Usage of deprecated feature `"deprecated-starknet-consts"` with no `#[feature("deprecated-starknet-consts")]` attribute. Note: "Use `TryInto::try_into` in const context instead."
 --> /home/djizus/projects/eternum-native-world/contracts/l3/game/src/systems/combat/tests/test_troop_management.cairo:1204:37
        let realm_owner = starknet::contract_address_const::<'realm_owner'>();
                                    ^^^^^^^^^^^^^^^^^^^^^^
note: this error originates in the attribute macro: `test`
note: this error originates in the attribute macro: `should_panic`
note: this error originates in the attribute macro: `__internal_config_statement`

warn: Usage of deprecated feature `"deprecated-starknet-consts"` with no `#[feature("deprecated-starknet-consts")]` attribute. Note: "Use `TryInto::try_into` in const context instead."
 --> /home/djizus/projects/eternum-native-world/contracts/l3/game/src/systems/combat/tests/test_troop_management.cairo:1246:37
        let realm_owner = starknet::contract_address_const::<'realm_owner'>();
                                    ^^^^^^^^^^^^^^^^^^^^^^
note: this error originates in the attribute macro: `test`
note: this error originates in the attribute macro: `should_panic`
note: this error originates in the attribute macro: `__internal_config_statement`

warn: Usage of deprecated feature `"deprecated-starknet-consts"` with no `#[feature("deprecated-starknet-consts")]` attribute. Note: "Use `TryInto::try_into` in const context instead."
 --> /home/djizus/projects/eternum-native-world/contracts/l3/game/src/systems/combat/tests/test_troop_management.cairo:1369:37
        let realm_owner = starknet::contract_address_const::<'realm_owner'>();
                                    ^^^^^^^^^^^^^^^^^^^^^^
note: this error originates in the attribute macro: `test`
note: this error originates in the attribute macro: `should_panic`
note: this error originates in the attribute macro: `__internal_config_statement`

warn: Usage of deprecated feature `"deprecated-starknet-consts"` with no `#[feature("deprecated-starknet-consts")]` attribute. Note: "Use `TryInto::try_into` in const context instead."
 --> /home/djizus/projects/eternum-native-world/contracts/l3/game/src/systems/combat/tests/test_troop_management.cairo:1416:37
        let realm_owner = starknet::contract_address_const::<'realm_owner'>();
                                    ^^^^^^^^^^^^^^^^^^^^^^
note: this error originates in the attribute macro: `test`
note: this error originates in the attribute macro: `should_panic`
note: this error originates in the attribute macro: `__internal_config_statement`

warn: Usage of deprecated feature `"deprecated-starknet-consts"` with no `#[feature("deprecated-starknet-consts")]` attribute. Note: "Use `TryInto::try_into` in const context instead."
 --> /home/djizus/projects/eternum-native-world/contracts/l3/game/src/systems/combat/tests/test_troop_management.cairo:1417:38
        let other_caller = starknet::contract_address_const::<'other_caller'>();
                                     ^^^^^^^^^^^^^^^^^^^^^^
note: this error originates in the attribute macro: `test`
note: this error originates in the attribute macro: `should_panic`
note: this error originates in the attribute macro: `__internal_config_statement`

warn: Usage of deprecated feature `"deprecated-starknet-consts"` with no `#[feature("deprecated-starknet-consts")]` attribute. Note: "Use `TryInto::try_into` in const context instead."
 --> /home/djizus/projects/eternum-native-world/contracts/l3/game/src/systems/combat/tests/test_troop_management.cairo:1583:37
        let realm_owner = starknet::contract_address_const::<'realm_owner'>();
                                    ^^^^^^^^^^^^^^^^^^^^^^
note: this error originates in the attribute macro: `test`
note: this error originates in the attribute macro: `should_panic`
note: this error originates in the attribute macro: `__internal_config_statement`

warn: Usage of deprecated feature `"deprecated-starknet-consts"` with no `#[feature("deprecated-starknet-consts")]` attribute. Note: "Use `TryInto::try_into` in const context instead."
 --> /home/djizus/projects/eternum-native-world/contracts/l3/game/src/systems/combat/tests/test_troop_management.cairo:1627:37
        let realm_owner = starknet::contract_address_const::<'realm_owner'>();
                                    ^^^^^^^^^^^^^^^^^^^^^^
note: this error originates in the attribute macro: `test`
note: this error originates in the attribute macro: `should_panic`
note: this error originates in the attribute macro: `__internal_config_statement`

warn: Usage of deprecated feature `"deprecated-starknet-consts"` with no `#[feature("deprecated-starknet-consts")]` attribute. Note: "Use `TryInto::try_into` in const context instead."
 --> /home/djizus/projects/eternum-native-world/contracts/l3/game/src/systems/combat/tests/test_troop_management.cairo:1683:37
        let realm_owner = starknet::contract_address_const::<'realm_owner'>();
                                    ^^^^^^^^^^^^^^^^^^^^^^
note: this error originates in the attribute macro: `test`
note: this error originates in the attribute macro: `should_panic`
note: this error originates in the attribute macro: `__internal_config_statement`

warn: Usage of deprecated feature `"deprecated-starknet-consts"` with no `#[feature("deprecated-starknet-consts")]` attribute. Note: "Use `TryInto::try_into` in const context instead."
 --> /home/djizus/projects/eternum-native-world/contracts/l3/game/src/systems/combat/tests/test_troop_management.cairo:1684:38
        let other_caller = starknet::contract_address_const::<'other_caller'>();
                                     ^^^^^^^^^^^^^^^^^^^^^^
note: this error originates in the attribute macro: `test`
note: this error originates in the attribute macro: `should_panic`
note: this error originates in the attribute macro: `__internal_config_statement`

warn: Usage of deprecated feature `"deprecated-starknet-consts"` with no `#[feature("deprecated-starknet-consts")]` attribute. Note: "Use `TryInto::try_into` in const context instead."
 --> /home/djizus/projects/eternum-native-world/contracts/l3/game/src/systems/combat/tests/test_troop_management.cairo:1725:39
        let realm_owner_1 = starknet::contract_address_const::<'realm_owner_1'>();
                                      ^^^^^^^^^^^^^^^^^^^^^^
note: this error originates in the attribute macro: `test`
note: this error originates in the attribute macro: `should_panic`
note: this error originates in the attribute macro: `__internal_config_statement`

warn: Usage of deprecated feature `"deprecated-starknet-consts"` with no `#[feature("deprecated-starknet-consts")]` attribute. Note: "Use `TryInto::try_into` in const context instead."
 --> /home/djizus/projects/eternum-native-world/contracts/l3/game/src/systems/combat/tests/test_troop_management.cairo:1726:39
        let realm_owner_2 = starknet::contract_address_const::<'realm_owner_2'>();
                                      ^^^^^^^^^^^^^^^^^^^^^^
note: this error originates in the attribute macro: `test`
note: this error originates in the attribute macro: `should_panic`
note: this error originates in the attribute macro: `__internal_config_statement`

warn: Usage of deprecated feature `"deprecated-starknet-consts"` with no `#[feature("deprecated-starknet-consts")]` attribute. Note: "Use `TryInto::try_into` in const context instead."
 --> /home/djizus/projects/eternum-native-world/contracts/l3/game/src/systems/combat/tests/test_troop_management.cairo:1772:37
        let realm_owner = starknet::contract_address_const::<'realm_owner'>();
                                    ^^^^^^^^^^^^^^^^^^^^^^
note: this error originates in the attribute macro: `test`
note: this error originates in the attribute macro: `should_panic`
note: this error originates in the attribute macro: `__internal_config_statement`

warn: Usage of deprecated feature `"deprecated-starknet-consts"` with no `#[feature("deprecated-starknet-consts")]` attribute. Note: "Use `TryInto::try_into` in const context instead."
 --> /home/djizus/projects/eternum-native-world/contracts/l3/game/src/systems/combat/tests/test_troop_management.cairo:1813:37
        let realm_owner = starknet::contract_address_const::<'realm_owner'>();
                                    ^^^^^^^^^^^^^^^^^^^^^^
note: this error originates in the attribute macro: `test`
note: this error originates in the attribute macro: `should_panic`
note: this error originates in the attribute macro: `__internal_config_statement`

warn: Usage of deprecated feature `"deprecated-starknet-consts"` with no `#[feature("deprecated-starknet-consts")]` attribute. Note: "Use `TryInto::try_into` in const context instead."
 --> /home/djizus/projects/eternum-native-world/contracts/l3/game/src/systems/combat/tests/test_troop_management.cairo:1854:37
        let realm_owner = starknet::contract_address_const::<'realm_owner'>();
                                    ^^^^^^^^^^^^^^^^^^^^^^
note: this error originates in the attribute macro: `test`
note: this error originates in the attribute macro: `should_panic`
note: this error originates in the attribute macro: `__internal_config_statement`

warn: Usage of deprecated feature `"deprecated-starknet-consts"` with no `#[feature("deprecated-starknet-consts")]` attribute. Note: "Use `TryInto::try_into` in const context instead."
 --> /home/djizus/projects/eternum-native-world/contracts/l3/game/src/systems/combat/tests/test_troop_management.cairo:1934:37
        let realm_owner = starknet::contract_address_const::<'realm_owner'>();
                                    ^^^^^^^^^^^^^^^^^^^^^^
note: this error originates in the attribute macro: `test`
note: this error originates in the attribute macro: `should_panic`
note: this error originates in the attribute macro: `__internal_config_statement`

warn: Usage of deprecated feature `"deprecated-starknet-consts"` with no `#[feature("deprecated-starknet-consts")]` attribute. Note: "Use `TryInto::try_into` in const context instead."
 --> /home/djizus/projects/eternum-native-world/contracts/l3/game/src/systems/utils/share_points.cairo:182:80
        let first: PlayerRegisteredPoints = world.read_model((1_u32, starknet::contract_address_const::<11>()));
                                                                               ^^^^^^^^^^^^^^^^^^^^^^
note: this error originates in the attribute macro: `test`
note: this error originates in the attribute macro: `__internal_config_statement`

warn: Usage of deprecated feature `"deprecated-starknet-consts"` with no `#[feature("deprecated-starknet-consts")]` attribute. Note: "Use `TryInto::try_into` in const context instead."
 --> /home/djizus/projects/eternum-native-world/contracts/l3/game/src/systems/utils/share_points.cairo:183:81
        let second: PlayerRegisteredPoints = world.read_model((1_u32, starknet::contract_address_const::<12>()));
                                                                                ^^^^^^^^^^^^^^^^^^^^^^
note: this error originates in the attribute macro: `test`
note: this error originates in the attribute macro: `__internal_config_statement`

warn: Usage of deprecated feature `"deprecated-starknet-consts"` with no `#[feature("deprecated-starknet-consts")]` attribute. Note: "Use `TryInto::try_into` in const context instead."
 --> /home/djizus/projects/eternum-native-world/contracts/l3/game/src/systems/utils/share_points.cairo:211:78
        let old: PlayerRegisteredPoints = world.read_model((1_u32, starknet::contract_address_const::<12>()));
                                                                             ^^^^^^^^^^^^^^^^^^^^^^
note: this error originates in the attribute macro: `test`
note: this error originates in the attribute macro: `__internal_config_statement`

warn: Usage of deprecated feature `"deprecated-starknet-consts"` with no `#[feature("deprecated-starknet-consts")]` attribute. Note: "Use `TryInto::try_into` in const context instead."
 --> /home/djizus/projects/eternum-native-world/contracts/l3/game/src/systems/utils/share_points.cairo:212:78
        let new: PlayerRegisteredPoints = world.read_model((1_u32, starknet::contract_address_const::<13>()));
                                                                             ^^^^^^^^^^^^^^^^^^^^^^
note: this error originates in the attribute macro: `test`
note: this error originates in the attribute macro: `__internal_config_statement`

warn: Unused import: `eternum::systems::faith::tests::tests::WonderFaithBlacklist`
 --> /home/djizus/projects/eternum-native-world/contracts/l3/game/src/systems/faith/tests.cairo:17:76
        FaithPrizePool, FaithfulStructure, PlayerFaithPoints, WonderFaith, WonderFaithBlacklist, WonderFaithPrize,
                                                                           ^^^^^^^^^^^^^^^^^^^^

warn: Unused import: `eternum::systems::faith::tests::tests::TroopBoosts`
 --> /home/djizus/projects/eternum-native-world/contracts/l3/game/src/systems/faith/tests.cairo:24:45
    use crate::models::troop::{GuardTroops, TroopBoosts, TroopTier, TroopType, Troops};
                                            ^^^^^^^^^^^

warn: Usage of deprecated feature `"deprecated-starknet-consts"` with no `#[feature("deprecated-starknet-consts")]` attribute. Note: "Use `TryInto::try_into` in const context instead."
 --> /home/djizus/projects/eternum-native-world/contracts/l3/game/src/systems/faith/tests.cairo:44:37
            reward_token: starknet::contract_address_const::<'reward_token'>(),
                                    ^^^^^^^^^^^^^^^^^^^^^^

warn: Usage of deprecated feature `"deprecated-starknet-consts"` with no `#[feature("deprecated-starknet-consts")]` attribute. Note: "Use `TryInto::try_into` in const context instead."
 --> /home/djizus/projects/eternum-native-world/contracts/l3/game/src/systems/faith/tests.cairo:116:40
                    creator: starknet::contract_address_const::<'game_creator'>(),
                                       ^^^^^^^^^^^^^^^^^^^^^^

warn: Usage of deprecated feature `"deprecated-starknet-consts"` with no `#[feature("deprecated-starknet-consts")]` attribute. Note: "Use `TryInto::try_into` in const context instead."
 --> /home/djizus/projects/eternum-native-world/contracts/l3/game/src/systems/faith/tests.cairo:339:31
        let owner = starknet::contract_address_const::<'owner'>();
                              ^^^^^^^^^^^^^^^^^^^^^^
note: this error originates in the attribute macro: `test`
note: this error originates in the attribute macro: `__internal_config_statement`

warn: Usage of deprecated feature `"deprecated-starknet-consts"` with no `#[feature("deprecated-starknet-consts")]` attribute. Note: "Use `TryInto::try_into` in const context instead."
 --> /home/djizus/projects/eternum-native-world/contracts/l3/game/src/systems/faith/tests.cairo:371:38
        let wonder_owner = starknet::contract_address_const::<'wonder_owner'>();
                                     ^^^^^^^^^^^^^^^^^^^^^^
note: this error originates in the attribute macro: `test`
note: this error originates in the attribute macro: `__internal_config_statement`

warn: Usage of deprecated feature `"deprecated-starknet-consts"` with no `#[feature("deprecated-starknet-consts")]` attribute. Note: "Use `TryInto::try_into` in const context instead."
 --> /home/djizus/projects/eternum-native-world/contracts/l3/game/src/systems/faith/tests.cairo:406:38
        let wonder_owner = starknet::contract_address_const::<'wonder_owner'>();
                                     ^^^^^^^^^^^^^^^^^^^^^^
note: this error originates in the attribute macro: `test`
note: this error originates in the attribute macro: `__internal_config_statement`

warn: Usage of deprecated feature `"deprecated-starknet-consts"` with no `#[feature("deprecated-starknet-consts")]` attribute. Note: "Use `TryInto::try_into` in const context instead."
 --> /home/djizus/projects/eternum-native-world/contracts/l3/game/src/systems/faith/tests.cairo:407:37
        let realm_owner = starknet::contract_address_const::<'realm_owner'>();
                                    ^^^^^^^^^^^^^^^^^^^^^^
note: this error originates in the attribute macro: `test`
note: this error originates in the attribute macro: `__internal_config_statement`

warn: Usage of deprecated feature `"deprecated-starknet-consts"` with no `#[feature("deprecated-starknet-consts")]` attribute. Note: "Use `TryInto::try_into` in const context instead."
 --> /home/djizus/projects/eternum-native-world/contracts/l3/game/src/systems/faith/tests.cairo:484:38
        let wonder_owner = starknet::contract_address_const::<'wonder_owner'>();
                                     ^^^^^^^^^^^^^^^^^^^^^^
note: this error originates in the attribute macro: `test`
note: this error originates in the attribute macro: `__internal_config_statement`

warn: Usage of deprecated feature `"deprecated-starknet-consts"` with no `#[feature("deprecated-starknet-consts")]` attribute. Note: "Use `TryInto::try_into` in const context instead."
 --> /home/djizus/projects/eternum-native-world/contracts/l3/game/src/systems/faith/tests.cairo:485:37
        let realm_owner = starknet::contract_address_const::<'realm_owner'>();
                                    ^^^^^^^^^^^^^^^^^^^^^^
note: this error originates in the attribute macro: `test`
note: this error originates in the attribute macro: `__internal_config_statement`

warn: Usage of deprecated feature `"deprecated-starknet-consts"` with no `#[feature("deprecated-starknet-consts")]` attribute. Note: "Use `TryInto::try_into` in const context instead."
 --> /home/djizus/projects/eternum-native-world/contracts/l3/game/src/systems/faith/tests.cairo:517:38
        let wonder_owner = starknet::contract_address_const::<'wonder_owner'>();
                                     ^^^^^^^^^^^^^^^^^^^^^^
note: this error originates in the attribute macro: `test`
note: this error originates in the attribute macro: `__internal_config_statement`

warn: Usage of deprecated feature `"deprecated-starknet-consts"` with no `#[feature("deprecated-starknet-consts")]` attribute. Note: "Use `TryInto::try_into` in const context instead."
 --> /home/djizus/projects/eternum-native-world/contracts/l3/game/src/systems/faith/tests.cairo:518:37
        let realm_owner = starknet::contract_address_const::<'realm_owner'>();
                                    ^^^^^^^^^^^^^^^^^^^^^^
note: this error originates in the attribute macro: `test`
note: this error originates in the attribute macro: `__internal_config_statement`

warn: Usage of deprecated feature `"deprecated-starknet-consts"` with no `#[feature("deprecated-starknet-consts")]` attribute. Note: "Use `TryInto::try_into` in const context instead."
 --> /home/djizus/projects/eternum-native-world/contracts/l3/game/src/systems/faith/tests.cairo:677:40
        let original_owner = starknet::contract_address_const::<'original_owner'>();
                                       ^^^^^^^^^^^^^^^^^^^^^^
note: this error originates in the attribute macro: `test`
note: this error originates in the attribute macro: `__internal_config_statement`

warn: Usage of deprecated feature `"deprecated-starknet-consts"` with no `#[feature("deprecated-starknet-consts")]` attribute. Note: "Use `TryInto::try_into` in const context instead."
 --> /home/djizus/projects/eternum-native-world/contracts/l3/game/src/systems/faith/tests.cairo:678:35
        let new_owner = starknet::contract_address_const::<'new_owner'>();
                                  ^^^^^^^^^^^^^^^^^^^^^^
note: this error originates in the attribute macro: `test`
note: this error originates in the attribute macro: `__internal_config_statement`

warn: Usage of deprecated feature `"deprecated-starknet-consts"` with no `#[feature("deprecated-starknet-consts")]` attribute. Note: "Use `TryInto::try_into` in const context instead."
 --> /home/djizus/projects/eternum-native-world/contracts/l3/game/src/systems/faith/tests.cairo:725:38
        let wonder_owner = starknet::contract_address_const::<'wonder_owner'>();
                                     ^^^^^^^^^^^^^^^^^^^^^^
note: this error originates in the attribute macro: `test`
note: this error originates in the attribute macro: `__internal_config_statement`

warn: Usage of deprecated feature `"deprecated-starknet-consts"` with no `#[feature("deprecated-starknet-consts")]` attribute. Note: "Use `TryInto::try_into` in const context instead."
 --> /home/djizus/projects/eternum-native-world/contracts/l3/game/src/systems/faith/tests.cairo:726:46
        let original_realm_owner = starknet::contract_address_const::<'orig_realm_owner'>();
                                             ^^^^^^^^^^^^^^^^^^^^^^
note: this error originates in the attribute macro: `test`
note: this error originates in the attribute macro: `__internal_config_statement`

warn: Usage of deprecated feature `"deprecated-starknet-consts"` with no `#[feature("deprecated-starknet-consts")]` attribute. Note: "Use `TryInto::try_into` in const context instead."
 --> /home/djizus/projects/eternum-native-world/contracts/l3/game/src/systems/faith/tests.cairo:727:41
        let new_realm_owner = starknet::contract_address_const::<'new_realm_owner'>();
                                        ^^^^^^^^^^^^^^^^^^^^^^
note: this error originates in the attribute macro: `test`
note: this error originates in the attribute macro: `__internal_config_statement`

warn: Usage of deprecated feature `"deprecated-starknet-consts"` with no `#[feature("deprecated-starknet-consts")]` attribute. Note: "Use `TryInto::try_into` in const context instead."
 --> /home/djizus/projects/eternum-native-world/contracts/l3/game/src/systems/faith/tests.cairo:779:38
        let wonder_owner = starknet::contract_address_const::<'wonder_owner'>();
                                     ^^^^^^^^^^^^^^^^^^^^^^
note: this error originates in the attribute macro: `test`
note: this error originates in the attribute macro: `__internal_config_statement`

warn: Usage of deprecated feature `"deprecated-starknet-consts"` with no `#[feature("deprecated-starknet-consts")]` attribute. Note: "Use `TryInto::try_into` in const context instead."
 --> /home/djizus/projects/eternum-native-world/contracts/l3/game/src/systems/faith/tests.cairo:805:38
        let wonder_owner = starknet::contract_address_const::<'wonder_owner'>();
                                     ^^^^^^^^^^^^^^^^^^^^^^
note: this error originates in the attribute macro: `test`
note: this error originates in the attribute macro: `__internal_config_statement`

warn: Usage of deprecated feature `"deprecated-starknet-consts"` with no `#[feature("deprecated-starknet-consts")]` attribute. Note: "Use `TryInto::try_into` in const context instead."
 --> /home/djizus/projects/eternum-native-world/contracts/l3/game/src/systems/faith/tests.cairo:818:39
        let random_caller = starknet::contract_address_const::<'random'>();
                                      ^^^^^^^^^^^^^^^^^^^^^^
note: this error originates in the attribute macro: `test`
note: this error originates in the attribute macro: `__internal_config_statement`

warn: Usage of deprecated feature `"deprecated-starknet-consts"` with no `#[feature("deprecated-starknet-consts")]` attribute. Note: "Use `TryInto::try_into` in const context instead."
 --> /home/djizus/projects/eternum-native-world/contracts/l3/game/src/systems/faith/tests.cairo:837:39
        let wonder1_owner = starknet::contract_address_const::<'wonder1_owner'>();
                                      ^^^^^^^^^^^^^^^^^^^^^^
note: this error originates in the attribute macro: `test`
note: this error originates in the attribute macro: `__internal_config_statement`

warn: Usage of deprecated feature `"deprecated-starknet-consts"` with no `#[feature("deprecated-starknet-consts")]` attribute. Note: "Use `TryInto::try_into` in const context instead."
 --> /home/djizus/projects/eternum-native-world/contracts/l3/game/src/systems/faith/tests.cairo:838:39
        let wonder2_owner = starknet::contract_address_const::<'wonder2_owner'>();
                                      ^^^^^^^^^^^^^^^^^^^^^^
note: this error originates in the attribute macro: `test`
note: this error originates in the attribute macro: `__internal_config_statement`

warn: Usage of deprecated feature `"deprecated-starknet-consts"` with no `#[feature("deprecated-starknet-consts")]` attribute. Note: "Use `TryInto::try_into` in const context instead."
 --> /home/djizus/projects/eternum-native-world/contracts/l3/game/src/systems/faith/tests.cairo:887:39
        let wonder1_owner = starknet::contract_address_const::<'wonder1_owner'>();
                                      ^^^^^^^^^^^^^^^^^^^^^^
note: this error originates in the attribute macro: `test`
note: this error originates in the attribute macro: `__internal_config_statement`

warn: Usage of deprecated feature `"deprecated-starknet-consts"` with no `#[feature("deprecated-starknet-consts")]` attribute. Note: "Use `TryInto::try_into` in const context instead."
 --> /home/djizus/projects/eternum-native-world/contracts/l3/game/src/systems/faith/tests.cairo:888:39
        let wonder2_owner = starknet::contract_address_const::<'wonder2_owner'>();
                                      ^^^^^^^^^^^^^^^^^^^^^^
note: this error originates in the attribute macro: `test`
note: this error originates in the attribute macro: `__internal_config_statement`

warn: Usage of deprecated feature `"deprecated-starknet-consts"` with no `#[feature("deprecated-starknet-consts")]` attribute. Note: "Use `TryInto::try_into` in const context instead."
 --> /home/djizus/projects/eternum-native-world/contracts/l3/game/src/systems/faith/tests.cairo:931:39
        let wonder1_owner = starknet::contract_address_const::<'wonder1_owner'>();
                                      ^^^^^^^^^^^^^^^^^^^^^^
note: this error originates in the attribute macro: `test`
note: this error originates in the attribute macro: `__internal_config_statement`

warn: Usage of deprecated feature `"deprecated-starknet-consts"` with no `#[feature("deprecated-starknet-consts")]` attribute. Note: "Use `TryInto::try_into` in const context instead."
 --> /home/djizus/projects/eternum-native-world/contracts/l3/game/src/systems/faith/tests.cairo:932:39
        let wonder2_owner = starknet::contract_address_const::<'wonder2_owner'>();
                                      ^^^^^^^^^^^^^^^^^^^^^^
note: this error originates in the attribute macro: `test`
note: this error originates in the attribute macro: `__internal_config_statement`

warn: Usage of deprecated feature `"deprecated-starknet-consts"` with no `#[feature("deprecated-starknet-consts")]` attribute. Note: "Use `TryInto::try_into` in const context instead."
 --> /home/djizus/projects/eternum-native-world/contracts/l3/game/src/systems/faith/tests.cairo:1009:39
        let wonder1_owner = starknet::contract_address_const::<'w1_owner'>();
                                      ^^^^^^^^^^^^^^^^^^^^^^
note: this error originates in the attribute macro: `test`
note: this error originates in the attribute macro: `__internal_config_statement`

warn: Usage of deprecated feature `"deprecated-starknet-consts"` with no `#[feature("deprecated-starknet-consts")]` attribute. Note: "Use `TryInto::try_into` in const context instead."
 --> /home/djizus/projects/eternum-native-world/contracts/l3/game/src/systems/faith/tests.cairo:1010:39
        let wonder2_owner = starknet::contract_address_const::<'w2_owner'>();
                                      ^^^^^^^^^^^^^^^^^^^^^^
note: this error originates in the attribute macro: `test`
note: this error originates in the attribute macro: `__internal_config_statement`

warn: Usage of deprecated feature `"deprecated-starknet-consts"` with no `#[feature("deprecated-starknet-consts")]` attribute. Note: "Use `TryInto::try_into` in const context instead."
 --> /home/djizus/projects/eternum-native-world/contracts/l3/game/src/systems/faith/tests.cairo:1011:37
        let realm_owner = starknet::contract_address_const::<'realm_owner'>();
                                    ^^^^^^^^^^^^^^^^^^^^^^
note: this error originates in the attribute macro: `test`
note: this error originates in the attribute macro: `__internal_config_statement`

warn: Usage of deprecated feature `"deprecated-starknet-consts"` with no `#[feature("deprecated-starknet-consts")]` attribute. Note: "Use `TryInto::try_into` in const context instead."
 --> /home/djizus/projects/eternum-native-world/contracts/l3/game/src/systems/faith/tests.cairo:1054:39
        let wonder1_owner = starknet::contract_address_const::<'wonder1_owner'>();
                                      ^^^^^^^^^^^^^^^^^^^^^^
note: this error originates in the attribute macro: `test`
note: this error originates in the attribute macro: `__internal_config_statement`

warn: Usage of deprecated feature `"deprecated-starknet-consts"` with no `#[feature("deprecated-starknet-consts")]` attribute. Note: "Use `TryInto::try_into` in const context instead."
 --> /home/djizus/projects/eternum-native-world/contracts/l3/game/src/systems/faith/tests.cairo:1055:39
        let wonder2_owner = starknet::contract_address_const::<'wonder2_owner'>();
                                      ^^^^^^^^^^^^^^^^^^^^^^
note: this error originates in the attribute macro: `test`
note: this error originates in the attribute macro: `__internal_config_statement`

warn: Usage of deprecated feature `"deprecated-starknet-consts"` with no `#[feature("deprecated-starknet-consts")]` attribute. Note: "Use `TryInto::try_into` in const context instead."
 --> /home/djizus/projects/eternum-native-world/contracts/l3/game/src/systems/faith/tests.cairo:1056:37
        let realm_owner = starknet::contract_address_const::<'realm_owner'>();
                                    ^^^^^^^^^^^^^^^^^^^^^^
note: this error originates in the attribute macro: `test`
note: this error originates in the attribute macro: `__internal_config_statement`

warn[E0001]: Unused variable. Consider ignoring by prefixing with `_`.
 --> /home/djizus/projects/eternum-native-world/contracts/l3/game/src/systems/faith/tests.cairo:1064:13
        let realm_id = spawn_test_realm(ref world, realm_owner, realm_coord);
            ^^^^^^^^
note: this error originates in the attribute macro: `test`
note: this error originates in the attribute macro: `__internal_config_statement`

warn: Usage of deprecated feature `"deprecated-starknet-consts"` with no `#[feature("deprecated-starknet-consts")]` attribute. Note: "Use `TryInto::try_into` in const context instead."
 --> /home/djizus/projects/eternum-native-world/contracts/l3/game/src/systems/faith/tests.cairo:1114:48
        let wonder1_original_owner = starknet::contract_address_const::<'w1_orig'>();
                                               ^^^^^^^^^^^^^^^^^^^^^^
note: this error originates in the attribute macro: `test`
note: this error originates in the attribute macro: `__internal_config_statement`

warn: Usage of deprecated feature `"deprecated-starknet-consts"` with no `#[feature("deprecated-starknet-consts")]` attribute. Note: "Use `TryInto::try_into` in const context instead."
 --> /home/djizus/projects/eternum-native-world/contracts/l3/game/src/systems/faith/tests.cairo:1115:43
        let wonder1_new_owner = starknet::contract_address_const::<'w1_new'>();
                                          ^^^^^^^^^^^^^^^^^^^^^^
note: this error originates in the attribute macro: `test`
note: this error originates in the attribute macro: `__internal_config_statement`

warn: Usage of deprecated feature `"deprecated-starknet-consts"` with no `#[feature("deprecated-starknet-consts")]` attribute. Note: "Use `TryInto::try_into` in const context instead."
 --> /home/djizus/projects/eternum-native-world/contracts/l3/game/src/systems/faith/tests.cairo:1116:39
        let wonder2_owner = starknet::contract_address_const::<'w2_owner'>();
                                      ^^^^^^^^^^^^^^^^^^^^^^
note: this error originates in the attribute macro: `test`
note: this error originates in the attribute macro: `__internal_config_statement`

warn: Usage of deprecated feature `"deprecated-starknet-consts"` with no `#[feature("deprecated-starknet-consts")]` attribute. Note: "Use `TryInto::try_into` in const context instead."
 --> /home/djizus/projects/eternum-native-world/contracts/l3/game/src/systems/faith/tests.cairo:1192:47
        let wonder_original_owner = starknet::contract_address_const::<'w_orig'>();
                                              ^^^^^^^^^^^^^^^^^^^^^^
note: this error originates in the attribute macro: `test`
note: this error originates in the attribute macro: `__internal_config_statement`

warn: Usage of deprecated feature `"deprecated-starknet-consts"` with no `#[feature("deprecated-starknet-consts")]` attribute. Note: "Use `TryInto::try_into` in const context instead."
 --> /home/djizus/projects/eternum-native-world/contracts/l3/game/src/systems/faith/tests.cairo:1193:42
        let wonder_new_owner = starknet::contract_address_const::<'w_new'>();
                                         ^^^^^^^^^^^^^^^^^^^^^^
note: this error originates in the attribute macro: `test`
note: this error originates in the attribute macro: `__internal_config_statement`

warn: Usage of deprecated feature `"deprecated-starknet-consts"` with no `#[feature("deprecated-starknet-consts")]` attribute. Note: "Use `TryInto::try_into` in const context instead."
 --> /home/djizus/projects/eternum-native-world/contracts/l3/game/src/systems/faith/tests.cairo:1194:37
        let realm_owner = starknet::contract_address_const::<'realm_owner'>();
                                    ^^^^^^^^^^^^^^^^^^^^^^
note: this error originates in the attribute macro: `test`
note: this error originates in the attribute macro: `__internal_config_statement`

warn: Usage of deprecated feature `"deprecated-starknet-consts"` with no `#[feature("deprecated-starknet-consts")]` attribute. Note: "Use `TryInto::try_into` in const context instead."
 --> /home/djizus/projects/eternum-native-world/contracts/l3/game/src/systems/faith/tests.cairo:1253:38
        let wonder_owner = starknet::contract_address_const::<'wonder_owner'>();
                                     ^^^^^^^^^^^^^^^^^^^^^^
note: this error originates in the attribute macro: `test`
note: this error originates in the attribute macro: `__internal_config_statement`

warn: Usage of deprecated feature `"deprecated-starknet-consts"` with no `#[feature("deprecated-starknet-consts")]` attribute. Note: "Use `TryInto::try_into` in const context instead."
 --> /home/djizus/projects/eternum-native-world/contracts/l3/game/src/systems/faith/tests.cairo:1254:39
        let realm_owner_1 = starknet::contract_address_const::<'realm_owner_1'>();
                                      ^^^^^^^^^^^^^^^^^^^^^^
note: this error originates in the attribute macro: `test`
note: this error originates in the attribute macro: `__internal_config_statement`

warn: Usage of deprecated feature `"deprecated-starknet-consts"` with no `#[feature("deprecated-starknet-consts")]` attribute. Note: "Use `TryInto::try_into` in const context instead."
 --> /home/djizus/projects/eternum-native-world/contracts/l3/game/src/systems/faith/tests.cairo:1255:39
        let realm_owner_2 = starknet::contract_address_const::<'realm_owner_2'>();
                                      ^^^^^^^^^^^^^^^^^^^^^^
note: this error originates in the attribute macro: `test`
note: this error originates in the attribute macro: `__internal_config_statement`

warn: Usage of deprecated feature `"deprecated-starknet-consts"` with no `#[feature("deprecated-starknet-consts")]` attribute. Note: "Use `TryInto::try_into` in const context instead."
 --> /home/djizus/projects/eternum-native-world/contracts/l3/game/src/systems/faith/tests.cairo:1256:39
        let realm_owner_3 = starknet::contract_address_const::<'realm_owner_3'>();
                                      ^^^^^^^^^^^^^^^^^^^^^^
note: this error originates in the attribute macro: `test`
note: this error originates in the attribute macro: `__internal_config_statement`

warn: Usage of deprecated feature `"deprecated-starknet-consts"` with no `#[feature("deprecated-starknet-consts")]` attribute. Note: "Use `TryInto::try_into` in const context instead."
 --> /home/djizus/projects/eternum-native-world/contracts/l3/game/src/systems/faith/tests.cairo:1324:39
        let wonder1_owner = starknet::contract_address_const::<'w1_owner'>();
                                      ^^^^^^^^^^^^^^^^^^^^^^
note: this error originates in the attribute macro: `test`
note: this error originates in the attribute macro: `__internal_config_statement`

warn: Usage of deprecated feature `"deprecated-starknet-consts"` with no `#[feature("deprecated-starknet-consts")]` attribute. Note: "Use `TryInto::try_into` in const context instead."
 --> /home/djizus/projects/eternum-native-world/contracts/l3/game/src/systems/faith/tests.cairo:1325:39
        let wonder2_owner = starknet::contract_address_const::<'w2_owner'>();
                                      ^^^^^^^^^^^^^^^^^^^^^^
note: this error originates in the attribute macro: `test`
note: this error originates in the attribute macro: `__internal_config_statement`

warn: Usage of deprecated feature `"deprecated-starknet-consts"` with no `#[feature("deprecated-starknet-consts")]` attribute. Note: "Use `TryInto::try_into` in const context instead."
 --> /home/djizus/projects/eternum-native-world/contracts/l3/game/src/systems/faith/tests.cairo:1326:37
        let realm_owner = starknet::contract_address_const::<'realm_owner'>();
                                    ^^^^^^^^^^^^^^^^^^^^^^
note: this error originates in the attribute macro: `test`
note: this error originates in the attribute macro: `__internal_config_statement`

warn: Usage of deprecated feature `"deprecated-starknet-consts"` with no `#[feature("deprecated-starknet-consts")]` attribute. Note: "Use `TryInto::try_into` in const context instead."
 --> /home/djizus/projects/eternum-native-world/contracts/l3/game/src/systems/faith/tests.cairo:1391:37
        let wonder_orig = starknet::contract_address_const::<'w_orig'>();
                                    ^^^^^^^^^^^^^^^^^^^^^^
note: this error originates in the attribute macro: `test`
note: this error originates in the attribute macro: `__internal_config_statement`

warn: Usage of deprecated feature `"deprecated-starknet-consts"` with no `#[feature("deprecated-starknet-consts")]` attribute. Note: "Use `TryInto::try_into` in const context instead."
 --> /home/djizus/projects/eternum-native-world/contracts/l3/game/src/systems/faith/tests.cairo:1392:36
        let wonder_new = starknet::contract_address_const::<'w_new'>();
                                   ^^^^^^^^^^^^^^^^^^^^^^
note: this error originates in the attribute macro: `test`
note: this error originates in the attribute macro: `__internal_config_statement`

warn: Usage of deprecated feature `"deprecated-starknet-consts"` with no `#[feature("deprecated-starknet-consts")]` attribute. Note: "Use `TryInto::try_into` in const context instead."
 --> /home/djizus/projects/eternum-native-world/contracts/l3/game/src/systems/faith/tests.cairo:1393:36
        let realm_orig = starknet::contract_address_const::<'r_orig'>();
                                   ^^^^^^^^^^^^^^^^^^^^^^
note: this error originates in the attribute macro: `test`
note: this error originates in the attribute macro: `__internal_config_statement`

warn: Usage of deprecated feature `"deprecated-starknet-consts"` with no `#[feature("deprecated-starknet-consts")]` attribute. Note: "Use `TryInto::try_into` in const context instead."
 --> /home/djizus/projects/eternum-native-world/contracts/l3/game/src/systems/faith/tests.cairo:1394:35
        let realm_new = starknet::contract_address_const::<'r_new'>();
                                  ^^^^^^^^^^^^^^^^^^^^^^
note: this error originates in the attribute macro: `test`
note: this error originates in the attribute macro: `__internal_config_statement`

warn[E0001]: Unused variable. Consider ignoring by prefixing with `_`.
 --> /home/djizus/projects/eternum-native-world/contracts/l3/game/src/systems/faith/tests.cairo:1460:14
        let (system_addr, dispatcher) = get_faith_dispatcher(ref world);
             ^^^^^^^^^^^
note: this error originates in the attribute macro: `test`
note: this error originates in the attribute macro: `__internal_config_statement`

warn: Usage of deprecated feature `"deprecated-starknet-consts"` with no `#[feature("deprecated-starknet-consts")]` attribute. Note: "Use `TryInto::try_into` in const context instead."
 --> /home/djizus/projects/eternum-native-world/contracts/l3/game/src/systems/faith/tests.cairo:1503:31
        let owner = starknet::contract_address_const::<'owner'>();
                              ^^^^^^^^^^^^^^^^^^^^^^
note: this error originates in the attribute macro: `test`
note: this error originates in the attribute macro: `__internal_config_statement`

warn: Usage of deprecated feature `"deprecated-starknet-consts"` with no `#[feature("deprecated-starknet-consts")]` attribute. Note: "Use `TryInto::try_into` in const context instead."
 --> /home/djizus/projects/eternum-native-world/contracts/l3/game/src/systems/faith/tests.cairo:1532:38
        let wonder_owner = starknet::contract_address_const::<'wonder_owner'>();
                                     ^^^^^^^^^^^^^^^^^^^^^^
note: this error originates in the attribute macro: `test`
note: this error originates in the attribute macro: `__internal_config_statement`

warn: Usage of deprecated feature `"deprecated-starknet-consts"` with no `#[feature("deprecated-starknet-consts")]` attribute. Note: "Use `TryInto::try_into` in const context instead."
 --> /home/djizus/projects/eternum-native-world/contracts/l3/game/src/systems/faith/tests.cairo:1533:39
        let village_owner = starknet::contract_address_const::<'village_owner'>();
                                      ^^^^^^^^^^^^^^^^^^^^^^
note: this error originates in the attribute macro: `test`
note: this error originates in the attribute macro: `__internal_config_statement`

warn: Usage of deprecated feature `"deprecated-starknet-consts"` with no `#[feature("deprecated-starknet-consts")]` attribute. Note: "Use `TryInto::try_into` in const context instead."
 --> /home/djizus/projects/eternum-native-world/contracts/l3/game/src/systems/faith/tests.cairo:464:37
        let realm_owner = starknet::contract_address_const::<'realm_owner'>();
                                    ^^^^^^^^^^^^^^^^^^^^^^
note: this error originates in the attribute macro: `test`
note: this error originates in the attribute macro: `should_panic`
note: this error originates in the attribute macro: `__internal_config_statement`

warn: Usage of deprecated feature `"deprecated-starknet-consts"` with no `#[feature("deprecated-starknet-consts")]` attribute. Note: "Use `TryInto::try_into` in const context instead."
 --> /home/djizus/projects/eternum-native-world/contracts/l3/game/src/systems/faith/tests.cairo:550:38
        let wonder_owner = starknet::contract_address_const::<'wonder_owner'>();
                                     ^^^^^^^^^^^^^^^^^^^^^^
note: this error originates in the attribute macro: `test`
note: this error originates in the attribute macro: `should_panic`
note: this error originates in the attribute macro: `__internal_config_statement`

warn: Usage of deprecated feature `"deprecated-starknet-consts"` with no `#[feature("deprecated-starknet-consts")]` attribute. Note: "Use `TryInto::try_into` in const context instead."
 --> /home/djizus/projects/eternum-native-world/contracts/l3/game/src/systems/faith/tests.cairo:551:37
        let realm_owner = starknet::contract_address_const::<'realm_owner'>();
                                    ^^^^^^^^^^^^^^^^^^^^^^
note: this error originates in the attribute macro: `test`
note: this error originates in the attribute macro: `should_panic`
note: this error originates in the attribute macro: `__internal_config_statement`

warn: Usage of deprecated feature `"deprecated-starknet-consts"` with no `#[feature("deprecated-starknet-consts")]` attribute. Note: "Use `TryInto::try_into` in const context instead."
 --> /home/djizus/projects/eternum-native-world/contracts/l3/game/src/systems/faith/tests.cairo:552:34
        let attacker = starknet::contract_address_const::<'attacker'>();
                                 ^^^^^^^^^^^^^^^^^^^^^^
note: this error originates in the attribute macro: `test`
note: this error originates in the attribute macro: `should_panic`
note: this error originates in the attribute macro: `__internal_config_statement`

warn: Usage of deprecated feature `"deprecated-starknet-consts"` with no `#[feature("deprecated-starknet-consts")]` attribute. Note: "Use `TryInto::try_into` in const context instead."
 --> /home/djizus/projects/eternum-native-world/contracts/l3/game/src/systems/faith/tests.cairo:581:38
        let wonder_owner = starknet::contract_address_const::<'wonder_owner'>();
                                     ^^^^^^^^^^^^^^^^^^^^^^
note: this error originates in the attribute macro: `test`
note: this error originates in the attribute macro: `should_panic`
note: this error originates in the attribute macro: `__internal_config_statement`

warn: Usage of deprecated feature `"deprecated-starknet-consts"` with no `#[feature("deprecated-starknet-consts")]` attribute. Note: "Use `TryInto::try_into` in const context instead."
 --> /home/djizus/projects/eternum-native-world/contracts/l3/game/src/systems/faith/tests.cairo:582:37
        let realm_owner = starknet::contract_address_const::<'realm_owner'>();
                                    ^^^^^^^^^^^^^^^^^^^^^^
note: this error originates in the attribute macro: `test`
note: this error originates in the attribute macro: `should_panic`
note: this error originates in the attribute macro: `__internal_config_statement`

warn: Usage of deprecated feature `"deprecated-starknet-consts"` with no `#[feature("deprecated-starknet-consts")]` attribute. Note: "Use `TryInto::try_into` in const context instead."
 --> /home/djizus/projects/eternum-native-world/contracts/l3/game/src/systems/faith/tests.cairo:615:38
        let wonder_owner = starknet::contract_address_const::<'wonder_owner'>();
                                     ^^^^^^^^^^^^^^^^^^^^^^
note: this error originates in the attribute macro: `test`
note: this error originates in the attribute macro: `should_panic`
note: this error originates in the attribute macro: `__internal_config_statement`

warn: Usage of deprecated feature `"deprecated-starknet-consts"` with no `#[feature("deprecated-starknet-consts")]` attribute. Note: "Use `TryInto::try_into` in const context instead."
 --> /home/djizus/projects/eternum-native-world/contracts/l3/game/src/systems/faith/tests.cairo:616:37
        let realm_owner = starknet::contract_address_const::<'realm_owner'>();
                                    ^^^^^^^^^^^^^^^^^^^^^^
note: this error originates in the attribute macro: `test`
note: this error originates in the attribute macro: `should_panic`
note: this error originates in the attribute macro: `__internal_config_statement`

warn: Usage of deprecated feature `"deprecated-starknet-consts"` with no `#[feature("deprecated-starknet-consts")]` attribute. Note: "Use `TryInto::try_into` in const context instead."
 --> /home/djizus/projects/eternum-native-world/contracts/l3/game/src/systems/faith/tests.cairo:643:38
        let wonder_owner = starknet::contract_address_const::<'wonder_owner'>();
                                     ^^^^^^^^^^^^^^^^^^^^^^
note: this error originates in the attribute macro: `test`
note: this error originates in the attribute macro: `should_panic`
note: this error originates in the attribute macro: `__internal_config_statement`

warn: Usage of deprecated feature `"deprecated-starknet-consts"` with no `#[feature("deprecated-starknet-consts")]` attribute. Note: "Use `TryInto::try_into` in const context instead."
 --> /home/djizus/projects/eternum-native-world/contracts/l3/game/src/systems/faith/tests.cairo:644:37
        let realm_owner = starknet::contract_address_const::<'realm_owner'>();
                                    ^^^^^^^^^^^^^^^^^^^^^^
note: this error originates in the attribute macro: `test`
note: this error originates in the attribute macro: `should_panic`
note: this error originates in the attribute macro: `__internal_config_statement`

warn: Usage of deprecated feature `"deprecated-starknet-consts"` with no `#[feature("deprecated-starknet-consts")]` attribute. Note: "Use `TryInto::try_into` in const context instead."
 --> /home/djizus/projects/eternum-native-world/contracts/l3/game/src/systems/faith/tests.cairo:968:39
        let wonder1_owner = starknet::contract_address_const::<'w1_owner'>();
                                      ^^^^^^^^^^^^^^^^^^^^^^
note: this error originates in the attribute macro: `test`
note: this error originates in the attribute macro: `should_panic`
note: this error originates in the attribute macro: `__internal_config_statement`

warn: Usage of deprecated feature `"deprecated-starknet-consts"` with no `#[feature("deprecated-starknet-consts")]` attribute. Note: "Use `TryInto::try_into` in const context instead."
 --> /home/djizus/projects/eternum-native-world/contracts/l3/game/src/systems/faith/tests.cairo:969:39
        let wonder2_owner = starknet::contract_address_const::<'w2_owner'>();
                                      ^^^^^^^^^^^^^^^^^^^^^^
note: this error originates in the attribute macro: `test`
note: this error originates in the attribute macro: `should_panic`
note: this error originates in the attribute macro: `__internal_config_statement`

warn: Usage of deprecated feature `"deprecated-starknet-consts"` with no `#[feature("deprecated-starknet-consts")]` attribute. Note: "Use `TryInto::try_into` in const context instead."
 --> /home/djizus/projects/eternum-native-world/contracts/l3/game/src/systems/faith/tests.cairo:970:37
        let realm_owner = starknet::contract_address_const::<'realm_owner'>();
                                    ^^^^^^^^^^^^^^^^^^^^^^
note: this error originates in the attribute macro: `test`
note: this error originates in the attribute macro: `should_panic`
note: this error originates in the attribute macro: `__internal_config_statement`

warn: Usage of deprecated feature `"deprecated-starknet-consts"` with no `#[feature("deprecated-starknet-consts")]` attribute. Note: "Use `TryInto::try_into` in const context instead."
 --> /home/djizus/projects/eternum-native-world/contracts/l3/game/src/systems/faith/tests.cairo:1567:37
        let realm_owner = starknet::contract_address_const::<'realm_owner'>();
                                    ^^^^^^^^^^^^^^^^^^^^^^
note: this error originates in the attribute macro: `test`
note: this error originates in the attribute macro: `should_panic`
note: this error originates in the attribute macro: `__internal_config_statement`

warn: Usage of deprecated feature `"deprecated-starknet-consts"` with no `#[feature("deprecated-starknet-consts")]` attribute. Note: "Use `TryInto::try_into` in const context instead."
 --> /home/djizus/projects/eternum-native-world/contracts/l3/game/src/systems/faith/tests.cairo:1591:37
            reward_token: starknet::contract_address_const::<'reward_token'>(),
                                    ^^^^^^^^^^^^^^^^^^^^^^
note: this error originates in the attribute macro: `test`
note: this error originates in the attribute macro: `should_panic`
note: this error originates in the attribute macro: `__internal_config_statement`

warn: Usage of deprecated feature `"deprecated-starknet-consts"` with no `#[feature("deprecated-starknet-consts")]` attribute. Note: "Use `TryInto::try_into` in const context instead."
 --> /home/djizus/projects/eternum-native-world/contracts/l3/game/src/systems/faith/tests.cairo:1595:38
        let wonder_owner = starknet::contract_address_const::<'wonder_owner'>();
                                     ^^^^^^^^^^^^^^^^^^^^^^
note: this error originates in the attribute macro: `test`
note: this error originates in the attribute macro: `should_panic`
note: this error originates in the attribute macro: `__internal_config_statement`

warn: Usage of deprecated feature `"deprecated-starknet-consts"` with no `#[feature("deprecated-starknet-consts")]` attribute. Note: "Use `TryInto::try_into` in const context instead."
 --> /home/djizus/projects/eternum-native-world/contracts/l3/game/src/systems/bitcoin_mine/tests.cairo:278:40
                    creator: starknet::contract_address_const::<'creator'>(),
                                       ^^^^^^^^^^^^^^^^^^^^^^

warn: Usage of deprecated feature `"deprecated-starknet-consts"` with no `#[feature("deprecated-starknet-consts")]` attribute. Note: "Use `TryInto::try_into` in const context instead."
 --> /home/djizus/projects/eternum-native-world/contracts/l3/game/src/systems/bitcoin_mine/tests.cairo:438:31
        let owner = starknet::contract_address_const::<'mine_owner'>();
                              ^^^^^^^^^^^^^^^^^^^^^^
note: this error originates in the attribute macro: `test`
note: this error originates in the attribute macro: `__internal_config_statement`

warn: Usage of deprecated feature `"deprecated-starknet-consts"` with no `#[feature("deprecated-starknet-consts")]` attribute. Note: "Use `TryInto::try_into` in const context instead."
 --> /home/djizus/projects/eternum-native-world/contracts/l3/game/src/systems/bitcoin_mine/tests.cairo:473:31
        let owner = starknet::contract_address_const::<'mine_owner'>();
                              ^^^^^^^^^^^^^^^^^^^^^^
note: this error originates in the attribute macro: `test`
note: this error originates in the attribute macro: `__internal_config_statement`

warn: Usage of deprecated feature `"deprecated-starknet-consts"` with no `#[feature("deprecated-starknet-consts")]` attribute. Note: "Use `TryInto::try_into` in const context instead."
 --> /home/djizus/projects/eternum-native-world/contracts/l3/game/src/systems/bitcoin_mine/tests.cairo:502:32
        let owner1 = starknet::contract_address_const::<'owner1'>();
                               ^^^^^^^^^^^^^^^^^^^^^^
note: this error originates in the attribute macro: `test`
note: this error originates in the attribute macro: `__internal_config_statement`

warn: Usage of deprecated feature `"deprecated-starknet-consts"` with no `#[feature("deprecated-starknet-consts")]` attribute. Note: "Use `TryInto::try_into` in const context instead."
 --> /home/djizus/projects/eternum-native-world/contracts/l3/game/src/systems/bitcoin_mine/tests.cairo:503:32
        let owner2 = starknet::contract_address_const::<'owner2'>();
                               ^^^^^^^^^^^^^^^^^^^^^^
note: this error originates in the attribute macro: `test`
note: this error originates in the attribute macro: `__internal_config_statement`

warn: Usage of deprecated feature `"deprecated-starknet-consts"` with no `#[feature("deprecated-starknet-consts")]` attribute. Note: "Use `TryInto::try_into` in const context instead."
 --> /home/djizus/projects/eternum-native-world/contracts/l3/game/src/systems/bitcoin_mine/tests.cairo:533:31
        let owner = starknet::contract_address_const::<'mine_owner'>();
                              ^^^^^^^^^^^^^^^^^^^^^^
note: this error originates in the attribute macro: `test`
note: this error originates in the attribute macro: `__internal_config_statement`

warn: Usage of deprecated feature `"deprecated-starknet-consts"` with no `#[feature("deprecated-starknet-consts")]` attribute. Note: "Use `TryInto::try_into` in const context instead."
 --> /home/djizus/projects/eternum-native-world/contracts/l3/game/src/systems/bitcoin_mine/tests.cairo:732:31
        let owner = starknet::contract_address_const::<'mine_owner'>();
                              ^^^^^^^^^^^^^^^^^^^^^^
note: this error originates in the attribute macro: `test`
note: this error originates in the attribute macro: `__internal_config_statement`

warn: Usage of deprecated feature `"deprecated-starknet-consts"` with no `#[feature("deprecated-starknet-consts")]` attribute. Note: "Use `TryInto::try_into` in const context instead."
 --> /home/djizus/projects/eternum-native-world/contracts/l3/game/src/systems/bitcoin_mine/tests.cairo:748:33
        let claimer = starknet::contract_address_const::<'claimer'>();
                                ^^^^^^^^^^^^^^^^^^^^^^
note: this error originates in the attribute macro: `test`
note: this error originates in the attribute macro: `__internal_config_statement`

warn: Usage of deprecated feature `"deprecated-starknet-consts"` with no `#[feature("deprecated-starknet-consts")]` attribute. Note: "Use `TryInto::try_into` in const context instead."
 --> /home/djizus/projects/eternum-native-world/contracts/l3/game/src/systems/bitcoin_mine/tests.cairo:774:32
        let owner1 = starknet::contract_address_const::<'owner1'>();
                               ^^^^^^^^^^^^^^^^^^^^^^
note: this error originates in the attribute macro: `test`
note: this error originates in the attribute macro: `__internal_config_statement`

warn: Usage of deprecated feature `"deprecated-starknet-consts"` with no `#[feature("deprecated-starknet-consts")]` attribute. Note: "Use `TryInto::try_into` in const context instead."
 --> /home/djizus/projects/eternum-native-world/contracts/l3/game/src/systems/bitcoin_mine/tests.cairo:775:32
        let owner2 = starknet::contract_address_const::<'owner2'>();
                               ^^^^^^^^^^^^^^^^^^^^^^
note: this error originates in the attribute macro: `test`
note: this error originates in the attribute macro: `__internal_config_statement`

warn: Usage of deprecated feature `"deprecated-starknet-consts"` with no `#[feature("deprecated-starknet-consts")]` attribute. Note: "Use `TryInto::try_into` in const context instead."
 --> /home/djizus/projects/eternum-native-world/contracts/l3/game/src/systems/bitcoin_mine/tests.cairo:776:32
        let owner3 = starknet::contract_address_const::<'owner3'>();
                               ^^^^^^^^^^^^^^^^^^^^^^
note: this error originates in the attribute macro: `test`
note: this error originates in the attribute macro: `__internal_config_statement`

warn: Usage of deprecated feature `"deprecated-starknet-consts"` with no `#[feature("deprecated-starknet-consts")]` attribute. Note: "Use `TryInto::try_into` in const context instead."
 --> /home/djizus/projects/eternum-native-world/contracts/l3/game/src/systems/bitcoin_mine/tests.cairo:805:33
        let claimer = starknet::contract_address_const::<'claimer'>();
                                ^^^^^^^^^^^^^^^^^^^^^^
note: this error originates in the attribute macro: `test`
note: this error originates in the attribute macro: `__internal_config_statement`

warn: Usage of deprecated feature `"deprecated-starknet-consts"` with no `#[feature("deprecated-starknet-consts")]` attribute. Note: "Use `TryInto::try_into` in const context instead."
 --> /home/djizus/projects/eternum-native-world/contracts/l3/game/src/systems/bitcoin_mine/tests.cairo:881:31
        let owner = starknet::contract_address_const::<'mine_owner'>();
                              ^^^^^^^^^^^^^^^^^^^^^^
note: this error originates in the attribute macro: `test`
note: this error originates in the attribute macro: `__internal_config_statement`

warn: Usage of deprecated feature `"deprecated-starknet-consts"` with no `#[feature("deprecated-starknet-consts")]` attribute. Note: "Use `TryInto::try_into` in const context instead."
 --> /home/djizus/projects/eternum-native-world/contracts/l3/game/src/systems/bitcoin_mine/tests.cairo:912:32
        let owner1 = starknet::contract_address_const::<'owner1'>();
                               ^^^^^^^^^^^^^^^^^^^^^^
note: this error originates in the attribute macro: `test`
note: this error originates in the attribute macro: `__internal_config_statement`

warn: Usage of deprecated feature `"deprecated-starknet-consts"` with no `#[feature("deprecated-starknet-consts")]` attribute. Note: "Use `TryInto::try_into` in const context instead."
 --> /home/djizus/projects/eternum-native-world/contracts/l3/game/src/systems/bitcoin_mine/tests.cairo:913:32
        let owner2 = starknet::contract_address_const::<'owner2'>();
                               ^^^^^^^^^^^^^^^^^^^^^^
note: this error originates in the attribute macro: `test`
note: this error originates in the attribute macro: `__internal_config_statement`

warn: Usage of deprecated feature `"deprecated-starknet-consts"` with no `#[feature("deprecated-starknet-consts")]` attribute. Note: "Use `TryInto::try_into` in const context instead."
 --> /home/djizus/projects/eternum-native-world/contracts/l3/game/src/systems/bitcoin_mine/tests.cairo:977:32
        let owner1 = starknet::contract_address_const::<'owner1'>();
                               ^^^^^^^^^^^^^^^^^^^^^^
note: this error originates in the attribute macro: `test`
note: this error originates in the attribute macro: `__internal_config_statement`

warn: Usage of deprecated feature `"deprecated-starknet-consts"` with no `#[feature("deprecated-starknet-consts")]` attribute. Note: "Use `TryInto::try_into` in const context instead."
 --> /home/djizus/projects/eternum-native-world/contracts/l3/game/src/systems/bitcoin_mine/tests.cairo:978:32
        let owner2 = starknet::contract_address_const::<'owner2'>();
                               ^^^^^^^^^^^^^^^^^^^^^^
note: this error originates in the attribute macro: `test`
note: this error originates in the attribute macro: `__internal_config_statement`

warn: Usage of deprecated feature `"deprecated-starknet-consts"` with no `#[feature("deprecated-starknet-consts")]` attribute. Note: "Use `TryInto::try_into` in const context instead."
 --> /home/djizus/projects/eternum-native-world/contracts/l3/game/src/systems/bitcoin_mine/tests.cairo:1011:31
        let owner = starknet::contract_address_const::<'owner'>();
                              ^^^^^^^^^^^^^^^^^^^^^^
note: this error originates in the attribute macro: `test`
note: this error originates in the attribute macro: `__internal_config_statement`

warn: Usage of deprecated feature `"deprecated-starknet-consts"` with no `#[feature("deprecated-starknet-consts")]` attribute. Note: "Use `TryInto::try_into` in const context instead."
 --> /home/djizus/projects/eternum-native-world/contracts/l3/game/src/systems/bitcoin_mine/tests.cairo:1024:31
        let owner = starknet::contract_address_const::<'owner'>();
                              ^^^^^^^^^^^^^^^^^^^^^^
note: this error originates in the attribute macro: `test`
note: this error originates in the attribute macro: `__internal_config_statement`

warn: Usage of deprecated feature `"deprecated-starknet-consts"` with no `#[feature("deprecated-starknet-consts")]` attribute. Note: "Use `TryInto::try_into` in const context instead."
 --> /home/djizus/projects/eternum-native-world/contracts/l3/game/src/systems/bitcoin_mine/tests.cairo:557:31
        let owner = starknet::contract_address_const::<'mine_owner'>();
                              ^^^^^^^^^^^^^^^^^^^^^^
note: this error originates in the attribute macro: `test`
note: this error originates in the attribute macro: `should_panic`
note: this error originates in the attribute macro: `__internal_config_statement`

warn: Usage of deprecated feature `"deprecated-starknet-consts"` with no `#[feature("deprecated-starknet-consts")]` attribute. Note: "Use `TryInto::try_into` in const context instead."
 --> /home/djizus/projects/eternum-native-world/contracts/l3/game/src/systems/bitcoin_mine/tests.cairo:558:34
        let attacker = starknet::contract_address_const::<'attacker'>();
                                 ^^^^^^^^^^^^^^^^^^^^^^
note: this error originates in the attribute macro: `test`
note: this error originates in the attribute macro: `should_panic`
note: this error originates in the attribute macro: `__internal_config_statement`

warn: Usage of deprecated feature `"deprecated-starknet-consts"` with no `#[feature("deprecated-starknet-consts")]` attribute. Note: "Use `TryInto::try_into` in const context instead."
 --> /home/djizus/projects/eternum-native-world/contracts/l3/game/src/systems/bitcoin_mine/tests.cairo:576:31
        let owner = starknet::contract_address_const::<'owner'>();
                              ^^^^^^^^^^^^^^^^^^^^^^
note: this error originates in the attribute macro: `test`
note: this error originates in the attribute macro: `should_panic`
note: this error originates in the attribute macro: `__internal_config_statement`

warn: Usage of deprecated feature `"deprecated-starknet-consts"` with no `#[feature("deprecated-starknet-consts")]` attribute. Note: "Use `TryInto::try_into` in const context instead."
 --> /home/djizus/projects/eternum-native-world/contracts/l3/game/src/systems/bitcoin_mine/tests.cairo:594:31
        let owner = starknet::contract_address_const::<'mine_owner'>();
                              ^^^^^^^^^^^^^^^^^^^^^^
note: this error originates in the attribute macro: `test`
note: this error originates in the attribute macro: `should_panic`
note: this error originates in the attribute macro: `__internal_config_statement`

warn: Usage of deprecated feature `"deprecated-starknet-consts"` with no `#[feature("deprecated-starknet-consts")]` attribute. Note: "Use `TryInto::try_into` in const context instead."
 --> /home/djizus/projects/eternum-native-world/contracts/l3/game/src/systems/bitcoin_mine/tests.cairo:613:31
        let owner = starknet::contract_address_const::<'mine_owner'>();
                              ^^^^^^^^^^^^^^^^^^^^^^
note: this error originates in the attribute macro: `test`
note: this error originates in the attribute macro: `should_panic`
note: this error originates in the attribute macro: `__internal_config_statement`

warn: Usage of deprecated feature `"deprecated-starknet-consts"` with no `#[feature("deprecated-starknet-consts")]` attribute. Note: "Use `TryInto::try_into` in const context instead."
 --> /home/djizus/projects/eternum-native-world/contracts/l3/game/src/systems/bitcoin_mine/tests.cairo:631:31
        let owner = starknet::contract_address_const::<'mine_owner'>();
                              ^^^^^^^^^^^^^^^^^^^^^^
note: this error originates in the attribute macro: `test`
note: this error originates in the attribute macro: `should_panic`
note: this error originates in the attribute macro: `__internal_config_statement`

warn: Usage of deprecated feature `"deprecated-starknet-consts"` with no `#[feature("deprecated-starknet-consts")]` attribute. Note: "Use `TryInto::try_into` in const context instead."
 --> /home/djizus/projects/eternum-native-world/contracts/l3/game/src/systems/bitcoin_mine/tests.cairo:652:31
        let owner = starknet::contract_address_const::<'mine_owner'>();
                              ^^^^^^^^^^^^^^^^^^^^^^
note: this error originates in the attribute macro: `test`
note: this error originates in the attribute macro: `should_panic`
note: this error originates in the attribute macro: `__internal_config_statement`

warn: Usage of deprecated feature `"deprecated-starknet-consts"` with no `#[feature("deprecated-starknet-consts")]` attribute. Note: "Use `TryInto::try_into` in const context instead."
 --> /home/djizus/projects/eternum-native-world/contracts/l3/game/src/systems/bitcoin_mine/tests.cairo:670:31
        let owner = starknet::contract_address_const::<'mine_owner'>();
                              ^^^^^^^^^^^^^^^^^^^^^^
note: this error originates in the attribute macro: `test`
note: this error originates in the attribute macro: `should_panic`
note: this error originates in the attribute macro: `__internal_config_statement`

warn: Usage of deprecated feature `"deprecated-starknet-consts"` with no `#[feature("deprecated-starknet-consts")]` attribute. Note: "Use `TryInto::try_into` in const context instead."
 --> /home/djizus/projects/eternum-native-world/contracts/l3/game/src/systems/bitcoin_mine/tests.cairo:688:31
        let owner = starknet::contract_address_const::<'mine_owner'>();
                              ^^^^^^^^^^^^^^^^^^^^^^
note: this error originates in the attribute macro: `test`
note: this error originates in the attribute macro: `should_panic`
note: this error originates in the attribute macro: `__internal_config_statement`

warn: Usage of deprecated feature `"deprecated-starknet-consts"` with no `#[feature("deprecated-starknet-consts")]` attribute. Note: "Use `TryInto::try_into` in const context instead."
 --> /home/djizus/projects/eternum-native-world/contracts/l3/game/src/systems/bitcoin_mine/tests.cairo:712:31
        let owner = starknet::contract_address_const::<'mine_owner'>();
                              ^^^^^^^^^^^^^^^^^^^^^^
note: this error originates in the attribute macro: `test`
note: this error originates in the attribute macro: `should_panic`
note: this error originates in the attribute macro: `__internal_config_statement`

warn: Usage of deprecated feature `"deprecated-starknet-consts"` with no `#[feature("deprecated-starknet-consts")]` attribute. Note: "Use `TryInto::try_into` in const context instead."
 --> /home/djizus/projects/eternum-native-world/contracts/l3/game/src/systems/bitcoin_mine/tests.cairo:844:31
        let owner = starknet::contract_address_const::<'mine_owner'>();
                              ^^^^^^^^^^^^^^^^^^^^^^
note: this error originates in the attribute macro: `test`
note: this error originates in the attribute macro: `should_panic`
note: this error originates in the attribute macro: `__internal_config_statement`

warn: Usage of deprecated feature `"deprecated-starknet-consts"` with no `#[feature("deprecated-starknet-consts")]` attribute. Note: "Use `TryInto::try_into` in const context instead."
 --> /home/djizus/projects/eternum-native-world/contracts/l3/game/src/systems/bitcoin_mine/tests.cairo:861:31
        let owner = starknet::contract_address_const::<'mine_owner'>();
                              ^^^^^^^^^^^^^^^^^^^^^^
note: this error originates in the attribute macro: `test`
note: this error originates in the attribute macro: `should_panic`
note: this error originates in the attribute macro: `__internal_config_statement`

warn: Usage of deprecated feature `"deprecated-starknet-consts"` with no `#[feature("deprecated-starknet-consts")]` attribute. Note: "Use `TryInto::try_into` in const context instead."
 --> /home/djizus/projects/eternum-native-world/contracts/l3/game/src/utils/testing/helpers.cairo:690:36
                creator: starknet::contract_address_const::<'creator'>(),
                                   ^^^^^^^^^^^^^^^^^^^^^^

warn: Usage of deprecated feature `"deprecated-starknet-consts"` with no `#[feature("deprecated-starknet-consts")]` attribute. Note: "Use `TryInto::try_into` in const context instead."
 --> /home/djizus/projects/eternum-native-world/contracts/l3/game/src/utils/testing/helpers.cairo:884:33
    let first_owner = starknet::contract_address_const::<'first_realm_owner'>();
                                ^^^^^^^^^^^^^^^^^^^^^^

warn: Usage of deprecated feature `"deprecated-starknet-consts"` with no `#[feature("deprecated-starknet-consts")]` attribute. Note: "Use `TryInto::try_into` in const context instead."
 --> /home/djizus/projects/eternum-native-world/contracts/l3/game/src/utils/testing/helpers.cairo:888:34
    let second_owner = starknet::contract_address_const::<'second_realm_owner'>();
                                 ^^^^^^^^^^^^^^^^^^^^^^

   Compiling test(eternum_integrationtest) eternum_integrationtest v1.0.0 (/home/djizus/projects/eternum-native-world/contracts/l3/game/Scarb.toml)
    Finished `dev` profile target(s) in 60 seconds


Collected 1 test(s) from eternum package
Running 0 test(s) from src/
Running 1 test(s) from tests/
[PASS] eternum_integrationtest::randomness_protocol::recorded_roots_preserve_current_game_derivation (l1_gas: ~0, l1_data_gas: ~0, l2_gas: ~18133320)
Tests: 1 passed, 0 failed, 0 ignored, 241 filtered out

