[2026-09-14 17:07:42:528] INFO No private key provided, auto-generating one for block signing
[2026-09-14 17:07:42:528] INFO 🥷  Madara Node
[2026-09-14 17:07:42:528] INFO 💁 Support URL: https://github.com/madara-alliance/madara/issues
[2026-09-14 17:07:42:528] INFO 🏷  Node Name: realms-randomness-rehearsal
[2026-09-14 17:07:42:528] INFO 👤 Role: Sequencer
[2026-09-14 17:07:42:528] INFO 🌐 Network: Realms Madara Lab (chain id `WP_REALMS_MADARA_LAB`)
[2026-09-14 17:07:42:530] INFO 💻 Operating system: Linux 12 Debian GNU/Linux
[2026-09-14 17:07:42:530] INFO 💻 CPU architecture: x86_64
[2026-09-14 17:07:42:530] INFO 💻 CPU: AMD Ryzen 7 5800H with Radeon Graphics
[2026-09-14 17:07:42:530] INFO 💻 CPU cores: 16
[2026-09-14 17:07:42:530] INFO 💻 Memory: 27899MiB
[2026-09-14 17:07:42:530] INFO 💻 Kernel: 7.2.4-200.fc44.x86_64
[2026-09-14 17:07:42:530] INFO 💾 Cairo-native directory initialized: /data/native_classes
[2026-09-14 17:07:42:530] INFO 🚀 Cairo native enabled - mode: Async (VM fallback enabled), memory_cache: 1000 classes, disk_cache: 10.0 GB, max_concurrent: 4
[2026-09-14 17:07:42:530] INFO 💾 Opening database at: /data
[2026-09-14 17:07:42:530] INFO 💾  Preconfirmed blocks will be saved to database
[2026-09-14 17:07:42:590] INFO 📝 Database write mode: WAL enabled, fsync enabled (safest)
[2026-09-14 17:07:42:590] INFO 💼 Starting chain with block: confirmed block: #2464

==== DEVNET PREDEPLOYED CONTRACTS ====

(#1) Address: 0x055be462e718c4166d656d11f89e341115b8bc82389c3762a10eade04fcb225d
  Private key: 0x077e56c6dc32d40a67f6f7e6625c8dc5e570abe49c0a24e9202e4ae906abcc07
  Balance: 9996 STRK, 10000 ETH

(#2) Address: 0x008a1719e7ca19f3d91e8ef50a48fc456575f645497a1d55f30e3781f786afe4
  Private key: 0x0514977443078cf1e0c36bc88b89ada9a46061a5cf728f40274caea21d76f174
  Balance: 10000 STRK, 10000 ETH

(#3) Address: 0x0733a8e2bcced14dcc2608462bd96524fb64eef061689b6d976708efc2c8ddfd
  Private key: 0x00177100ae65c71074126963e695e17adf5b360146f960378b5cdfd9ed69870b
  Balance: 10000 STRK, 10000 ETH

(#4) Address: 0x025073e0772b1e348a5da66ea67fb46f75ecdca1bd24dbbc98567cbf4a0e00b3
  Private key: 0x07ae55c8093920562c1cbab9edeb4eb52f788b93cac1d5721bda20c96100d743
  Balance: 10000 STRK, 10000 ETH

(#5) Address: 0x0294f066a54e07616fd0d50c935c2b5aa616d33631fec94b34af8bd4f6296f68
  Private key: 0x02ce1754eb64b7899c64dcdd0cff138864be2514e70e7761c417b728f2bf7457
  Balance: 10000 STRK, 10000 ETH

(#6) Address: 0x005d1d65ea82aa0107286e68537adf0371601789e26b1cd6e455a8e5be5c5665
  Private key: 0x037a683c3969bf18044c9d2bbe0b1739897c89cf25420342d6dfc36c30fc519d
  Balance: 10000 STRK, 10000 ETH

(#7) Address: 0x01d775883a0a6e5405a345f18d7639dcb54b212c362d5a99087f742fba668396
  Private key: 0x07b4a2263d9cc475816a03163df7efd58552f1720c8df0bd2a813663895ef022
  Balance: 10000 STRK, 10000 ETH

(#8) Address: 0x04add50f5bcc31a8418b43b1ddc8d703986094baf998f8e9625e13dbcc3df18b
  Private key: 0x064b37f84e667462b95dc56e3c5e93a703ef16d73de7b9c5bfd92b90f11f90e1
  Balance: 10000 STRK, 10000 ETH

(#9) Address: 0x03dbe3dd8c2f721bc24e87bcb739063a10ee738cef090bc752bc0d5a29f10b72
  Private key: 0x0213d0d77d5ff9ffbeabdde0af7513e89aafd5e36ae99b8401283f6f57c57696
  Balance: 10000 STRK, 10000 ETH

(#10) Address: 0x07484e8e3af210b2ead47fa08c96f8d18b616169b350a8b75fe0dc4d2e01d493
  Private key: 0x0410c6eadd73918ea90b6658d24f5f2c828e39773819c1443d8602a3c72344c2
  Balance: 10000 STRK, 10000 ETH

[2026-09-14 17:07:42:639] INFO 🌐 Gateway endpoint started at 0.0.0.0:8080
[2026-09-14 17:07:42:639] INFO Running JSON-RPC (Admin) HTTP server at http://0.0.0.0:9943/rpc/v0.1.0/ (max_connections=100, max_request_size_mib=15, max_response_size_mib=15, allowed_origins=["*"], supported_versions=["/rpc/v0.1.0/"])
[2026-09-14 17:07:42:639] INFO Running JSON-RPC (Admin) WebSocket server at ws://0.0.0.0:9943/rpc/v0.1.0/ (max_connections=100, max_subscriptions_per_connection=1024, message_buffer_capacity_per_connection=64, ws_ping_interval_secs=30, ws_inactive_timeout_secs=3600, ws_max_ping_failures=3, allowed_origins=["*"], supported_versions=["/rpc/v0.1.0/"])
[2026-09-14 17:07:42:639] INFO Running JSON-RPC HTTP server at http://0.0.0.0:9944/rpc/v0.10.2/ (max_connections=100, max_request_size_mib=15, max_response_size_mib=15, allowed_origins=["*"], supported_versions=["/rpc/v0.7.1/", "/rpc/v0.8.1/", "/rpc/v0.9.0/", "/rpc/v0.10.0/", "/rpc/v0.10.2/"])
[2026-09-14 17:07:42:639] INFO Running JSON-RPC WebSocket server at ws://0.0.0.0:9944/rpc/v0.10.2/ (max_connections=100, max_subscriptions_per_connection=1024, message_buffer_capacity_per_connection=64, ws_ping_interval_secs=30, ws_inactive_timeout_secs=3600, ws_max_ping_failures=3, allowed_origins=["*"], supported_versions=["/rpc/v0.7.1/", "/rpc/v0.8.1/", "/rpc/v0.9.0/", "/rpc/v0.10.0/", "/rpc/v0.10.2/"])
[2026-09-14 17:07:42:639] WARN mc_mempool Could not re-add mempool transaction from db: Nonce mismatch: account nonce is Nonce(0x10)
[2026-09-14 17:07:42:639] WARN mc_mempool Could not re-add mempool transaction from db: Nonce mismatch: account nonce is Nonce(0x10)
[2026-09-14 17:07:42:639] WARN mc_mempool Could not re-add mempool transaction from db: Nonce mismatch: account nonce is Nonce(0x10)
[2026-09-14 17:07:42:639] WARN mc_mempool Could not re-add mempool transaction from db: Nonce mismatch: account nonce is Nonce(0x10)
[2026-09-14 17:07:42:639] WARN mc_mempool Could not re-add mempool transaction from db: Nonce mismatch: account nonce is Nonce(0x10)
[2026-09-14 17:07:42:639] WARN mc_mempool Could not re-add mempool transaction from db: Nonce mismatch: account nonce is Nonce(0x10)
[2026-09-14 17:07:42:639] WARN mc_mempool Could not re-add mempool transaction from db: Nonce mismatch: account nonce is Nonce(0x10)
[2026-09-14 17:07:42:639] WARN mc_mempool Could not re-add mempool transaction from db: Nonce mismatch: account nonce is Nonce(0x10)
[2026-09-14 17:07:42:639] WARN mc_mempool Could not re-add mempool transaction from db: Nonce mismatch: account nonce is Nonce(0x10)
[2026-09-14 17:07:44:551] RPC starknet_V0_10_2_blockNumber 200 38 bytes - 47.000µs
[2026-09-14 17:07:44:642] INFO Block 2465 final weights: BouncerWeights { l1_gas: 0, message_segment_length: 0, n_events: 0, state_diff_size: 0, sierra_gas: GasAmount(0), n_txs: 0, proving_gas: GasAmount(0), receipt_l2_gas: GasAmount(0) }.
[2026-09-14 17:07:44:650] INFO Block hash 0x4402db4113c55a87137cddb0fe5bad68539bd18d5f14c5d4e27ac1feb114097 computed for #2465
{"timestamp":"2026-09-14T17:07:44.666500467Z","level":"INFO","target":"close_block","message":"close_block_complete","block_number":2465,"tx_count":0,"event_count":0,"close_block_total_ms":20.918608000000003,"block_close_ms":20.918608000000003,"close_preconfirmed_ms":20.89088,"block_production_ms":20.924824,"batches_executed":0,"txs_added_to_block":0,"txs_executed":0,"txs_reverted":0,"txs_rejected":0,"classes_declared":0,"l2_gas_consumed":0,"state_diff_len":1,"declared_classes":0,"deployed_contracts":0,"storage_diffs":1,"nonce_updates":0,"consumed_l1_nonces":0,"bouncer_l1_gas":0,"bouncer_sierra_gas":0,"bouncer_n_events":0,"bouncer_message_segment_length":0,"bouncer_state_diff_size":0,"get_full_block_ms":0.003352,"commitments_ms":0.105322,"merklization_ms":9.547449,"contract_trie_ms":1.43944,"class_trie_ms":0.153093,"contract_storage_trie_commit_ms":3.013885,"contract_trie_commit_ms":2.70239,"class_trie_commit_ms":2.2417130000000003,"block_hash_ms":0.096661,"db_write_ms":6.80511}
[2026-09-14 17:07:44:666] INFO ⛏️  Closed block #2465 with 0 transactions - 20.918608ms
[2026-09-14 17:07:45:704] INFO WS subscription opened: method=subscribeNewTransactionReceipts subscription_id=3 active_subscriptions=4 active_method_subscriptions=1
[2026-09-14 17:07:45:704] INFO WS subscription opened: method=subscribeNewTransactions subscription_id=1 active_subscriptions=4 active_method_subscriptions=1
[2026-09-14 17:07:45:704] INFO WS subscription opened: method=subscribeNewHeads subscription_id=0 active_subscriptions=4 active_method_subscriptions=1
[2026-09-14 17:07:45:704] INFO WS subscription opened: method=subscribeEvents subscription_id=2 active_subscriptions=4 active_method_subscriptions=1
[2026-09-14 17:07:45:704] RPC starknet_V0_10_2_subscribeNewTransactionReceipts 200 37 bytes - 128.000µs
[2026-09-14 17:07:45:704] RPC starknet_V0_10_2_subscribeNewTransactions 200 37 bytes - 156.000µs
[2026-09-14 17:07:45:704] RPC starknet_V0_10_2_subscribeNewHeads 200 37 bytes - 183.000µs
[2026-09-14 17:07:45:704] RPC starknet_V0_10_2_getBlockWithTxHashes 200 368 bytes - 65.000µs
[2026-09-14 17:07:45:704] RPC starknet_V0_10_2_subscribeEvents 200 37 bytes - 224.000µs
[2026-09-14 17:07:45:704] RPC starknet_V0_10_2_getBlockWithTxHashes 200 368 bytes - 29.000µs
[2026-09-14 17:07:45:704] RPC starknet_V0_10_2_getBlockWithTxHashes 200 368 bytes - 26.000µs
[2026-09-14 17:07:45:704] RPC starknet_V0_10_2_getBlockWithTxHashes 200 368 bytes - 30.000µs
[2026-09-14 17:07:45:704] RPC starknet_V0_10_2_getBlockWithTxHashes 200 368 bytes - 26.000µs
[2026-09-14 17:07:45:704] RPC starknet_V0_10_2_getBlockWithTxHashes 200 368 bytes - 26.000µs
[2026-09-14 17:07:45:704] RPC starknet_V0_10_2_getBlockWithTxHashes 200 368 bytes - 35.000µs
[2026-09-14 17:07:45:707] RPC starknet_V0_10_2_getBlockWithTxHashes 200 368 bytes - 22.000µs
[2026-09-14 17:07:45:745] RPC starknet_V0_10_2_blockNumber 200 40 bytes - 11.000µs
[2026-09-14 17:07:45:746] RPC starknet_V0_10_2_getBlockWithReceipts 200 870 bytes - 98.000µs
[2026-09-14 17:07:45:746] RPC starknet_V0_10_2_getBlockWithReceipts 200 870 bytes - 60.000µs
[2026-09-14 17:07:45:751] RPC starknet_V0_10_2_getBlockWithReceipts 200 368 bytes - 57.000µs
[2026-09-14 17:07:45:809] RPC starknet_V0_10_2_chainId 200 78 bytes - 18.000µs
[2026-09-14 17:07:45:829] RPC starknet_V0_10_2_call 200 244 bytes - 5.595ms
[2026-09-14 17:07:45:830] RPC starknet_V0_10_2_call 200 245 bytes - 443.000µs
[2026-09-14 17:07:45:831] RPC starknet_V0_10_2_call 200 245 bytes - 408.000µs
[2026-09-14 17:07:45:831] RPC starknet_V0_10_2_call 200 59 bytes - 383.000µs
[2026-09-14 17:07:46:208] RPC starknet_V0_10_2_getBlockWithTxHashes 200 368 bytes - 134.000µs
[2026-09-14 17:07:46:591] RPC starknet_V0_10_2_blockNumber 200 38 bytes - 11.000µs
[2026-09-14 17:07:46:644] INFO Block 2466 final weights: BouncerWeights { l1_gas: 0, message_segment_length: 0, n_events: 0, state_diff_size: 0, sierra_gas: GasAmount(0), n_txs: 0, proving_gas: GasAmount(0), receipt_l2_gas: GasAmount(0) }.
[2026-09-14 17:07:46:650] INFO Block hash 0x373815900e82244cd32006fab91b55970d84e9aefb54c9f99611fe62cab9df computed for #2466
{"timestamp":"2026-09-14T17:07:46.668273058Z","level":"INFO","target":"close_block","message":"close_block_complete","block_number":2466,"tx_count":0,"event_count":0,"close_block_total_ms":21.815168,"block_close_ms":21.815168,"close_preconfirmed_ms":21.808463,"block_production_ms":21.820825,"batches_executed":0,"txs_added_to_block":0,"txs_executed":0,"txs_reverted":0,"txs_rejected":0,"classes_declared":0,"l2_gas_consumed":0,"state_diff_len":1,"declared_classes":0,"deployed_contracts":0,"storage_diffs":1,"nonce_updates":0,"consumed_l1_nonces":0,"bouncer_l1_gas":0,"bouncer_sierra_gas":0,"bouncer_n_events":0,"bouncer_message_segment_length":0,"bouncer_state_diff_size":0,"get_full_block_ms":0.002863,"commitments_ms":0.119639,"merklization_ms":9.833382,"contract_trie_ms":0.969055,"class_trie_ms":0.054826,"contract_storage_trie_commit_ms":3.3131570000000004,"contract_trie_commit_ms":2.8955729999999997,"class_trie_commit_ms":2.4746360000000003,"block_hash_ms":0.12487699999999999,"db_write_ms":7.623376}
[2026-09-14 17:07:46:668] INFO ⛏️  Closed block #2466 with 0 transactions - 21.815168ms
[2026-09-14 17:07:46:668] RPC starknet_V0_10_2_getBlockWithReceipts 200 870 bytes - 75.000µs
[2026-09-14 17:07:46:673] RPC starknet_V0_10_2_getBlockWithReceipts 200 368 bytes - 31.000µs
[2026-09-14 17:07:46:708] RPC starknet_V0_10_2_getBlockWithTxHashes 200 368 bytes - 88.000µs
[2026-09-14 17:07:47:209] RPC starknet_V0_10_2_getBlockWithTxHashes 200 368 bytes - 136.000µs
[2026-09-14 17:07:47:710] RPC starknet_V0_10_2_getBlockWithTxHashes 200 368 bytes - 88.000µs
[2026-09-14 17:07:48:210] RPC starknet_V0_10_2_getBlockWithTxHashes 200 368 bytes - 90.000µs
[2026-09-14 17:07:48:631] RPC starknet_V0_10_2_blockNumber 200 38 bytes - 10.000µs
[2026-09-14 17:07:48:645] INFO Block 2467 final weights: BouncerWeights { l1_gas: 0, message_segment_length: 0, n_events: 0, state_diff_size: 0, sierra_gas: GasAmount(0), n_txs: 0, proving_gas: GasAmount(0), receipt_l2_gas: GasAmount(0) }.
[2026-09-14 17:07:48:650] INFO Block hash 0x46b1a12dc0f321516eceedb33190220e15c486370f0b2c603992f9a667c9968 computed for #2467
{"timestamp":"2026-09-14T17:07:48.667627864Z","level":"INFO","target":"close_block","message":"close_block_complete","block_number":2467,"tx_count":0,"event_count":0,"close_block_total_ms":20.469524999999997,"block_close_ms":20.469524999999997,"close_preconfirmed_ms":20.463867999999998,"block_production_ms":20.474902999999998,"batches_executed":0,"txs_added_to_block":0,"txs_executed":0,"txs_reverted":0,"txs_rejected":0,"classes_declared":0,"l2_gas_consumed":0,"state_diff_len":1,"declared_classes":0,"deployed_contracts":0,"storage_diffs":1,"nonce_updates":0,"consumed_l1_nonces":0,"bouncer_l1_gas":0,"bouncer_sierra_gas":0,"bouncer_n_events":0,"bouncer_message_segment_length":0,"bouncer_state_diff_size":0,"get_full_block_ms":0.0034230000000000003,"commitments_ms":0.084089,"merklization_ms":8.859926,"contract_trie_ms":0.815473,"class_trie_ms":0.020392999999999998,"contract_storage_trie_commit_ms":2.812601,"contract_trie_commit_ms":2.747927,"class_trie_commit_ms":2.369454,"block_hash_ms":0.074312,"db_write_ms":7.332485}
[2026-09-14 17:07:48:667] INFO ⛏️  Closed block #2467 with 0 transactions - 20.469525ms
[2026-09-14 17:07:48:668] RPC starknet_V0_10_2_getBlockWithReceipts 200 870 bytes - 90.000µs
[2026-09-14 17:07:48:672] RPC starknet_V0_10_2_getBlockWithReceipts 200 368 bytes - 37.000µs
[2026-09-14 17:07:48:709] RPC starknet_V0_10_2_getBlockWithTxHashes 200 368 bytes - 62.000µs
[2026-09-14 17:07:49:210] RPC starknet_V0_10_2_getBlockWithTxHashes 200 368 bytes - 64.000µs
[2026-09-14 17:07:49:711] RPC starknet_V0_10_2_getBlockWithTxHashes 200 368 bytes - 103.000µs
[2026-09-14 17:07:50:210] RPC starknet_V0_10_2_getBlockWithTxHashes 200 368 bytes - 59.000µs
[2026-09-14 17:07:50:646] INFO Block 2468 final weights: BouncerWeights { l1_gas: 0, message_segment_length: 0, n_events: 0, state_diff_size: 0, sierra_gas: GasAmount(0), n_txs: 0, proving_gas: GasAmount(0), receipt_l2_gas: GasAmount(0) }.
[2026-09-14 17:07:50:652] INFO Block hash 0x3acc8ea770babe55829f0e42fc4e7c4564707c142528f46d4725ae1905ccea2 computed for #2468
{"timestamp":"2026-09-14T17:07:50.668626887Z","level":"INFO","target":"close_block","message":"close_block_complete","block_number":2468,"tx_count":0,"event_count":0,"close_block_total_ms":20.054315,"block_close_ms":20.054315,"close_preconfirmed_ms":20.04803,"block_production_ms":20.058715000000003,"batches_executed":0,"txs_added_to_block":0,"txs_executed":0,"txs_reverted":0,"txs_rejected":0,"classes_declared":0,"l2_gas_consumed":0,"state_diff_len":1,"declared_classes":0,"deployed_contracts":0,"storage_diffs":1,"nonce_updates":0,"consumed_l1_nonces":0,"bouncer_l1_gas":0,"bouncer_sierra_gas":0,"bouncer_n_events":0,"bouncer_message_segment_length":0,"bouncer_state_diff_size":0,"get_full_block_ms":0.0038410000000000002,"commitments_ms":0.096172,"merklization_ms":8.79169,"contract_trie_ms":0.792425,"class_trie_ms":0.021929999999999998,"contract_storage_trie_commit_ms":2.933217,"contract_trie_commit_ms":2.615646,"class_trie_commit_ms":2.323848,"block_hash_ms":0.083601,"db_write_ms":7.115207}
[2026-09-14 17:07:50:668] INFO ⛏️  Closed block #2468 with 0 transactions - 20.054315ms
[2026-09-14 17:07:50:669] RPC starknet_V0_10_2_getBlockWithReceipts 200 871 bytes - 43.000µs
[2026-09-14 17:07:50:670] RPC starknet_V0_10_2_blockNumber 200 38 bytes - 6.000µs
[2026-09-14 17:07:50:672] RPC starknet_V0_10_2_getBlockWithReceipts 200 368 bytes - 44.000µs
[2026-09-14 17:07:50:710] RPC starknet_V0_10_2_getBlockWithTxHashes 200 368 bytes - 41.000µs
[2026-09-14 17:07:51:211] RPC starknet_V0_10_2_getBlockWithTxHashes 200 368 bytes - 71.000µs
[2026-09-14 17:07:51:712] RPC starknet_V0_10_2_getBlockWithTxHashes 200 368 bytes - 71.000µs
[2026-09-14 17:07:52:213] RPC starknet_V0_10_2_getBlockWithTxHashes 200 368 bytes - 111.000µs
[2026-09-14 17:07:52:648] INFO Block 2469 final weights: BouncerWeights { l1_gas: 0, message_segment_length: 0, n_events: 0, state_diff_size: 0, sierra_gas: GasAmount(0), n_txs: 0, proving_gas: GasAmount(0), receipt_l2_gas: GasAmount(0) }.
[2026-09-14 17:07:52:655] INFO Block hash 0x79d9af4d65f86ebcad1a8a6f85081b760926cbac08dcb116a15b0c68acd965f computed for #2469
{"timestamp":"2026-09-14T17:07:52.673426073Z","level":"INFO","target":"close_block","message":"close_block_complete","block_number":2469,"tx_count":0,"event_count":0,"close_block_total_ms":22.282130000000002,"block_close_ms":22.282130000000002,"close_preconfirmed_ms":22.274448,"block_production_ms":22.287299,"batches_executed":0,"txs_added_to_block":0,"txs_executed":0,"txs_reverted":0,"txs_rejected":0,"classes_declared":0,"l2_gas_consumed":0,"state_diff_len":1,"declared_classes":0,"deployed_contracts":0,"storage_diffs":1,"nonce_updates":0,"consumed_l1_nonces":0,"bouncer_l1_gas":0,"bouncer_sierra_gas":0,"bouncer_n_events":0,"bouncer_message_segment_length":0,"bouncer_state_diff_size":0,"get_full_block_ms":0.003352,"commitments_ms":0.12159500000000001,"merklization_ms":10.044862,"contract_trie_ms":1.132486,"class_trie_ms":0.026191,"contract_storage_trie_commit_ms":3.36491,"contract_trie_commit_ms":2.915407,"class_trie_commit_ms":2.455779,"block_hash_ms":0.123201,"db_write_ms":7.753073}
[2026-09-14 17:07:52:673] INFO ⛏️  Closed block #2469 with 0 transactions - 22.28213ms
[2026-09-14 17:07:52:673] RPC starknet_V0_10_2_getBlockWithReceipts 200 871 bytes - 118.000µs
[2026-09-14 17:07:52:678] RPC starknet_V0_10_2_getBlockWithReceipts 200 368 bytes - 56.000µs
[2026-09-14 17:07:52:709] RPC starknet_V0_10_2_blockNumber 200 38 bytes - 10.000µs
[2026-09-14 17:07:52:712] RPC starknet_V0_10_2_getBlockWithTxHashes 200 368 bytes - 48.000µs
[2026-09-14 17:07:53:215] RPC starknet_V0_10_2_getBlockWithTxHashes 200 368 bytes - 114.000µs
[2026-09-14 17:07:53:715] RPC starknet_V0_10_2_getBlockWithTxHashes 200 368 bytes - 62.000µs
[2026-09-14 17:07:54:217] RPC starknet_V0_10_2_getBlockWithTxHashes 200 368 bytes - 121.000µs
[2026-09-14 17:07:54:650] INFO Block 2470 final weights: BouncerWeights { l1_gas: 0, message_segment_length: 0, n_events: 0, state_diff_size: 0, sierra_gas: GasAmount(0), n_txs: 0, proving_gas: GasAmount(0), receipt_l2_gas: GasAmount(0) }.
[2026-09-14 17:07:54:657] INFO Block hash 0x14d21cbe1f63c58853d014fd6c72ef09f992eda096390412a07a875094129ef computed for #2470
{"timestamp":"2026-09-14T17:07:54.675180156Z","level":"INFO","target":"close_block","message":"close_block_complete","block_number":2470,"tx_count":0,"event_count":0,"close_block_total_ms":22.091532,"block_close_ms":22.091532,"close_preconfirmed_ms":22.081894000000002,"block_production_ms":22.098167,"batches_executed":0,"txs_added_to_block":0,"txs_executed":0,"txs_reverted":0,"txs_rejected":0,"classes_declared":0,"l2_gas_consumed":0,"state_diff_len":1,"declared_classes":0,"deployed_contracts":0,"storage_diffs":1,"nonce_updates":0,"consumed_l1_nonces":0,"bouncer_l1_gas":0,"bouncer_sierra_gas":0,"bouncer_n_events":0,"bouncer_message_segment_length":0,"bouncer_state_diff_size":0,"get_full_block_ms":0.004121,"commitments_ms":0.099245,"merklization_ms":9.908322,"contract_trie_ms":1.0555899999999998,"class_trie_ms":0.025842,"contract_storage_trie_commit_ms":3.1572,"contract_trie_commit_ms":3.03365,"class_trie_commit_ms":2.515843,"block_hash_ms":0.095753,"db_write_ms":7.4922130000000005}
[2026-09-14 17:07:54:675] INFO ⛏️  Closed block #2470 with 0 transactions - 22.091532ms
[2026-09-14 17:07:54:675] RPC starknet_V0_10_2_getBlockWithReceipts 200 871 bytes - 84.000µs
[2026-09-14 17:07:54:680] RPC starknet_V0_10_2_getBlockWithReceipts 200 368 bytes - 37.000µs
[2026-09-14 17:07:54:717] RPC starknet_V0_10_2_getBlockWithTxHashes 200 368 bytes - 65.000µs
[2026-09-14 17:07:54:749] RPC starknet_V0_10_2_blockNumber 200 38 bytes - 10.000µs
[2026-09-14 17:07:55:218] RPC starknet_V0_10_2_getBlockWithTxHashes 200 368 bytes - 91.000µs
[2026-09-14 17:07:55:718] RPC starknet_V0_10_2_getBlockWithTxHashes 200 368 bytes - 138.000µs
[2026-09-14 17:07:56:219] RPC starknet_V0_10_2_getBlockWithTxHashes 200 368 bytes - 72.000µs
[2026-09-14 17:07:56:652] INFO Block 2471 final weights: BouncerWeights { l1_gas: 0, message_segment_length: 0, n_events: 0, state_diff_size: 0, sierra_gas: GasAmount(0), n_txs: 0, proving_gas: GasAmount(0), receipt_l2_gas: GasAmount(0) }.
[2026-09-14 17:07:56:658] INFO Block hash 0x7716e6ccc1b020e4aa7d39aa42c0f5b33f86389606e61a93d0ce8a30fe3a1d6 computed for #2471
{"timestamp":"2026-09-14T17:07:56.677408604Z","level":"INFO","target":"close_block","message":"close_block_complete","block_number":2471,"tx_count":0,"event_count":0,"close_block_total_ms":22.716337,"block_close_ms":22.716337,"close_preconfirmed_ms":22.709213,"block_production_ms":22.722413,"batches_executed":0,"txs_added_to_block":0,"txs_executed":0,"txs_reverted":0,"txs_rejected":0,"classes_declared":0,"l2_gas_consumed":0,"state_diff_len":1,"declared_classes":0,"deployed_contracts":0,"storage_diffs":1,"nonce_updates":0,"consumed_l1_nonces":0,"bouncer_l1_gas":0,"bouncer_sierra_gas":0,"bouncer_n_events":0,"bouncer_message_segment_length":0,"bouncer_state_diff_size":0,"get_full_block_ms":0.003911,"commitments_ms":0.126274,"merklization_ms":10.356567,"contract_trie_ms":1.043298,"class_trie_ms":0.024724,"contract_storage_trie_commit_ms":3.377202,"contract_trie_commit_ms":3.0060629999999997,"class_trie_commit_ms":2.753305,"block_hash_ms":0.119429,"db_write_ms":7.712006000000001}
[2026-09-14 17:07:56:677] INFO ⛏️  Closed block #2471 with 0 transactions - 22.716337ms
[2026-09-14 17:07:56:678] RPC starknet_V0_10_2_getBlockWithReceipts 200 871 bytes - 81.000µs
[2026-09-14 17:07:56:682] RPC starknet_V0_10_2_getBlockWithReceipts 200 368 bytes - 35.000µs
[2026-09-14 17:07:56:719] RPC starknet_V0_10_2_getBlockWithTxHashes 200 368 bytes - 64.000µs
[2026-09-14 17:07:56:788] RPC starknet_V0_10_2_blockNumber 200 38 bytes - 10.000µs
[2026-09-14 17:07:57:221] RPC starknet_V0_10_2_getBlockWithTxHashes 200 368 bytes - 65.000µs
[2026-09-14 17:07:57:722] RPC starknet_V0_10_2_getBlockWithTxHashes 200 368 bytes - 65.000µs
[2026-09-14 17:07:58:223] RPC starknet_V0_10_2_getBlockWithTxHashes 200 368 bytes - 64.000µs
[2026-09-14 17:07:58:654] INFO Block 2472 final weights: BouncerWeights { l1_gas: 0, message_segment_length: 0, n_events: 0, state_diff_size: 0, sierra_gas: GasAmount(0), n_txs: 0, proving_gas: GasAmount(0), receipt_l2_gas: GasAmount(0) }.
[2026-09-14 17:07:58:660] INFO Block hash 0x32967a67e1e2026dad39f58a6aa8c309c1a62da0ef821b6f347a79e8998bb30 computed for #2472
{"timestamp":"2026-09-14T17:07:58.679301044Z","level":"INFO","target":"close_block","message":"close_block_complete","block_number":2472,"tx_count":0,"event_count":0,"close_block_total_ms":22.381166,"block_close_ms":22.381166,"close_preconfirmed_ms":22.374951,"block_production_ms":22.387731000000002,"batches_executed":0,"txs_added_to_block":0,"txs_executed":0,"txs_reverted":0,"txs_rejected":0,"classes_declared":0,"l2_gas_consumed":0,"state_diff_len":1,"declared_classes":0,"deployed_contracts":0,"storage_diffs":1,"nonce_updates":0,"consumed_l1_nonces":0,"bouncer_l1_gas":0,"bouncer_sierra_gas":0,"bouncer_n_events":0,"bouncer_message_segment_length":0,"bouncer_state_diff_size":0,"get_full_block_ms":0.003772,"commitments_ms":0.12634399999999998,"merklization_ms":9.742517,"contract_trie_ms":0.922052,"class_trie_ms":0.029613,"contract_storage_trie_commit_ms":3.147632,"contract_trie_commit_ms":2.9639480000000002,"class_trie_commit_ms":2.555931,"block_hash_ms":0.10217899999999999,"db_write_ms":7.863981000000001}
[2026-09-14 17:07:58:679] INFO ⛏️  Closed block #2472 with 0 transactions - 22.381166ms
[2026-09-14 17:07:58:679] RPC starknet_V0_10_2_getBlockWithReceipts 200 871 bytes - 129.000µs
[2026-09-14 17:07:58:684] RPC starknet_V0_10_2_getBlockWithReceipts 200 368 bytes - 34.000µs
[2026-09-14 17:07:58:723] RPC starknet_V0_10_2_getBlockWithTxHashes 200 368 bytes - 90.000µs
[2026-09-14 17:07:58:823] RPC starknet_V0_10_2_blockNumber 200 38 bytes - 10.000µs
[2026-09-14 17:07:59:224] RPC starknet_V0_10_2_getBlockWithTxHashes 200 368 bytes - 74.000µs
[2026-09-14 17:07:59:724] RPC starknet_V0_10_2_getBlockWithTxHashes 200 368 bytes - 115.000µs
[2026-09-14 17:08:00:226] RPC starknet_V0_10_2_getBlockWithTxHashes 200 368 bytes - 91.000µs
[2026-09-14 17:08:00:655] INFO Block 2473 final weights: BouncerWeights { l1_gas: 0, message_segment_length: 0, n_events: 0, state_diff_size: 0, sierra_gas: GasAmount(0), n_txs: 0, proving_gas: GasAmount(0), receipt_l2_gas: GasAmount(0) }.
[2026-09-14 17:08:00:661] INFO Block hash 0x491ab88c99dbaf084751b93e7796378940ad5ff8f27d5eeaee011d86c8cb4bd computed for #2473
{"timestamp":"2026-09-14T17:08:00.679988641Z","level":"INFO","target":"close_block","message":"close_block_complete","block_number":2473,"tx_count":0,"event_count":0,"close_block_total_ms":22.32208,"block_close_ms":22.32208,"close_preconfirmed_ms":22.315305000000002,"block_production_ms":22.328226,"batches_executed":0,"txs_added_to_block":0,"txs_executed":0,"txs_reverted":0,"txs_rejected":0,"classes_declared":0,"l2_gas_consumed":0,"state_diff_len":1,"declared_classes":0,"deployed_contracts":0,"storage_diffs":1,"nonce_updates":0,"consumed_l1_nonces":0,"bouncer_l1_gas":0,"bouncer_sierra_gas":0,"bouncer_n_events":0,"bouncer_message_segment_length":0,"bouncer_state_diff_size":0,"get_full_block_ms":0.003842,"commitments_ms":0.106439,"merklization_ms":10.143410000000001,"contract_trie_ms":1.062504,"class_trie_ms":0.023467000000000002,"contract_storage_trie_commit_ms":3.323284,"contract_trie_commit_ms":2.969256,"class_trie_commit_ms":2.6429549999999997,"block_hash_ms":0.09742999999999999,"db_write_ms":7.5187539999999995}
[2026-09-14 17:08:00:680] INFO ⛏️  Closed block #2473 with 0 transactions - 22.32208ms
[2026-09-14 17:08:00:680] RPC starknet_V0_10_2_getBlockWithReceipts 200 871 bytes - 71.000µs
[2026-09-14 17:08:00:685] RPC starknet_V0_10_2_getBlockWithReceipts 200 368 bytes - 35.000µs
[2026-09-14 17:08:00:727] RPC starknet_V0_10_2_getBlockWithTxHashes 200 368 bytes - 113.000µs
[2026-09-14 17:08:00:863] RPC starknet_V0_10_2_blockNumber 200 38 bytes - 10.000µs
[2026-09-14 17:08:01:229] RPC starknet_V0_10_2_getBlockWithTxHashes 200 368 bytes - 96.000µs
[2026-09-14 17:08:01:728] RPC starknet_V0_10_2_getBlockWithTxHashes 200 368 bytes - 52.000µs
[2026-09-14 17:08:02:084] RPC starknet_V0_9_0_chainId 200 78 bytes - 16.000µs
[2026-09-14 17:08:02:088] RPC starknet_V0_9_0_call 200 280 bytes - 831.000µs
[2026-09-14 17:08:02:115] RPC starknet_V0_9_0_getNonce 200 39 bytes - 108.000µs
[2026-09-14 17:08:02:119] RPC starknet_V0_9_0_simulateTransactions 41 424 bytes - 3.444ms
[2026-09-14 17:08:02:121] RPC starknet_V0_9_0_simulateTransactions 200 1368 bytes - 1.865ms
[2026-09-14 17:08:02:124] RPC starknet_V0_9_0_estimateFee 41 681 bytes - 1.720ms
[2026-09-14 17:08:02:124] RPC starknet_V0_9_0_call 40 641 bytes - 563.000µs
[2026-09-14 17:08:02:128] RPC starknet_V0_10_2_call 200 280 bytes - 464.000µs
[2026-09-14 17:08:02:128] RPC starknet_V0_10_2_getBlockWithTxHashes 200 869 bytes - 47.000µs
[2026-09-14 17:08:02:130] RPC starknet_V0_10_2_call 40 645 bytes - 406.000µs
[2026-09-14 17:08:02:131] RPC starknet_V0_10_2_call 40 645 bytes - 371.000µs
[2026-09-14 17:08:02:133] RPC starknet_V0_10_2_call 200 280 bytes - 485.000µs
[2026-09-14 17:08:02:133] RPC starknet_V0_10_2_getBlockWithTxHashes 200 869 bytes - 40.000µs
[2026-09-14 17:08:02:135] RPC starknet_V0_10_2_call 200 280 bytes - 497.000µs
[2026-09-14 17:08:02:136] RPC starknet_V0_10_2_getBlockWithTxHashes 200 869 bytes - 37.000µs
[2026-09-14 17:08:02:151] RPC starknet_V0_10_2_call 200 59 bytes - 632.000µs
[2026-09-14 17:08:02:153] RPC starknet_V0_10_2_getNonce 200 39 bytes - 45.000µs
[2026-09-14 17:08:02:161] INFO 🔖 Inserted 1 transaction to the mempool [1/10000 transaction(s), 1 account(s), 1 ready]
[2026-09-14 17:08:02:161] RPC starknet_V0_10_2_addInvokeTransaction 200 122 bytes - 1.855ms
[2026-09-14 17:08:02:162] RPC starknet_V0_10_2_call 200 59 bytes - 848.000µs
[2026-09-14 17:08:02:162] RPC starknet_V0_10_2_getTransactionStatus 200 88 bytes - 48.000µs
[2026-09-14 17:08:02:174] RPC starknet_V0_10_2_call 200 59 bytes - 614.000µs
[2026-09-14 17:08:02:174] RPC starknet_V0_10_2_getTransactionStatus 200 88 bytes - 23.000µs
{"timestamp":"2026-09-14T17:08:02.177535223Z","level":"INFO","target":"sequencer_randomness","message":"randomness_submission_checks","action":"0x7b1523a63ac9864bc87d06e8157a89969501745bc9001546137bf98855e5944","order":4,"transaction":"0x3bb6c1105f96e8675ee821f66593a344ca834ca11d8093254f2cccb37ca00f7","checks_ms":16.315822}
{"timestamp":"2026-09-14T17:08:02.184071092Z","level":"INFO","target":"execution_measurement","message":"execution_batch_member","transaction":"0x3bb6c1105f96e8675ee821f66593a344ca834ca11d8093254f2cccb37ca00f7","batch_count":1,"batch_execution_ms":6.425728,"amortized_execution_ms":6.425728,"l2_gas":4409255,"reverted":false}
{"timestamp":"2026-09-14T17:08:02.185517936Z","level":"INFO","target":"execution_measurement","message":"preconfirmed_persistence","transaction":"0x3bb6c1105f96e8675ee821f66593a344ca834ca11d8093254f2cccb37ca00f7","block_number":2474,"batch_count":1,"event_count":1,"batch_persistence_ms":1.3838469999999998}
[2026-09-14 17:08:02:185] INFO 🧮 Executed and added 1 transaction(s) to the preconfirmed block at height 2474 - 6.426ms
[2026-09-14 17:08:02:186] RPC starknet_V0_10_2_call 200 245 bytes - 537.000µs
[2026-09-14 17:08:02:214] RPC starknet_V0_9_0_call 200 245 bytes - 575.000µs
[2026-09-14 17:08:02:215] RPC starknet_V0_9_0_call 200 280 bytes - 476.000µs
[2026-09-14 17:08:02:217] RPC starknet_V0_10_2_call 200 280 bytes - 400.000µs
[2026-09-14 17:08:02:219] RPC starknet_V0_9_0_call 200 245 bytes - 395.000µs
[2026-09-14 17:08:02:228] RPC starknet_V0_10_2_getBlockWithTxHashes 200 435 bytes - 21.000µs
[2026-09-14 17:08:02:656] INFO Block 2474 final weights: BouncerWeights { l1_gas: 0, message_segment_length: 0, n_events: 1, state_diff_size: 26, sierra_gas: GasAmount(40837655), n_txs: 1, proving_gas: GasAmount(51353106), receipt_l2_gas: GasAmount(4409255) }.
[2026-09-14 17:08:02:659] INFO Block hash 0x29eacb31e3158a54b8b8dfda0a73c4d7f1d01984c12298731ebe08ead44580f computed for #2474
{"timestamp":"2026-09-14T17:08:02.680406999Z","level":"INFO","target":"close_block","message":"close_block_complete","block_number":2474,"tx_count":1,"event_count":1,"close_block_total_ms":23.826263,"block_close_ms":23.826263,"close_preconfirmed_ms":23.817324,"block_production_ms":501.33930599999997,"batches_executed":1,"txs_added_to_block":1,"txs_executed":1,"txs_reverted":0,"txs_rejected":0,"classes_declared":0,"l2_gas_consumed":4409255,"state_diff_len":13,"declared_classes":0,"deployed_contracts":0,"storage_diffs":2,"nonce_updates":1,"consumed_l1_nonces":0,"bouncer_l1_gas":0,"bouncer_sierra_gas":40837655,"bouncer_n_events":1,"bouncer_message_segment_length":0,"bouncer_state_diff_size":26,"get_full_block_ms":0.02626,"commitments_ms":0.27370999999999995,"merklization_ms":10.16073,"contract_trie_ms":0.926592,"class_trie_ms":0.021232,"contract_storage_trie_commit_ms":3.662856,"contract_trie_commit_ms":2.9652749999999997,"class_trie_commit_ms":2.494821,"block_hash_ms":0.06872500000000001,"db_write_ms":10.023561}
[2026-09-14 17:08:02:680] INFO ⛏️  Closed block #2474 with 1 transactions - 23.826263ms
[2026-09-14 17:08:02:681] RPC starknet_V0_10_2_getBlockWithReceipts 200 3206 bytes - 92.000µs
[2026-09-14 17:08:02:692] RPC starknet_V0_10_2_getBlockWithReceipts 200 368 bytes - 75.000µs
[2026-09-14 17:08:02:729] RPC starknet_V0_10_2_getBlockWithTxHashes 200 368 bytes - 86.000µs
[2026-09-14 17:08:02:903] RPC starknet_V0_10_2_blockNumber 200 38 bytes - 10.000µs
[2026-09-14 17:08:03:231] RPC starknet_V0_10_2_getBlockWithTxHashes 200 368 bytes - 97.000µs
[2026-09-14 17:08:03:731] RPC starknet_V0_10_2_getBlockWithTxHashes 200 368 bytes - 58.000µs
[2026-09-14 17:08:04:232] RPC starknet_V0_10_2_getBlockWithTxHashes 200 368 bytes - 59.000µs
[2026-09-14 17:08:04:657] INFO Block 2475 final weights: BouncerWeights { l1_gas: 0, message_segment_length: 0, n_events: 0, state_diff_size: 0, sierra_gas: GasAmount(0), n_txs: 0, proving_gas: GasAmount(0), receipt_l2_gas: GasAmount(0) }.
[2026-09-14 17:08:04:664] INFO Block hash 0x58a2cd3751a7dc1fd5a5788c401779c8731b8bbf2990b17aa75a7b5799c3d10 computed for #2475
{"timestamp":"2026-09-14T17:08:04.682337432Z","level":"INFO","target":"close_block","message":"close_block_complete","block_number":2475,"tx_count":0,"event_count":0,"close_block_total_ms":21.000113000000002,"block_close_ms":21.000113000000002,"close_preconfirmed_ms":20.992569999999997,"block_production_ms":21.005841,"batches_executed":0,"txs_added_to_block":0,"txs_executed":0,"txs_reverted":0,"txs_rejected":0,"classes_declared":0,"l2_gas_consumed":0,"state_diff_len":1,"declared_classes":0,"deployed_contracts":0,"storage_diffs":1,"nonce_updates":0,"consumed_l1_nonces":0,"bouncer_l1_gas":0,"bouncer_sierra_gas":0,"bouncer_n_events":0,"bouncer_message_segment_length":0,"bouncer_state_diff_size":0,"get_full_block_ms":0.003282,"commitments_ms":0.094216,"merklization_ms":9.27751,"contract_trie_ms":0.7039359999999999,"class_trie_ms":0.047911,"contract_storage_trie_commit_ms":2.903186,"contract_trie_commit_ms":3.011371,"class_trie_commit_ms":2.522478,"block_hash_ms":0.086953,"db_write_ms":7.359374}
[2026-09-14 17:08:04:682] INFO ⛏️  Closed block #2475 with 0 transactions - 21.000113ms
[2026-09-14 17:08:04:682] RPC starknet_V0_10_2_getBlockWithReceipts 200 871 bytes - 62.000µs
[2026-09-14 17:08:04:687] RPC starknet_V0_10_2_getBlockWithReceipts 200 368 bytes - 69.000µs
[2026-09-14 17:08:04:732] RPC starknet_V0_10_2_getBlockWithTxHashes 200 368 bytes - 61.000µs
[2026-09-14 17:08:04:940] RPC starknet_V0_10_2_blockNumber 200 38 bytes - 10.000µs
[2026-09-14 17:08:05:234] RPC starknet_V0_10_2_getBlockWithTxHashes 200 368 bytes - 58.000µs
[2026-09-14 17:08:05:735] RPC starknet_V0_10_2_getBlockWithTxHashes 200 368 bytes - 123.000µs
[2026-09-14 17:08:06:236] RPC starknet_V0_10_2_getBlockWithTxHashes 200 368 bytes - 66.000µs
[2026-09-14 17:08:06:659] INFO Block 2476 final weights: BouncerWeights { l1_gas: 0, message_segment_length: 0, n_events: 0, state_diff_size: 0, sierra_gas: GasAmount(0), n_txs: 0, proving_gas: GasAmount(0), receipt_l2_gas: GasAmount(0) }.
[2026-09-14 17:08:06:664] INFO Block hash 0x50c8d925c805a95e63880cb9b35b8d0bc689c449ace4b3daa4f9ef017ed4bf0 computed for #2476
{"timestamp":"2026-09-14T17:08:06.682480543Z","level":"INFO","target":"close_block","message":"close_block_complete","block_number":2476,"tx_count":0,"event_count":0,"close_block_total_ms":21.24463,"block_close_ms":21.24463,"close_preconfirmed_ms":21.236668,"block_production_ms":21.251264,"batches_executed":0,"txs_added_to_block":0,"txs_executed":0,"txs_reverted":0,"txs_rejected":0,"classes_declared":0,"l2_gas_consumed":0,"state_diff_len":1,"declared_classes":0,"deployed_contracts":0,"storage_diffs":1,"nonce_updates":0,"consumed_l1_nonces":0,"bouncer_l1_gas":0,"bouncer_sierra_gas":0,"bouncer_n_events":0,"bouncer_message_segment_length":0,"bouncer_state_diff_size":0,"get_full_block_ms":0.003282,"commitments_ms":0.10448299999999999,"merklization_ms":9.111217,"contract_trie_ms":0.691644,"class_trie_ms":0.029054999999999997,"contract_storage_trie_commit_ms":2.930005,"contract_trie_commit_ms":2.8908240000000003,"class_trie_commit_ms":2.479246,"block_hash_ms":0.070959,"db_write_ms":7.4199269999999995}
[2026-09-14 17:08:06:682] INFO ⛏️  Closed block #2476 with 0 transactions - 21.24463ms
[2026-09-14 17:08:06:683] RPC starknet_V0_10_2_getBlockWithReceipts 200 871 bytes - 58.000µs
[2026-09-14 17:08:06:687] RPC starknet_V0_10_2_getBlockWithReceipts 200 368 bytes - 59.000µs
[2026-09-14 17:08:06:736] RPC starknet_V0_10_2_getBlockWithTxHashes 200 368 bytes - 66.000µs
[2026-09-14 17:08:06:979] RPC starknet_V0_10_2_blockNumber 200 38 bytes - 13.000µs
[2026-09-14 17:08:07:236] RPC starknet_V0_10_2_getBlockWithTxHashes 200 368 bytes - 63.000µs
[2026-09-14 17:08:07:736] RPC starknet_V0_10_2_getBlockWithTxHashes 200 368 bytes - 63.000µs
[2026-09-14 17:08:08:238] RPC starknet_V0_10_2_getBlockWithTxHashes 200 368 bytes - 59.000µs
[2026-09-14 17:08:08:660] INFO Block 2477 final weights: BouncerWeights { l1_gas: 0, message_segment_length: 0, n_events: 0, state_diff_size: 0, sierra_gas: GasAmount(0), n_txs: 0, proving_gas: GasAmount(0), receipt_l2_gas: GasAmount(0) }.
[2026-09-14 17:08:08:666] INFO Block hash 0x33e32fcdbd60c363810fd0026ad0b044e93e1c99c8e182bd9828cbcf3c72270 computed for #2477
{"timestamp":"2026-09-14T17:08:08.683583909Z","level":"INFO","target":"close_block","message":"close_block_complete","block_number":2477,"tx_count":0,"event_count":0,"close_block_total_ms":20.910995000000003,"block_close_ms":20.910995000000003,"close_preconfirmed_ms":20.904709,"block_production_ms":20.916722,"batches_executed":0,"txs_added_to_block":0,"txs_executed":0,"txs_reverted":0,"txs_rejected":0,"classes_declared":0,"l2_gas_consumed":0,"state_diff_len":1,"declared_classes":0,"deployed_contracts":0,"storage_diffs":1,"nonce_updates":0,"consumed_l1_nonces":0,"bouncer_l1_gas":0,"bouncer_sierra_gas":0,"bouncer_n_events":0,"bouncer_message_segment_length":0,"bouncer_state_diff_size":0,"get_full_block_ms":0.0028640000000000002,"commitments_ms":0.10902300000000001,"merklization_ms":9.114989,"contract_trie_ms":0.644011,"class_trie_ms":0.027658,"contract_storage_trie_commit_ms":2.9714210000000003,"contract_trie_commit_ms":2.8905440000000002,"class_trie_commit_ms":2.4973349999999996,"block_hash_ms":0.07054,"db_write_ms":7.362447}
[2026-09-14 17:08:08:683] INFO ⛏️  Closed block #2477 with 0 transactions - 20.910995ms
[2026-09-14 17:08:08:684] RPC starknet_V0_10_2_getBlockWithReceipts 200 871 bytes - 53.000µs
[2026-09-14 17:08:08:688] RPC starknet_V0_10_2_getBlockWithReceipts 200 368 bytes - 44.000µs
[2026-09-14 17:08:08:738] RPC starknet_V0_10_2_getBlockWithTxHashes 200 368 bytes - 55.000µs
[2026-09-14 17:08:09:016] RPC starknet_V0_10_2_blockNumber 200 38 bytes - 10.000µs
[2026-09-14 17:08:09:239] RPC starknet_V0_10_2_getBlockWithTxHashes 200 368 bytes - 72.000µs
[2026-09-14 17:08:09:740] RPC starknet_V0_10_2_getBlockWithTxHashes 200 368 bytes - 53.000µs
[2026-09-14 17:08:10:240] RPC starknet_V0_10_2_getBlockWithTxHashes 200 368 bytes - 55.000µs
[2026-09-14 17:08:10:662] INFO Block 2478 final weights: BouncerWeights { l1_gas: 0, message_segment_length: 0, n_events: 0, state_diff_size: 0, sierra_gas: GasAmount(0), n_txs: 0, proving_gas: GasAmount(0), receipt_l2_gas: GasAmount(0) }.
[2026-09-14 17:08:10:667] INFO Block hash 0x4f3e4486f1b876c8332f009243dd51cc5996393bc11e4dc159bdfb39de2c8c6 computed for #2478
{"timestamp":"2026-09-14T17:08:10.684312574Z","level":"INFO","target":"close_block","message":"close_block_complete","block_number":2478,"tx_count":0,"event_count":0,"close_block_total_ms":20.263632,"block_close_ms":20.263632,"close_preconfirmed_ms":20.256438000000003,"block_production_ms":20.26831,"batches_executed":0,"txs_added_to_block":0,"txs_executed":0,"txs_reverted":0,"txs_rejected":0,"classes_declared":0,"l2_gas_consumed":0,"state_diff_len":1,"declared_classes":0,"deployed_contracts":0,"storage_diffs":1,"nonce_updates":0,"consumed_l1_nonces":0,"bouncer_l1_gas":0,"bouncer_sierra_gas":0,"bouncer_n_events":0,"bouncer_message_segment_length":0,"bouncer_state_diff_size":0,"get_full_block_ms":0.0032830000000000003,"commitments_ms":0.078572,"merklization_ms":8.794623999999999,"contract_trie_ms":0.637167,"class_trie_ms":0.023257,"contract_storage_trie_commit_ms":2.738568,"contract_trie_commit_ms":2.733958,"class_trie_commit_ms":2.571436,"block_hash_ms":0.068515,"db_write_ms":7.18931}
[2026-09-14 17:08:10:684] INFO ⛏️  Closed block #2478 with 0 transactions - 20.263632ms
[2026-09-14 17:08:10:684] RPC starknet_V0_10_2_getBlockWithReceipts 200 871 bytes - 50.000µs
[2026-09-14 17:08:10:688] RPC starknet_V0_10_2_getBlockWithReceipts 200 368 bytes - 56.000µs
[2026-09-14 17:08:10:740] RPC starknet_V0_10_2_getBlockWithTxHashes 200 368 bytes - 57.000µs
[2026-09-14 17:08:11:053] RPC starknet_V0_10_2_blockNumber 200 38 bytes - 10.000µs
[2026-09-14 17:08:11:241] RPC starknet_V0_10_2_getBlockWithTxHashes 200 368 bytes - 56.000µs
[2026-09-14 17:08:11:741] RPC starknet_V0_10_2_getBlockWithTxHashes 200 368 bytes - 56.000µs
[2026-09-14 17:08:12:243] RPC starknet_V0_10_2_getBlockWithTxHashes 200 368 bytes - 56.000µs
[2026-09-14 17:08:12:663] INFO Block 2479 final weights: BouncerWeights { l1_gas: 0, message_segment_length: 0, n_events: 0, state_diff_size: 0, sierra_gas: GasAmount(0), n_txs: 0, proving_gas: GasAmount(0), receipt_l2_gas: GasAmount(0) }.
[2026-09-14 17:08:12:669] INFO Block hash 0x1268a8fd9f1425f772d167147fb38a54abc79758de03ad5dc83da3ba7442801 computed for #2479
{"timestamp":"2026-09-14T17:08:12.686671906Z","level":"INFO","target":"close_block","message":"close_block_complete","block_number":2479,"tx_count":0,"event_count":0,"close_block_total_ms":20.415747000000003,"block_close_ms":20.415747000000003,"close_preconfirmed_ms":20.40995,"block_production_ms":20.421055,"batches_executed":0,"txs_added_to_block":0,"txs_executed":0,"txs_reverted":0,"txs_rejected":0,"classes_declared":0,"l2_gas_consumed":0,"state_diff_len":1,"declared_classes":0,"deployed_contracts":0,"storage_diffs":1,"nonce_updates":0,"consumed_l1_nonces":0,"bouncer_l1_gas":0,"bouncer_sierra_gas":0,"bouncer_n_events":0,"bouncer_message_segment_length":0,"bouncer_state_diff_size":0,"get_full_block_ms":0.003353,"commitments_ms":0.094287,"merklization_ms":8.803355,"contract_trie_ms":0.694228,"class_trie_ms":0.021511000000000002,"contract_storage_trie_commit_ms":2.911846,"contract_trie_commit_ms":2.726625,"class_trie_commit_ms":2.363448,"block_hash_ms":0.069562,"db_write_ms":7.3549050000000005}
[2026-09-14 17:08:12:686] INFO ⛏️  Closed block #2479 with 0 transactions - 20.415747ms
[2026-09-14 17:08:12:687] RPC starknet_V0_10_2_getBlockWithReceipts 200 871 bytes - 51.000µs
[2026-09-14 17:08:12:690] RPC starknet_V0_10_2_getBlockWithReceipts 200 368 bytes - 36.000µs
[2026-09-14 17:08:12:742] RPC starknet_V0_10_2_getBlockWithTxHashes 200 368 bytes - 61.000µs
[2026-09-14 17:08:13:089] RPC starknet_V0_10_2_blockNumber 200 38 bytes - 9.000µs
[2026-09-14 17:08:13:245] RPC starknet_V0_10_2_getBlockWithTxHashes 200 368 bytes - 55.000µs
[2026-09-14 17:08:13:745] RPC starknet_V0_10_2_getBlockWithTxHashes 200 368 bytes - 116.000µs
[2026-09-14 17:08:14:245] RPC starknet_V0_10_2_getBlockWithTxHashes 200 368 bytes - 56.000µs
[2026-09-14 17:08:14:665] INFO Block 2480 final weights: BouncerWeights { l1_gas: 0, message_segment_length: 0, n_events: 0, state_diff_size: 0, sierra_gas: GasAmount(0), n_txs: 0, proving_gas: GasAmount(0), receipt_l2_gas: GasAmount(0) }.
[2026-09-14 17:08:14:670] INFO Block hash 0x6d44ee4ecf08dddc662749f4523558eecc361dece3d96c65ee740a973819e96 computed for #2480
{"timestamp":"2026-09-14T17:08:14.685927746Z","level":"INFO","target":"close_block","message":"close_block_complete","block_number":2480,"tx_count":0,"event_count":0,"close_block_total_ms":18.359254,"block_close_ms":18.359254,"close_preconfirmed_ms":18.354435,"block_production_ms":18.364073,"batches_executed":0,"txs_added_to_block":0,"txs_executed":0,"txs_reverted":0,"txs_rejected":0,"classes_declared":0,"l2_gas_consumed":0,"state_diff_len":1,"declared_classes":0,"deployed_contracts":0,"storage_diffs":1,"nonce_updates":0,"consumed_l1_nonces":0,"bouncer_l1_gas":0,"bouncer_sierra_gas":0,"bouncer_n_events":0,"bouncer_message_segment_length":0,"bouncer_state_diff_size":0,"get_full_block_ms":0.003352,"commitments_ms":0.070051,"merklization_ms":7.908191,"contract_trie_ms":0.677884,"class_trie_ms":0.021442,"contract_storage_trie_commit_ms":2.583939,"contract_trie_commit_ms":2.445652,"class_trie_commit_ms":2.0961640000000004,"block_hash_ms":0.06788599999999999,"db_write_ms":6.52637}
[2026-09-14 17:08:14:685] INFO ⛏️  Closed block #2480 with 0 transactions - 18.359254ms
[2026-09-14 17:08:14:686] RPC starknet_V0_10_2_getBlockWithReceipts 200 871 bytes - 60.000µs
[2026-09-14 17:08:14:690] RPC starknet_V0_10_2_getBlockWithReceipts 200 368 bytes - 38.000µs
[2026-09-14 17:08:14:745] RPC starknet_V0_10_2_getBlockWithTxHashes 200 368 bytes - 54.000µs
[2026-09-14 17:08:15:127] RPC starknet_V0_10_2_blockNumber 200 38 bytes - 10.000µs
[2026-09-14 17:08:15:246] RPC starknet_V0_10_2_getBlockWithTxHashes 200 368 bytes - 55.000µs
[2026-09-14 17:08:15:746] RPC starknet_V0_10_2_getBlockWithTxHashes 200 368 bytes - 58.000µs
[2026-09-14 17:08:16:246] RPC starknet_V0_10_2_getBlockWithTxHashes 200 368 bytes - 76.000µs
[2026-09-14 17:08:16:666] INFO Block 2481 final weights: BouncerWeights { l1_gas: 0, message_segment_length: 0, n_events: 0, state_diff_size: 0, sierra_gas: GasAmount(0), n_txs: 0, proving_gas: GasAmount(0), receipt_l2_gas: GasAmount(0) }.
[2026-09-14 17:08:16:672] INFO Block hash 0x6f2d6286b021a2da7b111bd01d6e7f23c3629727d8bed325ba516e456ce6aef computed for #2481
{"timestamp":"2026-09-14T17:08:16.688948271Z","level":"INFO","target":"close_block","message":"close_block_complete","block_number":2481,"tx_count":0,"event_count":0,"close_block_total_ms":19.747919,"block_close_ms":19.747919,"close_preconfirmed_ms":19.741634,"block_production_ms":19.752598,"batches_executed":0,"txs_added_to_block":0,"txs_executed":0,"txs_reverted":0,"txs_rejected":0,"classes_declared":0,"l2_gas_consumed":0,"state_diff_len":1,"declared_classes":0,"deployed_contracts":0,"storage_diffs":1,"nonce_updates":0,"consumed_l1_nonces":0,"bouncer_l1_gas":0,"bouncer_sierra_gas":0,"bouncer_n_events":0,"bouncer_message_segment_length":0,"bouncer_state_diff_size":0,"get_full_block_ms":0.002375,"commitments_ms":0.071518,"merklization_ms":8.656966,"contract_trie_ms":0.696882,"class_trie_ms":0.021931,"contract_storage_trie_commit_ms":2.78641,"contract_trie_commit_ms":2.641908,"class_trie_commit_ms":2.426864,"block_hash_ms":0.067677,"db_write_ms":6.933059}
[2026-09-14 17:08:16:689] INFO ⛏️  Closed block #2481 with 0 transactions - 19.747919ms
[2026-09-14 17:08:16:689] RPC starknet_V0_10_2_getBlockWithReceipts 200 870 bytes - 53.000µs
[2026-09-14 17:08:16:693] RPC starknet_V0_10_2_getBlockWithReceipts 200 368 bytes - 33.000µs
[2026-09-14 17:08:16:746] RPC starknet_V0_10_2_getBlockWithTxHashes 200 368 bytes - 55.000µs
[2026-09-14 17:08:17:165] RPC starknet_V0_10_2_blockNumber 200 38 bytes - 10.000µs
[2026-09-14 17:08:17:247] RPC starknet_V0_10_2_getBlockWithTxHashes 200 368 bytes - 55.000µs
[2026-09-14 17:08:17:748] RPC starknet_V0_10_2_getBlockWithTxHashes 200 368 bytes - 71.000µs
[2026-09-14 17:08:18:247] RPC starknet_V0_10_2_getBlockWithTxHashes 200 368 bytes - 55.000µs
[2026-09-14 17:08:18:667] INFO Block 2482 final weights: BouncerWeights { l1_gas: 0, message_segment_length: 0, n_events: 0, state_diff_size: 0, sierra_gas: GasAmount(0), n_txs: 0, proving_gas: GasAmount(0), receipt_l2_gas: GasAmount(0) }.
[2026-09-14 17:08:18:672] INFO Block hash 0x33717ccf03012acfb7e00329c8893f1f8560d8874923c45dbd74115890b07d1 computed for #2482
{"timestamp":"2026-09-14T17:08:18.688316137Z","level":"INFO","target":"close_block","message":"close_block_complete","block_number":2482,"tx_count":0,"event_count":0,"close_block_total_ms":19.013812,"block_close_ms":19.013812,"close_preconfirmed_ms":19.007665,"block_production_ms":19.020377,"batches_executed":0,"txs_added_to_block":0,"txs_executed":0,"txs_reverted":0,"txs_rejected":0,"classes_declared":0,"l2_gas_consumed":0,"state_diff_len":1,"declared_classes":0,"deployed_contracts":0,"storage_diffs":1,"nonce_updates":0,"consumed_l1_nonces":0,"bouncer_l1_gas":0,"bouncer_sierra_gas":0,"bouncer_n_events":0,"bouncer_message_segment_length":0,"bouncer_state_diff_size":0,"get_full_block_ms":0.003353,"commitments_ms":0.088699,"merklization_ms":8.441224,"contract_trie_ms":0.6334650000000001,"class_trie_ms":0.023676000000000003,"contract_storage_trie_commit_ms":2.615577,"contract_trie_commit_ms":2.567875,"class_trie_commit_ms":2.4964969999999997,"block_hash_ms":0.08255299999999999,"db_write_ms":6.696854}
[2026-09-14 17:08:18:688] INFO ⛏️  Closed block #2482 with 0 transactions - 19.013812ms
[2026-09-14 17:08:18:688] RPC starknet_V0_10_2_getBlockWithReceipts 200 871 bytes - 48.000µs
[2026-09-14 17:08:18:692] RPC starknet_V0_10_2_getBlockWithReceipts 200 368 bytes - 33.000µs
[2026-09-14 17:08:18:747] RPC starknet_V0_10_2_getBlockWithTxHashes 200 368 bytes - 56.000µs
[2026-09-14 17:08:19:203] RPC starknet_V0_10_2_blockNumber 200 38 bytes - 9.000µs
[2026-09-14 17:08:19:247] RPC starknet_V0_10_2_getBlockWithTxHashes 200 368 bytes - 57.000µs
[2026-09-14 17:08:19:749] RPC starknet_V0_10_2_getBlockWithTxHashes 200 368 bytes - 77.000µs
[2026-09-14 17:08:20:249] RPC starknet_V0_10_2_getBlockWithTxHashes 200 368 bytes - 56.000µs
[2026-09-14 17:08:20:668] INFO Block 2483 final weights: BouncerWeights { l1_gas: 0, message_segment_length: 0, n_events: 0, state_diff_size: 0, sierra_gas: GasAmount(0), n_txs: 0, proving_gas: GasAmount(0), receipt_l2_gas: GasAmount(0) }.
[2026-09-14 17:08:20:674] INFO Block hash 0x1229d7eb52477e97d9d11fcd9db76dbd262cf02d6ebad9931f30757397a83c computed for #2483
{"timestamp":"2026-09-14T17:08:20.690977256Z","level":"INFO","target":"close_block","message":"close_block_complete","block_number":2483,"tx_count":0,"event_count":0,"close_block_total_ms":19.328308999999997,"block_close_ms":19.328308999999997,"close_preconfirmed_ms":19.321675,"block_production_ms":19.333897,"batches_executed":0,"txs_added_to_block":0,"txs_executed":0,"txs_reverted":0,"txs_rejected":0,"classes_declared":0,"l2_gas_consumed":0,"state_diff_len":1,"declared_classes":0,"deployed_contracts":0,"storage_diffs":1,"nonce_updates":0,"consumed_l1_nonces":0,"bouncer_l1_gas":0,"bouncer_sierra_gas":0,"bouncer_n_events":0,"bouncer_message_segment_length":0,"bouncer_state_diff_size":0,"get_full_block_ms":0.0032830000000000003,"commitments_ms":0.08388000000000001,"merklization_ms":8.562749,"contract_trie_ms":0.724609,"class_trie_ms":0.022139,"contract_storage_trie_commit_ms":2.973377,"contract_trie_commit_ms":2.513748,"class_trie_commit_ms":2.236545,"block_hash_ms":0.06900400000000001,"db_write_ms":6.568624000000001}
[2026-09-14 17:08:20:691] INFO ⛏️  Closed block #2483 with 0 transactions - 19.328309ms
[2026-09-14 17:08:20:691] RPC starknet_V0_10_2_getBlockWithReceipts 200 870 bytes - 50.000µs
[2026-09-14 17:08:20:695] RPC starknet_V0_10_2_getBlockWithReceipts 200 368 bytes - 30.000µs
[2026-09-14 17:08:20:750] RPC starknet_V0_10_2_getBlockWithTxHashes 200 368 bytes - 58.000µs
[2026-09-14 17:08:21:240] RPC starknet_V0_10_2_blockNumber 200 38 bytes - 11.000µs
[2026-09-14 17:08:21:250] RPC starknet_V0_10_2_getBlockWithTxHashes 200 368 bytes - 57.000µs
[2026-09-14 17:08:21:752] RPC starknet_V0_10_2_getBlockWithTxHashes 200 368 bytes - 53.000µs
[2026-09-14 17:08:22:253] RPC starknet_V0_10_2_getBlockWithTxHashes 200 368 bytes - 55.000µs
[2026-09-14 17:08:22:670] INFO Block 2484 final weights: BouncerWeights { l1_gas: 0, message_segment_length: 0, n_events: 0, state_diff_size: 0, sierra_gas: GasAmount(0), n_txs: 0, proving_gas: GasAmount(0), receipt_l2_gas: GasAmount(0) }.
[2026-09-14 17:08:22:675] INFO Block hash 0x79cf1d1def72a4e01bd94741b800898cf7894141ff36f267ce73e435e230e8a computed for #2484
{"timestamp":"2026-09-14T17:08:22.690998911Z","level":"INFO","target":"close_block","message":"close_block_complete","block_number":2484,"tx_count":0,"event_count":0,"close_block_total_ms":18.81574,"block_close_ms":18.81574,"close_preconfirmed_ms":18.809664,"block_production_ms":18.821048,"batches_executed":0,"txs_added_to_block":0,"txs_executed":0,"txs_reverted":0,"txs_rejected":0,"classes_declared":0,"l2_gas_consumed":0,"state_diff_len":1,"declared_classes":0,"deployed_contracts":0,"storage_diffs":1,"nonce_updates":0,"consumed_l1_nonces":0,"bouncer_l1_gas":0,"bouncer_sierra_gas":0,"bouncer_n_events":0,"bouncer_message_segment_length":0,"bouncer_state_diff_size":0,"get_full_block_ms":0.002863,"commitments_ms":0.125925,"merklization_ms":8.132522999999999,"contract_trie_ms":0.736133,"class_trie_ms":0.025003,"contract_storage_trie_commit_ms":2.649869,"contract_trie_commit_ms":2.485182,"class_trie_commit_ms":2.1405819999999998,"block_hash_ms":0.069423,"db_write_ms":6.647196999999999}
[2026-09-14 17:08:22:691] INFO ⛏️  Closed block #2484 with 0 transactions - 18.81574ms
[2026-09-14 17:08:22:691] RPC starknet_V0_10_2_getBlockWithReceipts 200 870 bytes - 51.000µs
[2026-09-14 17:08:22:695] RPC starknet_V0_10_2_getBlockWithReceipts 200 368 bytes - 30.000µs
[2026-09-14 17:08:22:753] RPC starknet_V0_10_2_getBlockWithTxHashes 200 368 bytes - 56.000µs
[2026-09-14 17:08:23:252] RPC starknet_V0_10_2_getBlockWithTxHashes 200 368 bytes - 54.000µs
[2026-09-14 17:08:23:278] RPC starknet_V0_10_2_blockNumber 200 38 bytes - 11.000µs
[2026-09-14 17:08:23:753] RPC starknet_V0_10_2_getBlockWithTxHashes 200 368 bytes - 57.000µs
[2026-09-14 17:08:24:254] RPC starknet_V0_10_2_getBlockWithTxHashes 200 368 bytes - 65.000µs
[2026-09-14 17:08:24:671] INFO Block 2485 final weights: BouncerWeights { l1_gas: 0, message_segment_length: 0, n_events: 0, state_diff_size: 0, sierra_gas: GasAmount(0), n_txs: 0, proving_gas: GasAmount(0), receipt_l2_gas: GasAmount(0) }.
[2026-09-14 17:08:24:676] INFO Block hash 0x7a3e9e56624495573755ba780cd3e8a3c20429c89232988ed5ec3e2c4af0478 computed for #2485
{"timestamp":"2026-09-14T17:08:24.692027477Z","level":"INFO","target":"close_block","message":"close_block_complete","block_number":2485,"tx_count":0,"event_count":0,"close_block_total_ms":18.713841,"block_close_ms":18.713841,"close_preconfirmed_ms":18.707136,"block_production_ms":18.721453999999998,"batches_executed":0,"txs_added_to_block":0,"txs_executed":0,"txs_reverted":0,"txs_rejected":0,"classes_declared":0,"l2_gas_consumed":0,"state_diff_len":1,"declared_classes":0,"deployed_contracts":0,"storage_diffs":1,"nonce_updates":0,"consumed_l1_nonces":0,"bouncer_l1_gas":0,"bouncer_sierra_gas":0,"bouncer_n_events":0,"bouncer_message_segment_length":0,"bouncer_state_diff_size":0,"get_full_block_ms":0.0029330000000000003,"commitments_ms":0.077315,"merklization_ms":8.353084,"contract_trie_ms":0.727683,"class_trie_ms":0.019626,"contract_storage_trie_commit_ms":2.6584600000000003,"contract_trie_commit_ms":2.4458610000000003,"class_trie_commit_ms":2.414153,"block_hash_ms":0.06872400000000001,"db_write_ms":6.56639}
[2026-09-14 17:08:24:692] INFO ⛏️  Closed block #2485 with 0 transactions - 18.713841ms
[2026-09-14 17:08:24:692] RPC starknet_V0_10_2_getBlockWithReceipts 200 871 bytes - 48.000µs
[2026-09-14 17:08:24:695] RPC starknet_V0_10_2_getBlockWithReceipts 200 368 bytes - 24.000µs
[2026-09-14 17:08:24:754] RPC starknet_V0_10_2_getBlockWithTxHashes 200 368 bytes - 56.000µs
[2026-09-14 17:08:25:256] RPC starknet_V0_10_2_getBlockWithTxHashes 200 368 bytes - 65.000µs
[2026-09-14 17:08:25:314] RPC starknet_V0_10_2_blockNumber 200 38 bytes - 11.000µs
[2026-09-14 17:08:25:756] RPC starknet_V0_10_2_getBlockWithTxHashes 200 368 bytes - 54.000µs
[2026-09-14 17:08:26:257] RPC starknet_V0_10_2_getBlockWithTxHashes 200 368 bytes - 66.000µs
[2026-09-14 17:08:26:673] INFO Block 2486 final weights: BouncerWeights { l1_gas: 0, message_segment_length: 0, n_events: 0, state_diff_size: 0, sierra_gas: GasAmount(0), n_txs: 0, proving_gas: GasAmount(0), receipt_l2_gas: GasAmount(0) }.
[2026-09-14 17:08:26:678] INFO Block hash 0x3cdb18d1ed7116d98ec38d3c9e21fd1ccb45d1ab4771bb33926f83c65af9b7d computed for #2486
{"timestamp":"2026-09-14T17:08:26.694040743Z","level":"INFO","target":"close_block","message":"close_block_complete","block_number":2486,"tx_count":0,"event_count":0,"close_block_total_ms":18.943271000000003,"block_close_ms":18.943271000000003,"close_preconfirmed_ms":18.936706,"block_production_ms":18.948649000000003,"batches_executed":0,"txs_added_to_block":0,"txs_executed":0,"txs_reverted":0,"txs_rejected":0,"classes_declared":0,"l2_gas_consumed":0,"state_diff_len":1,"declared_classes":0,"deployed_contracts":0,"storage_diffs":1,"nonce_updates":0,"consumed_l1_nonces":0,"bouncer_l1_gas":0,"bouncer_sierra_gas":0,"bouncer_n_events":0,"bouncer_message_segment_length":0,"bouncer_state_diff_size":0,"get_full_block_ms":0.003771,"commitments_ms":0.11558800000000001,"merklization_ms":8.105355,"contract_trie_ms":0.694367,"class_trie_ms":0.025771000000000002,"contract_storage_trie_commit_ms":2.616625,"contract_trie_commit_ms":2.503131,"class_trie_commit_ms":2.170614,"block_hash_ms":0.082204,"db_write_ms":6.8665009999999995}
[2026-09-14 17:08:26:694] INFO ⛏️  Closed block #2486 with 0 transactions - 18.943271ms
[2026-09-14 17:08:26:694] RPC starknet_V0_10_2_getBlockWithReceipts 200 869 bytes - 50.000µs
[2026-09-14 17:08:26:697] RPC starknet_V0_10_2_getBlockWithReceipts 200 368 bytes - 29.000µs
[2026-09-14 17:08:26:757] RPC starknet_V0_10_2_getBlockWithTxHashes 200 368 bytes - 56.000µs
[2026-09-14 17:08:27:258] RPC starknet_V0_10_2_getBlockWithTxHashes 200 368 bytes - 58.000µs
[2026-09-14 17:08:27:349] RPC starknet_V0_10_2_blockNumber 200 38 bytes - 11.000µs
[2026-09-14 17:08:27:759] RPC starknet_V0_10_2_getBlockWithTxHashes 200 368 bytes - 57.000µs
[2026-09-14 17:08:28:259] RPC starknet_V0_10_2_getBlockWithTxHashes 200 368 bytes - 57.000µs
[2026-09-14 17:08:28:674] INFO Block 2487 final weights: BouncerWeights { l1_gas: 0, message_segment_length: 0, n_events: 0, state_diff_size: 0, sierra_gas: GasAmount(0), n_txs: 0, proving_gas: GasAmount(0), receipt_l2_gas: GasAmount(0) }.
[2026-09-14 17:08:28:680] INFO Block hash 0x1cee008e19db2ac539d9375d08f38a8dd23d72e3ba4d09e61e52eeecaa0e340 computed for #2487
{"timestamp":"2026-09-14T17:08:28.696334423Z","level":"INFO","target":"close_block","message":"close_block_complete","block_number":2487,"tx_count":0,"event_count":0,"close_block_total_ms":19.628839,"block_close_ms":19.628839,"close_preconfirmed_ms":19.622273,"block_production_ms":19.634985,"batches_executed":0,"txs_added_to_block":0,"txs_executed":0,"txs_reverted":0,"txs_rejected":0,"classes_declared":0,"l2_gas_consumed":0,"state_diff_len":1,"declared_classes":0,"deployed_contracts":0,"storage_diffs":1,"nonce_updates":0,"consumed_l1_nonces":0,"bouncer_l1_gas":0,"bouncer_sierra_gas":0,"bouncer_n_events":0,"bouncer_message_segment_length":0,"bouncer_state_diff_size":0,"get_full_block_ms":0.003352,"commitments_ms":0.1188,"merklization_ms":8.467485,"contract_trie_ms":0.74612,"class_trie_ms":0.027308,"contract_storage_trie_commit_ms":2.840258,"contract_trie_commit_ms":2.569551,"class_trie_commit_ms":2.197992,"block_hash_ms":0.06921400000000001,"db_write_ms":6.912387}
[2026-09-14 17:08:28:696] INFO ⛏️  Closed block #2487 with 0 transactions - 19.628839ms
[2026-09-14 17:08:28:696] RPC starknet_V0_10_2_getBlockWithReceipts 200 871 bytes - 47.000µs
[2026-09-14 17:08:28:700] RPC starknet_V0_10_2_getBlockWithReceipts 200 368 bytes - 55.000µs
[2026-09-14 17:08:28:759] RPC starknet_V0_10_2_getBlockWithTxHashes 200 368 bytes - 58.000µs
[2026-09-14 17:08:29:261] RPC starknet_V0_10_2_getBlockWithTxHashes 200 368 bytes - 56.000µs
[2026-09-14 17:08:29:386] RPC starknet_V0_10_2_blockNumber 200 38 bytes - 10.000µs
[2026-09-14 17:08:29:761] RPC starknet_V0_10_2_getBlockWithTxHashes 200 368 bytes - 56.000µs
[2026-09-14 17:08:30:262] RPC starknet_V0_10_2_getBlockWithTxHashes 200 368 bytes - 55.000µs
[2026-09-14 17:08:30:676] INFO Block 2488 final weights: BouncerWeights { l1_gas: 0, message_segment_length: 0, n_events: 0, state_diff_size: 0, sierra_gas: GasAmount(0), n_txs: 0, proving_gas: GasAmount(0), receipt_l2_gas: GasAmount(0) }.
[2026-09-14 17:08:30:681] INFO Block hash 0x1c2f463a5de9f94ca68d04f2a4f151d495d06c9631b5ba086eb7c7b3269e360 computed for #2488
{"timestamp":"2026-09-14T17:08:30.697210734Z","level":"INFO","target":"close_block","message":"close_block_complete","block_number":2488,"tx_count":0,"event_count":0,"close_block_total_ms":19.274392000000002,"block_close_ms":19.274392000000002,"close_preconfirmed_ms":19.267896,"block_production_ms":19.279559000000003,"batches_executed":0,"txs_added_to_block":0,"txs_executed":0,"txs_reverted":0,"txs_rejected":0,"classes_declared":0,"l2_gas_consumed":0,"state_diff_len":1,"declared_classes":0,"deployed_contracts":0,"storage_diffs":1,"nonce_updates":0,"consumed_l1_nonces":0,"bouncer_l1_gas":0,"bouncer_sierra_gas":0,"bouncer_n_events":0,"bouncer_message_segment_length":0,"bouncer_state_diff_size":0,"get_full_block_ms":0.007683000000000001,"commitments_ms":0.114401,"merklization_ms":8.384512,"contract_trie_ms":0.6989080000000001,"class_trie_ms":0.022908,"contract_storage_trie_commit_ms":2.708396,"contract_trie_commit_ms":2.547341,"class_trie_commit_ms":2.32273,"block_hash_ms":0.068934,"db_write_ms":6.934456}
[2026-09-14 17:08:30:697] INFO ⛏️  Closed block #2488 with 0 transactions - 19.274392ms
[2026-09-14 17:08:30:697] RPC starknet_V0_10_2_getBlockWithReceipts 200 871 bytes - 59.000µs
[2026-09-14 17:08:30:701] RPC starknet_V0_10_2_getBlockWithReceipts 200 368 bytes - 49.000µs
[2026-09-14 17:08:30:762] RPC starknet_V0_10_2_getBlockWithTxHashes 200 368 bytes - 66.000µs
[2026-09-14 17:08:31:262] RPC starknet_V0_10_2_getBlockWithTxHashes 200 368 bytes - 58.000µs
[2026-09-14 17:08:31:421] RPC starknet_V0_10_2_blockNumber 200 38 bytes - 10.000µs
[2026-09-14 17:08:31:762] RPC starknet_V0_10_2_getBlockWithTxHashes 200 368 bytes - 56.000µs
[2026-09-14 17:08:32:263] RPC starknet_V0_10_2_getBlockWithTxHashes 200 368 bytes - 57.000µs
[2026-09-14 17:08:32:677] INFO Block 2489 final weights: BouncerWeights { l1_gas: 0, message_segment_length: 0, n_events: 0, state_diff_size: 0, sierra_gas: GasAmount(0), n_txs: 0, proving_gas: GasAmount(0), receipt_l2_gas: GasAmount(0) }.
[2026-09-14 17:08:32:682] INFO Block hash 0x6f7fb05b7ffe3491a0beaa6365f6d208cc148e4485f7031f21aa9c1626250a7 computed for #2489
{"timestamp":"2026-09-14T17:08:32.698678395Z","level":"INFO","target":"close_block","message":"close_block_complete","block_number":2489,"tx_count":0,"event_count":0,"close_block_total_ms":19.231928,"block_close_ms":19.231928,"close_preconfirmed_ms":19.222708,"block_production_ms":19.240099,"batches_executed":0,"txs_added_to_block":0,"txs_executed":0,"txs_reverted":0,"txs_rejected":0,"classes_declared":0,"l2_gas_consumed":0,"state_diff_len":1,"declared_classes":0,"deployed_contracts":0,"storage_diffs":1,"nonce_updates":0,"consumed_l1_nonces":0,"bouncer_l1_gas":0,"bouncer_sierra_gas":0,"bouncer_n_events":0,"bouncer_message_segment_length":0,"bouncer_state_diff_size":0,"get_full_block_ms":0.003772,"commitments_ms":0.09589299999999999,"merklization_ms":8.489415000000001,"contract_trie_ms":0.759949,"class_trie_ms":0.025842,"contract_storage_trie_commit_ms":2.833065,"contract_trie_commit_ms":2.545595,"class_trie_commit_ms":2.238291,"block_hash_ms":0.07047099999999999,"db_write_ms":6.63665}
[2026-09-14 17:08:32:698] INFO ⛏️  Closed block #2489 with 0 transactions - 19.231928ms
[2026-09-14 17:08:32:699] RPC starknet_V0_10_2_getBlockWithReceipts 200 871 bytes - 45.000µs
[2026-09-14 17:08:32:702] RPC starknet_V0_10_2_getBlockWithReceipts 200 368 bytes - 39.000µs
[2026-09-14 17:08:32:763] RPC starknet_V0_10_2_getBlockWithTxHashes 200 368 bytes - 58.000µs
[2026-09-14 17:08:33:265] RPC starknet_V0_10_2_getBlockWithTxHashes 200 368 bytes - 57.000µs
[2026-09-14 17:08:33:456] RPC starknet_V0_10_2_blockNumber 200 38 bytes - 10.000µs
[2026-09-14 17:08:33:764] RPC starknet_V0_10_2_getBlockWithTxHashes 200 368 bytes - 56.000µs
[2026-09-14 17:08:34:266] RPC starknet_V0_10_2_getBlockWithTxHashes 200 368 bytes - 59.000µs
[2026-09-14 17:08:34:678] INFO Block 2490 final weights: BouncerWeights { l1_gas: 0, message_segment_length: 0, n_events: 0, state_diff_size: 0, sierra_gas: GasAmount(0), n_txs: 0, proving_gas: GasAmount(0), receipt_l2_gas: GasAmount(0) }.
[2026-09-14 17:08:34:683] INFO Block hash 0x67da86974484b749b5e0ba1ef8921c6c6972d7915b01127dd6378c65074a536 computed for #2490
{"timestamp":"2026-09-14T17:08:34.700297194Z","level":"INFO","target":"close_block","message":"close_block_complete","block_number":2490,"tx_count":0,"event_count":0,"close_block_total_ms":19.536019000000003,"block_close_ms":19.536019000000003,"close_preconfirmed_ms":19.530292000000003,"block_production_ms":19.541677,"batches_executed":0,"txs_added_to_block":0,"txs_executed":0,"txs_reverted":0,"txs_rejected":0,"classes_declared":0,"l2_gas_consumed":0,"state_diff_len":1,"declared_classes":0,"deployed_contracts":0,"storage_diffs":1,"nonce_updates":0,"consumed_l1_nonces":0,"bouncer_l1_gas":0,"bouncer_sierra_gas":0,"bouncer_n_events":0,"bouncer_message_segment_length":0,"bouncer_state_diff_size":0,"get_full_block_ms":0.002794,"commitments_ms":0.08988700000000001,"merklization_ms":8.289388,"contract_trie_ms":0.6593070000000001,"class_trie_ms":0.024305,"contract_storage_trie_commit_ms":2.6612530000000003,"contract_trie_commit_ms":2.604472,"class_trie_commit_ms":2.2549829999999997,"block_hash_ms":0.069772,"db_write_ms":7.162141}
[2026-09-14 17:08:34:700] INFO ⛏️  Closed block #2490 with 0 transactions - 19.536019ms
[2026-09-14 17:08:34:700] RPC starknet_V0_10_2_getBlockWithReceipts 200 871 bytes - 68.000µs
[2026-09-14 17:08:34:704] RPC starknet_V0_10_2_getBlockWithReceipts 200 368 bytes - 36.000µs
[2026-09-14 17:08:34:765] RPC starknet_V0_10_2_getBlockWithTxHashes 200 368 bytes - 55.000µs
[2026-09-14 17:08:35:267] RPC starknet_V0_10_2_getBlockWithTxHashes 200 368 bytes - 56.000µs
[2026-09-14 17:08:35:493] RPC starknet_V0_10_2_blockNumber 200 38 bytes - 10.000µs
[2026-09-14 17:08:35:766] RPC starknet_V0_10_2_getBlockWithTxHashes 200 368 bytes - 52.000µs
[2026-09-14 17:08:36:268] RPC starknet_V0_10_2_getBlockWithTxHashes 200 368 bytes - 57.000µs
[2026-09-14 17:08:36:680] INFO Block 2491 final weights: BouncerWeights { l1_gas: 0, message_segment_length: 0, n_events: 0, state_diff_size: 0, sierra_gas: GasAmount(0), n_txs: 0, proving_gas: GasAmount(0), receipt_l2_gas: GasAmount(0) }.
[2026-09-14 17:08:36:686] INFO Block hash 0x628a1af8d0e61684da38d03b5d3cd11e10983072afc0709ae011cb601a4178c computed for #2491
{"timestamp":"2026-09-14T17:08:36.702110363Z","level":"INFO","target":"close_block","message":"close_block_complete","block_number":2491,"tx_count":0,"event_count":0,"close_block_total_ms":19.306938,"block_close_ms":19.306938,"close_preconfirmed_ms":19.30163,"block_production_ms":19.312594999999998,"batches_executed":0,"txs_added_to_block":0,"txs_executed":0,"txs_reverted":0,"txs_rejected":0,"classes_declared":0,"l2_gas_consumed":0,"state_diff_len":1,"declared_classes":0,"deployed_contracts":0,"storage_diffs":1,"nonce_updates":0,"consumed_l1_nonces":0,"bouncer_l1_gas":0,"bouncer_sierra_gas":0,"bouncer_n_events":0,"bouncer_message_segment_length":0,"bouncer_state_diff_size":0,"get_full_block_ms":0.003282,"commitments_ms":0.09198200000000001,"merklization_ms":8.407979,"contract_trie_ms":0.65791,"class_trie_ms":0.021022,"contract_storage_trie_commit_ms":2.909472,"contract_trie_commit_ms":2.536935,"class_trie_commit_ms":2.195128,"block_hash_ms":0.06900300000000001,"db_write_ms":6.731915}
[2026-09-14 17:08:36:702] INFO ⛏️  Closed block #2491 with 0 transactions - 19.306938ms
[2026-09-14 17:08:36:702] RPC starknet_V0_10_2_getBlockWithReceipts 200 870 bytes - 58.000µs
[2026-09-14 17:08:36:706] RPC starknet_V0_10_2_getBlockWithReceipts 200 368 bytes - 41.000µs
[2026-09-14 17:08:36:768] RPC starknet_V0_10_2_getBlockWithTxHashes 200 368 bytes - 57.000µs
[2026-09-14 17:08:37:269] RPC starknet_V0_10_2_getBlockWithTxHashes 200 368 bytes - 74.000µs
[2026-09-14 17:08:37:531] RPC starknet_V0_10_2_blockNumber 200 38 bytes - 10.000µs
[2026-09-14 17:08:37:769] RPC starknet_V0_10_2_getBlockWithTxHashes 200 368 bytes - 56.000µs
[2026-09-14 17:08:38:270] RPC starknet_V0_10_2_getBlockWithTxHashes 200 368 bytes - 56.000µs
[2026-09-14 17:08:38:681] INFO Block 2492 final weights: BouncerWeights { l1_gas: 0, message_segment_length: 0, n_events: 0, state_diff_size: 0, sierra_gas: GasAmount(0), n_txs: 0, proving_gas: GasAmount(0), receipt_l2_gas: GasAmount(0) }.
[2026-09-14 17:08:38:686] INFO Block hash 0x2febd752fda82b13ba52fdad7d49f90d0218e9a7449c4345670d3921a0ba63c computed for #2492
{"timestamp":"2026-09-14T17:08:38.70265688Z","level":"INFO","target":"close_block","message":"close_block_complete","block_number":2492,"tx_count":0,"event_count":0,"close_block_total_ms":19.111311,"block_close_ms":19.111311,"close_preconfirmed_ms":19.105583999999997,"block_production_ms":19.115990999999998,"batches_executed":0,"txs_added_to_block":0,"txs_executed":0,"txs_reverted":0,"txs_rejected":0,"classes_declared":0,"l2_gas_consumed":0,"state_diff_len":1,"declared_classes":0,"deployed_contracts":0,"storage_diffs":1,"nonce_updates":0,"consumed_l1_nonces":0,"bouncer_l1_gas":0,"bouncer_sierra_gas":0,"bouncer_n_events":0,"bouncer_message_segment_length":0,"bouncer_state_diff_size":0,"get_full_block_ms":0.002794,"commitments_ms":0.103785,"merklization_ms":8.257959,"contract_trie_ms":0.691015,"class_trie_ms":0.022628000000000002,"contract_storage_trie_commit_ms":2.693521,"contract_trie_commit_ms":2.564313,"class_trie_commit_ms":2.203789,"block_hash_ms":0.067746,"db_write_ms":6.712849}
[2026-09-14 17:08:38:702] INFO ⛏️  Closed block #2492 with 0 transactions - 19.111311ms
[2026-09-14 17:08:38:703] RPC starknet_V0_10_2_getBlockWithReceipts 200 871 bytes - 62.000µs
[2026-09-14 17:08:38:706] RPC starknet_V0_10_2_getBlockWithReceipts 200 368 bytes - 38.000µs
[2026-09-14 17:08:38:770] RPC starknet_V0_10_2_getBlockWithTxHashes 200 368 bytes - 55.000µs
[2026-09-14 17:08:39:270] RPC starknet_V0_10_2_getBlockWithTxHashes 200 368 bytes - 57.000µs
[2026-09-14 17:08:39:568] RPC starknet_V0_10_2_blockNumber 200 38 bytes - 10.000µs
[2026-09-14 17:08:39:771] RPC starknet_V0_10_2_getBlockWithTxHashes 200 368 bytes - 56.000µs
[2026-09-14 17:08:40:271] RPC starknet_V0_10_2_getBlockWithTxHashes 200 368 bytes - 55.000µs
[2026-09-14 17:08:40:683] INFO Block 2493 final weights: BouncerWeights { l1_gas: 0, message_segment_length: 0, n_events: 0, state_diff_size: 0, sierra_gas: GasAmount(0), n_txs: 0, proving_gas: GasAmount(0), receipt_l2_gas: GasAmount(0) }.
[2026-09-14 17:08:40:688] INFO Block hash 0x6aa350b16ef6b94e1f56b86dbd3c9e6a3d15c936e82bff9585bc8ec5bc6d799 computed for #2493
{"timestamp":"2026-09-14T17:08:40.704269743Z","level":"INFO","target":"close_block","message":"close_block_complete","block_number":2493,"tx_count":0,"event_count":0,"close_block_total_ms":19.230042,"block_close_ms":19.230042,"close_preconfirmed_ms":19.225781,"block_production_ms":19.234791,"batches_executed":0,"txs_added_to_block":0,"txs_executed":0,"txs_reverted":0,"txs_rejected":0,"classes_declared":0,"l2_gas_consumed":0,"state_diff_len":1,"declared_classes":0,"deployed_contracts":0,"storage_diffs":1,"nonce_updates":0,"consumed_l1_nonces":0,"bouncer_l1_gas":0,"bouncer_sierra_gas":0,"bouncer_n_events":0,"bouncer_message_segment_length":0,"bouncer_state_diff_size":0,"get_full_block_ms":0.0028640000000000002,"commitments_ms":0.077664,"merklization_ms":8.363211,"contract_trie_ms":0.677256,"class_trie_ms":0.018997,"contract_storage_trie_commit_ms":2.6671899999999997,"contract_trie_commit_ms":2.657971,"class_trie_commit_ms":2.246603,"block_hash_ms":0.069143,"db_write_ms":6.856513}
[2026-09-14 17:08:40:704] INFO ⛏️  Closed block #2493 with 0 transactions - 19.230042ms
[2026-09-14 17:08:40:704] RPC starknet_V0_10_2_getBlockWithReceipts 200 870 bytes - 44.000µs
[2026-09-14 17:08:40:708] RPC starknet_V0_10_2_getBlockWithReceipts 200 368 bytes - 41.000µs
[2026-09-14 17:08:40:771] RPC starknet_V0_10_2_getBlockWithTxHashes 200 368 bytes - 59.000µs
[2026-09-14 17:08:41:272] RPC starknet_V0_10_2_getBlockWithTxHashes 200 368 bytes - 66.000µs
[2026-09-14 17:08:41:603] RPC starknet_V0_10_2_blockNumber 200 38 bytes - 10.000µs
[2026-09-14 17:08:41:773] RPC starknet_V0_10_2_getBlockWithTxHashes 200 368 bytes - 58.000µs
[2026-09-14 17:08:42:274] RPC starknet_V0_10_2_getBlockWithTxHashes 200 368 bytes - 59.000µs
[2026-09-14 17:08:42:684] INFO Block 2494 final weights: BouncerWeights { l1_gas: 0, message_segment_length: 0, n_events: 0, state_diff_size: 0, sierra_gas: GasAmount(0), n_txs: 0, proving_gas: GasAmount(0), receipt_l2_gas: GasAmount(0) }.
[2026-09-14 17:08:42:690] INFO Block hash 0x58341a42fc27bf4bdf0ebe4de5d9c12fa1b73e6f1e9c8b4d9c37760a7eb6541 computed for #2494
{"timestamp":"2026-09-14T17:08:42.706955725Z","level":"INFO","target":"close_block","message":"close_block_complete","block_number":2494,"tx_count":0,"event_count":0,"close_block_total_ms":19.369656,"block_close_ms":19.369656,"close_preconfirmed_ms":19.36337,"block_production_ms":19.374405,"batches_executed":0,"txs_added_to_block":0,"txs_executed":0,"txs_reverted":0,"txs_rejected":0,"classes_declared":0,"l2_gas_consumed":0,"state_diff_len":1,"declared_classes":0,"deployed_contracts":0,"storage_diffs":1,"nonce_updates":0,"consumed_l1_nonces":0,"bouncer_l1_gas":0,"bouncer_sierra_gas":0,"bouncer_n_events":0,"bouncer_message_segment_length":0,"bouncer_state_diff_size":0,"get_full_block_ms":0.003212,"commitments_ms":0.08974700000000001,"merklization_ms":8.389891,"contract_trie_ms":0.7238410000000001,"class_trie_ms":0.021931,"contract_storage_trie_commit_ms":2.71105,"contract_trie_commit_ms":2.582332,"class_trie_commit_ms":2.263015,"block_hash_ms":0.069213,"db_write_ms":6.830532}
[2026-09-14 17:08:42:707] INFO ⛏️  Closed block #2494 with 0 transactions - 19.369656ms
[2026-09-14 17:08:42:707] RPC starknet_V0_10_2_getBlockWithReceipts 200 871 bytes - 62.000µs
[2026-09-14 17:08:42:711] RPC starknet_V0_10_2_getBlockWithReceipts 200 368 bytes - 32.000µs
[2026-09-14 17:08:42:774] RPC starknet_V0_10_2_getBlockWithTxHashes 200 368 bytes - 55.000µs
[2026-09-14 17:08:43:275] RPC starknet_V0_10_2_getBlockWithTxHashes 200 368 bytes - 55.000µs
[2026-09-14 17:08:43:639] RPC starknet_V0_10_2_blockNumber 200 38 bytes - 10.000µs
[2026-09-14 17:08:43:775] RPC starknet_V0_10_2_getBlockWithTxHashes 200 368 bytes - 56.000µs
[2026-09-14 17:08:44:275] RPC starknet_V0_10_2_getBlockWithTxHashes 200 368 bytes - 51.000µs
[2026-09-14 17:08:44:686] INFO Block 2495 final weights: BouncerWeights { l1_gas: 0, message_segment_length: 0, n_events: 0, state_diff_size: 0, sierra_gas: GasAmount(0), n_txs: 0, proving_gas: GasAmount(0), receipt_l2_gas: GasAmount(0) }.
[2026-09-14 17:08:44:692] INFO Block hash 0x2f9f48caeaa8645a91361f276977296ceb08507c975bdd5c8578a83d6e48348 computed for #2495
{"timestamp":"2026-09-14T17:08:44.708100717Z","level":"INFO","target":"close_block","message":"close_block_complete","block_number":2495,"tx_count":0,"event_count":0,"close_block_total_ms":19.3105,"block_close_ms":19.3105,"close_preconfirmed_ms":19.303794999999997,"block_production_ms":19.317135,"batches_executed":0,"txs_added_to_block":0,"txs_executed":0,"txs_reverted":0,"txs_rejected":0,"classes_declared":0,"l2_gas_consumed":0,"state_diff_len":1,"declared_classes":0,"deployed_contracts":0,"storage_diffs":1,"nonce_updates":0,"consumed_l1_nonces":0,"bouncer_l1_gas":0,"bouncer_sierra_gas":0,"bouncer_n_events":0,"bouncer_message_segment_length":0,"bouncer_state_diff_size":0,"get_full_block_ms":0.003352,"commitments_ms":0.09198200000000001,"merklization_ms":8.772414,"contract_trie_ms":0.723701,"class_trie_ms":0.029962,"contract_storage_trie_commit_ms":2.9370580000000004,"contract_trie_commit_ms":2.626053,"class_trie_commit_ms":2.3738539999999997,"block_hash_ms":0.069492,"db_write_ms":6.512612}
[2026-09-14 17:08:44:708] INFO ⛏️  Closed block #2495 with 0 transactions - 19.3105ms
[2026-09-14 17:08:44:708] RPC starknet_V0_10_2_getBlockWithReceipts 200 870 bytes - 40.000µs
[2026-09-14 17:08:44:712] RPC starknet_V0_10_2_getBlockWithReceipts 200 368 bytes - 36.000µs
[2026-09-14 17:08:44:776] RPC starknet_V0_10_2_getBlockWithTxHashes 200 368 bytes - 69.000µs
[2026-09-14 17:08:45:276] RPC starknet_V0_10_2_getBlockWithTxHashes 200 368 bytes - 81.000µs
[2026-09-14 17:08:45:676] RPC starknet_V0_10_2_blockNumber 200 38 bytes - 9.000µs
[2026-09-14 17:08:45:776] RPC starknet_V0_10_2_getBlockWithTxHashes 200 368 bytes - 79.000µs
[2026-09-14 17:08:46:276] RPC starknet_V0_10_2_getBlockWithTxHashes 200 368 bytes - 60.000µs
[2026-09-14 17:08:46:687] INFO Block 2496 final weights: BouncerWeights { l1_gas: 0, message_segment_length: 0, n_events: 0, state_diff_size: 0, sierra_gas: GasAmount(0), n_txs: 0, proving_gas: GasAmount(0), receipt_l2_gas: GasAmount(0) }.
[2026-09-14 17:08:46:692] INFO Block hash 0x29edb995bd4ae6df1f5904fda9bda17d3e62cb77b1f407732380c8880ee4e55 computed for #2496
{"timestamp":"2026-09-14T17:08:46.708370241Z","level":"INFO","target":"close_block","message":"close_block_complete","block_number":2496,"tx_count":0,"event_count":0,"close_block_total_ms":18.989437000000002,"block_close_ms":18.989437000000002,"close_preconfirmed_ms":18.983151,"block_production_ms":18.995164,"batches_executed":0,"txs_added_to_block":0,"txs_executed":0,"txs_reverted":0,"txs_rejected":0,"classes_declared":0,"l2_gas_consumed":0,"state_diff_len":1,"declared_classes":0,"deployed_contracts":0,"storage_diffs":1,"nonce_updates":0,"consumed_l1_nonces":0,"bouncer_l1_gas":0,"bouncer_sierra_gas":0,"bouncer_n_events":0,"bouncer_message_segment_length":0,"bouncer_state_diff_size":0,"get_full_block_ms":0.0038410000000000002,"commitments_ms":0.090165,"merklization_ms":8.466647,"contract_trie_ms":0.846064,"class_trie_ms":0.021581,"contract_storage_trie_commit_ms":2.753654,"contract_trie_commit_ms":2.588408,"class_trie_commit_ms":2.1444229999999997,"block_hash_ms":0.086115,"db_write_ms":6.643215}
[2026-09-14 17:08:46:708] INFO ⛏️  Closed block #2496 with 0 transactions - 18.989437ms
[2026-09-14 17:08:46:708] RPC starknet_V0_10_2_getBlockWithReceipts 200 871 bytes - 52.000µs
[2026-09-14 17:08:46:712] RPC starknet_V0_10_2_getBlockWithReceipts 200 368 bytes - 52.000µs
[2026-09-14 17:08:46:776] RPC starknet_V0_10_2_getBlockWithTxHashes 200 368 bytes - 85.000µs
[2026-09-14 17:08:47:276] RPC starknet_V0_10_2_getBlockWithTxHashes 200 368 bytes - 62.000µs
[2026-09-14 17:08:47:718] RPC starknet_V0_10_2_blockNumber 200 38 bytes - 11.000µs
[2026-09-14 17:08:47:777] RPC starknet_V0_10_2_getBlockWithTxHashes 200 368 bytes - 114.000µs
[2026-09-14 17:08:48:277] RPC starknet_V0_10_2_getBlockWithTxHashes 200 368 bytes - 64.000µs
[2026-09-14 17:08:48:689] INFO Block 2497 final weights: BouncerWeights { l1_gas: 0, message_segment_length: 0, n_events: 0, state_diff_size: 0, sierra_gas: GasAmount(0), n_txs: 0, proving_gas: GasAmount(0), receipt_l2_gas: GasAmount(0) }.
[2026-09-14 17:08:48:695] INFO Block hash 0x63622175027e74196024a8bc257c7f1c3b907fb549dbdeff460b05ced1c5b64 computed for #2497
{"timestamp":"2026-09-14T17:08:48.712217204Z","level":"INFO","target":"close_block","message":"close_block_complete","block_number":2497,"tx_count":0,"event_count":0,"close_block_total_ms":20.452134,"block_close_ms":20.452134,"close_preconfirmed_ms":20.443823,"block_production_ms":20.45835,"batches_executed":0,"txs_added_to_block":0,"txs_executed":0,"txs_reverted":0,"txs_rejected":0,"classes_declared":0,"l2_gas_consumed":0,"state_diff_len":1,"declared_classes":0,"deployed_contracts":0,"storage_diffs":1,"nonce_updates":0,"consumed_l1_nonces":0,"bouncer_l1_gas":0,"bouncer_sierra_gas":0,"bouncer_n_events":0,"bouncer_message_segment_length":0,"bouncer_state_diff_size":0,"get_full_block_ms":0.003352,"commitments_ms":0.101201,"merklization_ms":9.351752,"contract_trie_ms":1.036033,"class_trie_ms":0.02661,"contract_storage_trie_commit_ms":3.0736700000000003,"contract_trie_commit_ms":2.779635,"class_trie_commit_ms":2.3053399999999997,"block_hash_ms":0.095334,"db_write_ms":6.861472}
[2026-09-14 17:08:48:712] INFO ⛏️  Closed block #2497 with 0 transactions - 20.452134ms
[2026-09-14 17:08:48:712] RPC starknet_V0_10_2_getBlockWithReceipts 200 871 bytes - 64.000µs
[2026-09-14 17:08:48:717] RPC starknet_V0_10_2_getBlockWithReceipts 200 368 bytes - 48.000µs
[2026-09-14 17:08:48:777] RPC starknet_V0_10_2_getBlockWithTxHashes 200 368 bytes - 72.000µs
[2026-09-14 17:08:49:277] RPC starknet_V0_10_2_getBlockWithTxHashes 200 368 bytes - 63.000µs
[2026-09-14 17:08:49:757] RPC starknet_V0_10_2_blockNumber 200 38 bytes - 10.000µs
[2026-09-14 17:08:49:777] RPC starknet_V0_10_2_getBlockWithTxHashes 200 368 bytes - 57.000µs
[2026-09-14 17:08:50:277] RPC starknet_V0_10_2_getBlockWithTxHashes 200 368 bytes - 60.000µs
[2026-09-14 17:08:50:690] INFO Block 2498 final weights: BouncerWeights { l1_gas: 0, message_segment_length: 0, n_events: 0, state_diff_size: 0, sierra_gas: GasAmount(0), n_txs: 0, proving_gas: GasAmount(0), receipt_l2_gas: GasAmount(0) }.
[2026-09-14 17:08:50:696] INFO Block hash 0x4d9d94fb59ab82e4a8131db7e892f6b588bdb85d6e3d0b0b8c0e67ed43d9c1f computed for #2498
{"timestamp":"2026-09-14T17:08:50.712830979Z","level":"INFO","target":"close_block","message":"close_block_complete","block_number":2498,"tx_count":0,"event_count":0,"close_block_total_ms":20.280113999999998,"block_close_ms":20.280113999999998,"close_preconfirmed_ms":20.272361,"block_production_ms":20.285282000000002,"batches_executed":0,"txs_added_to_block":0,"txs_executed":0,"txs_reverted":0,"txs_rejected":0,"classes_declared":0,"l2_gas_consumed":0,"state_diff_len":1,"declared_classes":0,"deployed_contracts":0,"storage_diffs":1,"nonce_updates":0,"consumed_l1_nonces":0,"bouncer_l1_gas":0,"bouncer_sierra_gas":0,"bouncer_n_events":0,"bouncer_message_segment_length":0,"bouncer_state_diff_size":0,"get_full_block_ms":0.003771,"commitments_ms":0.102597,"merklization_ms":9.179662,"contract_trie_ms":0.897048,"class_trie_ms":0.023746,"contract_storage_trie_commit_ms":3.052158,"contract_trie_commit_ms":2.823496,"class_trie_commit_ms":2.262736,"block_hash_ms":0.096591,"db_write_ms":6.799242}
[2026-09-14 17:08:50:712] INFO ⛏️  Closed block #2498 with 0 transactions - 20.280114ms
[2026-09-14 17:08:50:713] RPC starknet_V0_10_2_getBlockWithReceipts 200 871 bytes - 60.000µs
[2026-09-14 17:08:50:717] RPC starknet_V0_10_2_getBlockWithReceipts 200 368 bytes - 40.000µs
[2026-09-14 17:08:50:778] RPC starknet_V0_10_2_getBlockWithTxHashes 200 368 bytes - 150.000µs
[2026-09-14 17:08:51:279] RPC starknet_V0_10_2_getBlockWithTxHashes 200 368 bytes - 155.000µs
[2026-09-14 17:08:51:778] RPC starknet_V0_10_2_getBlockWithTxHashes 200 368 bytes - 57.000µs
[2026-09-14 17:08:51:797] RPC starknet_V0_10_2_blockNumber 200 38 bytes - 10.000µs
[2026-09-14 17:08:52:280] RPC starknet_V0_10_2_getBlockWithTxHashes 200 368 bytes - 76.000µs
[2026-09-14 17:08:52:691] INFO Block 2499 final weights: BouncerWeights { l1_gas: 0, message_segment_length: 0, n_events: 0, state_diff_size: 0, sierra_gas: GasAmount(0), n_txs: 0, proving_gas: GasAmount(0), receipt_l2_gas: GasAmount(0) }.
[2026-09-14 17:08:52:697] INFO Block hash 0x3ed319070949abd67a8b4c0d6a4df96e0f26b4f4ba0e8b0e69ba38b053f0d4b computed for #2499
{"timestamp":"2026-09-14T17:08:52.714420026Z","level":"INFO","target":"close_block","message":"close_block_complete","block_number":2499,"tx_count":0,"event_count":0,"close_block_total_ms":20.258952,"block_close_ms":20.258952,"close_preconfirmed_ms":20.252316999999998,"block_production_ms":20.263771,"batches_executed":0,"txs_added_to_block":0,"txs_executed":0,"txs_reverted":0,"txs_rejected":0,"classes_declared":0,"l2_gas_consumed":0,"state_diff_len":1,"declared_classes":0,"deployed_contracts":0,"storage_diffs":1,"nonce_updates":0,"consumed_l1_nonces":0,"bouncer_l1_gas":0,"bouncer_sierra_gas":0,"bouncer_n_events":0,"bouncer_message_segment_length":0,"bouncer_state_diff_size":0,"get_full_block_ms":0.0032830000000000003,"commitments_ms":0.09093399999999999,"merklization_ms":9.005896,"contract_trie_ms":0.9413279999999999,"class_trie_ms":0.027098,"contract_storage_trie_commit_ms":2.982037,"contract_trie_commit_ms":2.6627899999999998,"class_trie_commit_ms":2.277612,"block_hash_ms":0.095684,"db_write_ms":6.953035}
[2026-09-14 17:08:52:714] INFO ⛏️  Closed block #2499 with 0 transactions - 20.258952ms
[2026-09-14 17:08:52:716] RPC starknet_V0_10_2_getBlockWithReceipts 200 870 bytes - 95.000µs
[2026-09-14 17:08:52:724] RPC starknet_V0_10_2_getBlockWithReceipts 200 368 bytes - 56.000µs
[2026-09-14 17:08:52:780] RPC starknet_V0_10_2_getBlockWithTxHashes 200 368 bytes - 97.000µs
[2026-09-14 17:08:53:282] RPC starknet_V0_10_2_getBlockWithTxHashes 200 368 bytes - 74.000µs
[2026-09-14 17:08:53:782] RPC starknet_V0_10_2_getBlockWithTxHashes 200 368 bytes - 66.000µs
[2026-09-14 17:08:53:838] RPC starknet_V0_10_2_blockNumber 200 38 bytes - 11.000µs
[2026-09-14 17:08:54:284] RPC starknet_V0_10_2_getBlockWithTxHashes 200 368 bytes - 67.000µs
[2026-09-14 17:08:54:693] INFO Block 2500 final weights: BouncerWeights { l1_gas: 0, message_segment_length: 0, n_events: 0, state_diff_size: 0, sierra_gas: GasAmount(0), n_txs: 0, proving_gas: GasAmount(0), receipt_l2_gas: GasAmount(0) }.
[2026-09-14 17:08:54:699] INFO Block hash 0x3f0283de3373f1a88363a3908f5d128d326b41cd102b72cc9526e6c56993bdb computed for #2500
{"timestamp":"2026-09-14T17:08:54.716671173Z","level":"INFO","target":"close_block","message":"close_block_complete","block_number":2500,"tx_count":0,"event_count":0,"close_block_total_ms":20.57778,"block_close_ms":20.57778,"close_preconfirmed_ms":20.573031,"block_production_ms":20.583856,"batches_executed":0,"txs_added_to_block":0,"txs_executed":0,"txs_reverted":0,"txs_rejected":0,"classes_declared":0,"l2_gas_consumed":0,"state_diff_len":1,"declared_classes":0,"deployed_contracts":0,"storage_diffs":1,"nonce_updates":0,"consumed_l1_nonces":0,"bouncer_l1_gas":0,"bouncer_sierra_gas":0,"bouncer_n_events":0,"bouncer_message_segment_length":0,"bouncer_state_diff_size":0,"get_full_block_ms":0.003353,"commitments_ms":0.09142299999999999,"merklization_ms":9.383251,"contract_trie_ms":0.9893090000000001,"class_trie_ms":0.043023,"contract_storage_trie_commit_ms":3.186044,"contract_trie_commit_ms":2.7777499999999997,"class_trie_commit_ms":2.2908820000000003,"block_hash_ms":0.095404,"db_write_ms":6.863148000000001}
[2026-09-14 17:08:54:716] INFO ⛏️  Closed block #2500 with 0 transactions - 20.57778ms
[2026-09-14 17:08:54:717] RPC starknet_V0_10_2_getBlockWithReceipts 200 871 bytes - 64.000µs
[2026-09-14 17:08:54:721] RPC starknet_V0_10_2_getBlockWithReceipts 200 368 bytes - 37.000µs
[2026-09-14 17:08:54:784] RPC starknet_V0_10_2_getBlockWithTxHashes 200 368 bytes - 60.000µs
[2026-09-14 17:08:55:285] RPC starknet_V0_10_2_getBlockWithTxHashes 200 368 bytes - 116.000µs
[2026-09-14 17:08:55:785] RPC starknet_V0_10_2_getBlockWithTxHashes 200 368 bytes - 114.000µs
[2026-09-14 17:08:55:879] RPC starknet_V0_10_2_blockNumber 200 38 bytes - 10.000µs
[2026-09-14 17:08:56:287] RPC starknet_V0_10_2_getBlockWithTxHashes 200 368 bytes - 67.000µs
[2026-09-14 17:08:56:696] INFO Block 2501 final weights: BouncerWeights { l1_gas: 0, message_segment_length: 0, n_events: 0, state_diff_size: 0, sierra_gas: GasAmount(0), n_txs: 0, proving_gas: GasAmount(0), receipt_l2_gas: GasAmount(0) }.
[2026-09-14 17:08:56:701] INFO Block hash 0x34821c970a3c9c6463f470d153811fe48b1fe5152000d70c09ad95a6a42d8d0 computed for #2501
{"timestamp":"2026-09-14T17:08:56.71873675Z","level":"INFO","target":"close_block","message":"close_block_complete","block_number":2501,"tx_count":0,"event_count":0,"close_block_total_ms":20.328934,"block_close_ms":20.328934,"close_preconfirmed_ms":20.323626,"block_production_ms":20.334102,"batches_executed":0,"txs_added_to_block":0,"txs_executed":0,"txs_reverted":0,"txs_rejected":0,"classes_declared":0,"l2_gas_consumed":0,"state_diff_len":1,"declared_classes":0,"deployed_contracts":0,"storage_diffs":1,"nonce_updates":0,"consumed_l1_nonces":0,"bouncer_l1_gas":0,"bouncer_sierra_gas":0,"bouncer_n_events":0,"bouncer_message_segment_length":0,"bouncer_state_diff_size":0,"get_full_block_ms":0.003422,"commitments_ms":0.113353,"merklization_ms":9.304818,"contract_trie_ms":0.969754,"class_trie_ms":0.026959,"contract_storage_trie_commit_ms":3.0545329999999997,"contract_trie_commit_ms":2.734378,"class_trie_commit_ms":2.399696,"block_hash_ms":0.097359,"db_write_ms":6.8655230000000005}
[2026-09-14 17:08:56:718] INFO ⛏️  Closed block #2501 with 0 transactions - 20.328934ms
[2026-09-14 17:08:56:719] RPC starknet_V0_10_2_getBlockWithReceipts 200 871 bytes - 88.000µs
[2026-09-14 17:08:56:723] RPC starknet_V0_10_2_getBlockWithReceipts 200 368 bytes - 37.000µs
[2026-09-14 17:08:56:787] RPC starknet_V0_10_2_getBlockWithTxHashes 200 368 bytes - 89.000µs
[2026-09-14 17:08:57:288] RPC starknet_V0_10_2_getBlockWithTxHashes 200 368 bytes - 61.000µs
[2026-09-14 17:08:57:789] RPC starknet_V0_10_2_getBlockWithTxHashes 200 368 bytes - 65.000µs
[2026-09-14 17:08:57:919] RPC starknet_V0_10_2_blockNumber 200 38 bytes - 10.000µs
[2026-09-14 17:08:58:290] RPC starknet_V0_10_2_getBlockWithTxHashes 200 368 bytes - 119.000µs
[2026-09-14 17:08:58:698] INFO Block 2502 final weights: BouncerWeights { l1_gas: 0, message_segment_length: 0, n_events: 0, state_diff_size: 0, sierra_gas: GasAmount(0), n_txs: 0, proving_gas: GasAmount(0), receipt_l2_gas: GasAmount(0) }.
[2026-09-14 17:08:58:704] INFO Block hash 0x26deab9781d2beaf4ad0a39e04aae3e2176ddbaab47ebc5c4737921aae31b05 computed for #2502
{"timestamp":"2026-09-14T17:08:58.721322928Z","level":"INFO","target":"close_block","message":"close_block_complete","block_number":2502,"tx_count":0,"event_count":0,"close_block_total_ms":20.780041999999998,"block_close_ms":20.780041999999998,"close_preconfirmed_ms":20.773407000000002,"block_production_ms":20.786188,"batches_executed":0,"txs_added_to_block":0,"txs_executed":0,"txs_reverted":0,"txs_rejected":0,"classes_declared":0,"l2_gas_consumed":0,"state_diff_len":1,"declared_classes":0,"deployed_contracts":0,"storage_diffs":1,"nonce_updates":0,"consumed_l1_nonces":0,"bouncer_l1_gas":0,"bouncer_sierra_gas":0,"bouncer_n_events":0,"bouncer_message_segment_length":0,"bouncer_state_diff_size":0,"get_full_block_ms":0.003282,"commitments_ms":0.133118,"merklization_ms":9.124626000000001,"contract_trie_ms":0.9235890000000001,"class_trie_ms":0.025771000000000002,"contract_storage_trie_commit_ms":2.9835730000000003,"contract_trie_commit_ms":2.7655269999999996,"class_trie_commit_ms":2.306457,"block_hash_ms":0.09708,"db_write_ms":7.080635}
[2026-09-14 17:08:58:721] INFO ⛏️  Closed block #2502 with 0 transactions - 20.780042ms
[2026-09-14 17:08:58:721] RPC starknet_V0_10_2_getBlockWithReceipts 200 871 bytes - 82.000µs
[2026-09-14 17:08:58:726] RPC starknet_V0_10_2_getBlockWithReceipts 200 368 bytes - 43.000µs
[2026-09-14 17:08:58:790] RPC starknet_V0_10_2_getBlockWithTxHashes 200 368 bytes - 71.000µs
[2026-09-14 17:08:59:290] RPC starknet_V0_10_2_getBlockWithTxHashes 200 368 bytes - 65.000µs
[2026-09-14 17:08:59:790] RPC starknet_V0_10_2_getBlockWithTxHashes 200 368 bytes - 59.000µs
[2026-09-14 17:08:59:958] RPC starknet_V0_10_2_blockNumber 200 38 bytes - 10.000µs
[2026-09-14 17:09:00:292] RPC starknet_V0_10_2_getBlockWithTxHashes 200 368 bytes - 76.000µs
[2026-09-14 17:09:00:698] INFO Block 2503 final weights: BouncerWeights { l1_gas: 0, message_segment_length: 0, n_events: 0, state_diff_size: 0, sierra_gas: GasAmount(0), n_txs: 0, proving_gas: GasAmount(0), receipt_l2_gas: GasAmount(0) }.
[2026-09-14 17:09:00:704] INFO Block hash 0x530bffedda1ba8c33a2f37866b5518fa905b93382888b8ea308254c3b0f2908 computed for #2503
{"timestamp":"2026-09-14T17:09:00.72124024Z","level":"INFO","target":"close_block","message":"close_block_complete","block_number":2503,"tx_count":0,"event_count":0,"close_block_total_ms":20.441727999999998,"block_close_ms":20.441727999999998,"close_preconfirmed_ms":20.434605,"block_production_ms":20.446966,"batches_executed":0,"txs_added_to_block":0,"txs_executed":0,"txs_reverted":0,"txs_rejected":0,"classes_declared":0,"l2_gas_consumed":0,"state_diff_len":1,"declared_classes":0,"deployed_contracts":0,"storage_diffs":1,"nonce_updates":0,"consumed_l1_nonces":0,"bouncer_l1_gas":0,"bouncer_sierra_gas":0,"bouncer_n_events":0,"bouncer_message_segment_length":0,"bouncer_state_diff_size":0,"get_full_block_ms":0.0029330000000000003,"commitments_ms":0.163919,"merklization_ms":9.263542,"contract_trie_ms":0.960116,"class_trie_ms":0.032196999999999996,"contract_storage_trie_commit_ms":3.108171,"contract_trie_commit_ms":2.7517679999999998,"class_trie_commit_ms":2.300171,"block_hash_ms":0.09561399999999999,"db_write_ms":6.866291}
[2026-09-14 17:09:00:721] INFO ⛏️  Closed block #2503 with 0 transactions - 20.441728ms
[2026-09-14 17:09:00:721] RPC starknet_V0_10_2_getBlockWithReceipts 200 871 bytes - 54.000µs
[2026-09-14 17:09:00:725] RPC starknet_V0_10_2_getBlockWithReceipts 200 368 bytes - 34.000µs
[2026-09-14 17:09:00:793] RPC starknet_V0_10_2_getBlockWithTxHashes 200 368 bytes - 90.000µs
[2026-09-14 17:09:01:294] RPC starknet_V0_10_2_getBlockWithTxHashes 200 368 bytes - 58.000µs
[2026-09-14 17:09:01:794] RPC starknet_V0_10_2_getBlockWithTxHashes 200 368 bytes - 66.000µs
[2026-09-14 17:09:01:998] RPC starknet_V0_10_2_blockNumber 200 38 bytes - 10.000µs
[2026-09-14 17:09:02:296] RPC starknet_V0_10_2_getBlockWithTxHashes 200 368 bytes - 59.000µs
[2026-09-14 17:09:02:700] INFO Block 2504 final weights: BouncerWeights { l1_gas: 0, message_segment_length: 0, n_events: 0, state_diff_size: 0, sierra_gas: GasAmount(0), n_txs: 0, proving_gas: GasAmount(0), receipt_l2_gas: GasAmount(0) }.
[2026-09-14 17:09:02:706] INFO Block hash 0x111bd36c16ea1466599b5f9559109c12d6d3dec0ca225b68f94f34ab51e3490 computed for #2504
{"timestamp":"2026-09-14T17:09:02.722782493Z","level":"INFO","target":"close_block","message":"close_block_complete","block_number":2504,"tx_count":0,"event_count":0,"close_block_total_ms":20.363295,"block_close_ms":20.363295,"close_preconfirmed_ms":20.354915000000002,"block_production_ms":20.368534,"batches_executed":0,"txs_added_to_block":0,"txs_executed":0,"txs_reverted":0,"txs_rejected":0,"classes_declared":0,"l2_gas_consumed":0,"state_diff_len":1,"declared_classes":0,"deployed_contracts":0,"storage_diffs":1,"nonce_updates":0,"consumed_l1_nonces":0,"bouncer_l1_gas":0,"bouncer_sierra_gas":0,"bouncer_n_events":0,"bouncer_message_segment_length":0,"bouncer_state_diff_size":0,"get_full_block_ms":0.0038410000000000002,"commitments_ms":0.085905,"merklization_ms":9.422431999999999,"contract_trie_ms":0.9406300000000001,"class_trie_ms":0.030382000000000003,"contract_storage_trie_commit_ms":3.2591,"contract_trie_commit_ms":2.788785,"class_trie_commit_ms":2.286063,"block_hash_ms":0.095334,"db_write_ms":6.757407}
[2026-09-14 17:09:02:722] INFO ⛏️  Closed block #2504 with 0 transactions - 20.363295ms
[2026-09-14 17:09:02:723] RPC starknet_V0_10_2_getBlockWithReceipts 200 871 bytes - 53.000µs
[2026-09-14 17:09:02:727] RPC starknet_V0_10_2_getBlockWithReceipts 200 368 bytes - 40.000µs
[2026-09-14 17:09:02:796] RPC starknet_V0_10_2_getBlockWithTxHashes 200 368 bytes - 82.000µs
[2026-09-14 17:09:03:296] RPC starknet_V0_10_2_getBlockWithTxHashes 200 368 bytes - 63.000µs
[2026-09-14 17:09:03:796] RPC starknet_V0_10_2_getBlockWithTxHashes 200 368 bytes - 72.000µs
[2026-09-14 17:09:04:035] RPC starknet_V0_10_2_blockNumber 200 38 bytes - 13.000µs
[2026-09-14 17:09:04:297] RPC starknet_V0_10_2_getBlockWithTxHashes 200 368 bytes - 64.000µs
[2026-09-14 17:09:04:701] INFO Block 2505 final weights: BouncerWeights { l1_gas: 0, message_segment_length: 0, n_events: 0, state_diff_size: 0, sierra_gas: GasAmount(0), n_txs: 0, proving_gas: GasAmount(0), receipt_l2_gas: GasAmount(0) }.
[2026-09-14 17:09:04:706] INFO Block hash 0x3d6cad6e010070f69c6c74987bed6bbb869c86ea71daaffd011974b814c9e53 computed for #2505
{"timestamp":"2026-09-14T17:09:04.722667608Z","level":"INFO","target":"close_block","message":"close_block_complete","block_number":2505,"tx_count":0,"event_count":0,"close_block_total_ms":19.088333,"block_close_ms":19.088333,"close_preconfirmed_ms":19.079742,"block_production_ms":19.093152,"batches_executed":0,"txs_added_to_block":0,"txs_executed":0,"txs_reverted":0,"txs_rejected":0,"classes_declared":0,"l2_gas_consumed":0,"state_diff_len":1,"declared_classes":0,"deployed_contracts":0,"storage_diffs":1,"nonce_updates":0,"consumed_l1_nonces":0,"bouncer_l1_gas":0,"bouncer_sierra_gas":0,"bouncer_n_events":0,"bouncer_message_segment_length":0,"bouncer_state_diff_size":0,"get_full_block_ms":0.003352,"commitments_ms":0.080597,"merklization_ms":8.424742,"contract_trie_ms":0.7308250000000001,"class_trie_ms":0.025283,"contract_storage_trie_commit_ms":2.7498829999999996,"contract_trie_commit_ms":2.5926679999999998,"class_trie_commit_ms":2.242272,"block_hash_ms":0.06900400000000001,"db_write_ms":6.678067}
[2026-09-14 17:09:04:722] INFO ⛏️  Closed block #2505 with 0 transactions - 19.088333ms
[2026-09-14 17:09:04:723] RPC starknet_V0_10_2_getBlockWithReceipts 200 871 bytes - 53.000µs
[2026-09-14 17:09:04:727] RPC starknet_V0_10_2_getBlockWithReceipts 200 368 bytes - 47.000µs
[2026-09-14 17:09:04:797] RPC starknet_V0_10_2_getBlockWithTxHashes 200 368 bytes - 67.000µs
[2026-09-14 17:09:05:299] RPC starknet_V0_10_2_getBlockWithTxHashes 200 368 bytes - 79.000µs
[2026-09-14 17:09:05:800] RPC starknet_V0_10_2_getBlockWithTxHashes 200 368 bytes - 79.000µs
[2026-09-14 17:09:06:072] RPC starknet_V0_10_2_blockNumber 200 38 bytes - 13.000µs
[2026-09-14 17:09:06:301] RPC starknet_V0_10_2_getBlockWithTxHashes 200 368 bytes - 67.000µs
[2026-09-14 17:09:06:702] INFO Block 2506 final weights: BouncerWeights { l1_gas: 0, message_segment_length: 0, n_events: 0, state_diff_size: 0, sierra_gas: GasAmount(0), n_txs: 0, proving_gas: GasAmount(0), receipt_l2_gas: GasAmount(0) }.
[2026-09-14 17:09:06:709] INFO Block hash 0x473e481050106cd5cd4531f9da9ee309cef8869b1020b0fc59d96ffbe02a91f computed for #2506
{"timestamp":"2026-09-14T17:09:06.727496477Z","level":"INFO","target":"close_block","message":"close_block_complete","block_number":2506,"tx_count":0,"event_count":0,"close_block_total_ms":21.768723,"block_close_ms":21.768723,"close_preconfirmed_ms":21.760690999999998,"block_production_ms":21.777383,"batches_executed":0,"txs_added_to_block":0,"txs_executed":0,"txs_reverted":0,"txs_rejected":0,"classes_declared":0,"l2_gas_consumed":0,"state_diff_len":1,"declared_classes":0,"deployed_contracts":0,"storage_diffs":1,"nonce_updates":0,"consumed_l1_nonces":0,"bouncer_l1_gas":0,"bouncer_sierra_gas":0,"bouncer_n_events":0,"bouncer_message_segment_length":0,"bouncer_state_diff_size":0,"get_full_block_ms":0.0038410000000000002,"commitments_ms":0.091563,"merklization_ms":10.087257000000001,"contract_trie_ms":0.9457279999999999,"class_trie_ms":0.030101,"contract_storage_trie_commit_ms":2.8304799999999997,"contract_trie_commit_ms":3.83739,"class_trie_commit_ms":2.303034,"block_hash_ms":0.111049,"db_write_ms":7.08266}
[2026-09-14 17:09:06:727] INFO ⛏️  Closed block #2506 with 0 transactions - 21.768723ms
[2026-09-14 17:09:06:728] RPC starknet_V0_10_2_getBlockWithReceipts 200 871 bytes - 67.000µs
[2026-09-14 17:09:06:732] RPC starknet_V0_10_2_getBlockWithReceipts 200 368 bytes - 47.000µs
[2026-09-14 17:09:06:800] RPC starknet_V0_10_2_getBlockWithTxHashes 200 368 bytes - 99.000µs
[2026-09-14 17:09:07:301] RPC starknet_V0_10_2_getBlockWithTxHashes 200 368 bytes - 94.000µs
[2026-09-14 17:09:07:801] RPC starknet_V0_10_2_getBlockWithTxHashes 200 368 bytes - 90.000µs
[2026-09-14 17:09:08:113] RPC starknet_V0_10_2_blockNumber 200 38 bytes - 9.000µs
[2026-09-14 17:09:08:303] RPC starknet_V0_10_2_getBlockWithTxHashes 200 368 bytes - 73.000µs
[2026-09-14 17:09:08:704] INFO Block 2507 final weights: BouncerWeights { l1_gas: 0, message_segment_length: 0, n_events: 0, state_diff_size: 0, sierra_gas: GasAmount(0), n_txs: 0, proving_gas: GasAmount(0), receipt_l2_gas: GasAmount(0) }.
[2026-09-14 17:09:08:709] INFO Block hash 0x753483379bda91919505bdf9aac3e7d0010810d5a8ce9f93b884bb7d64b2d6e computed for #2507
{"timestamp":"2026-09-14T17:09:08.726349819Z","level":"INFO","target":"close_block","message":"close_block_complete","block_number":2507,"tx_count":0,"event_count":0,"close_block_total_ms":20.258882999999997,"block_close_ms":20.258882999999997,"close_preconfirmed_ms":20.253714,"block_production_ms":20.263072,"batches_executed":0,"txs_added_to_block":0,"txs_executed":0,"txs_reverted":0,"txs_rejected":0,"classes_declared":0,"l2_gas_consumed":0,"state_diff_len":1,"declared_classes":0,"deployed_contracts":0,"storage_diffs":1,"nonce_updates":0,"consumed_l1_nonces":0,"bouncer_l1_gas":0,"bouncer_sierra_gas":0,"bouncer_n_events":0,"bouncer_message_segment_length":0,"bouncer_state_diff_size":0,"get_full_block_ms":0.003352,"commitments_ms":0.084788,"merklization_ms":8.838066,"contract_trie_ms":0.5873,"class_trie_ms":0.020812,"contract_storage_trie_commit_ms":3.326916,"contract_trie_commit_ms":2.591482,"class_trie_commit_ms":2.226558,"block_hash_ms":0.068655,"db_write_ms":7.1574610000000005}
[2026-09-14 17:09:08:726] INFO ⛏️  Closed block #2507 with 0 transactions - 20.258883ms
[2026-09-14 17:09:08:726] RPC starknet_V0_10_2_getBlockWithReceipts 200 871 bytes - 54.000µs
[2026-09-14 17:09:08:731] RPC starknet_V0_10_2_getBlockWithReceipts 200 368 bytes - 34.000µs
[2026-09-14 17:09:08:803] RPC starknet_V0_10_2_getBlockWithTxHashes 200 368 bytes - 83.000µs
[2026-09-14 17:09:09:305] RPC starknet_V0_10_2_getBlockWithTxHashes 200 368 bytes - 103.000µs
[2026-09-14 17:09:09:806] RPC starknet_V0_10_2_getBlockWithTxHashes 200 368 bytes - 87.000µs
[2026-09-14 17:09:10:153] RPC starknet_V0_10_2_blockNumber 200 38 bytes - 10.000µs
[2026-09-14 17:09:10:307] RPC starknet_V0_10_2_getBlockWithTxHashes 200 368 bytes - 121.000µs
[2026-09-14 17:09:10:705] INFO Block 2508 final weights: BouncerWeights { l1_gas: 0, message_segment_length: 0, n_events: 0, state_diff_size: 0, sierra_gas: GasAmount(0), n_txs: 0, proving_gas: GasAmount(0), receipt_l2_gas: GasAmount(0) }.
[2026-09-14 17:09:10:712] INFO Block hash 0x1b81791d4ccb52d537c18b2d955ba576e18f1cc500afa15bb46013ef870b0ec computed for #2508
{"timestamp":"2026-09-14T17:09:10.730004787Z","level":"INFO","target":"close_block","message":"close_block_complete","block_number":2508,"tx_count":0,"event_count":0,"close_block_total_ms":21.525813000000003,"block_close_ms":21.525813000000003,"close_preconfirmed_ms":21.520086,"block_production_ms":21.53154,"batches_executed":0,"txs_added_to_block":0,"txs_executed":0,"txs_reverted":0,"txs_rejected":0,"classes_declared":0,"l2_gas_consumed":0,"state_diff_len":1,"declared_classes":0,"deployed_contracts":0,"storage_diffs":1,"nonce_updates":0,"consumed_l1_nonces":0,"bouncer_l1_gas":0,"bouncer_sierra_gas":0,"bouncer_n_events":0,"bouncer_message_segment_length":0,"bouncer_state_diff_size":0,"get_full_block_ms":0.0038410000000000002,"commitments_ms":0.130464,"merklization_ms":9.270107,"contract_trie_ms":1.023812,"class_trie_ms":0.056711,"contract_storage_trie_commit_ms":3.00704,"contract_trie_commit_ms":2.68032,"class_trie_commit_ms":2.412687,"block_hash_ms":0.096871,"db_write_ms":7.696291}
[2026-09-14 17:09:10:730] INFO ⛏️  Closed block #2508 with 0 transactions - 21.525813ms
[2026-09-14 17:09:10:730] RPC starknet_V0_10_2_getBlockWithReceipts 200 871 bytes - 65.000µs
[2026-09-14 17:09:10:735] RPC starknet_V0_10_2_getBlockWithReceipts 200 368 bytes - 56.000µs
[2026-09-14 17:09:10:807] RPC starknet_V0_10_2_getBlockWithTxHashes 200 368 bytes - 84.000µs
[2026-09-14 17:09:11:307] RPC starknet_V0_10_2_getBlockWithTxHashes 200 368 bytes - 59.000µs
[2026-09-14 17:09:11:807] RPC starknet_V0_10_2_getBlockWithTxHashes 200 368 bytes - 63.000µs
[2026-09-14 17:09:12:190] RPC starknet_V0_10_2_blockNumber 200 38 bytes - 12.000µs
[2026-09-14 17:09:12:307] RPC starknet_V0_10_2_getBlockWithTxHashes 200 368 bytes - 65.000µs
[2026-09-14 17:09:12:621] RPC starknet_V0_10_2_blockNumber 200 38 bytes - 10.000µs
[2026-09-14 17:09:12:622] RPC starknet_V0_10_2_getBlockWithReceipts 200 2820 bytes - 156.000µs
[2026-09-14 17:09:12:622] RPC starknet_V0_10_2_getBlockWithReceipts 200 869 bytes - 39.000µs
[2026-09-14 17:09:12:622] RPC starknet_V0_10_2_getBlockWithReceipts 200 869 bytes - 41.000µs
[2026-09-14 17:09:12:623] RPC starknet_V0_10_2_getBlockWithReceipts 200 869 bytes - 33.000µs
[2026-09-14 17:09:12:623] RPC starknet_V0_10_2_getBlockWithReceipts 200 869 bytes - 33.000µs
[2026-09-14 17:09:12:623] RPC starknet_V0_10_2_getBlockWithReceipts 200 868 bytes - 38.000µs
[2026-09-14 17:09:12:623] RPC starknet_V0_10_2_getBlockWithReceipts 200 868 bytes - 32.000µs
[2026-09-14 17:09:12:623] RPC starknet_V0_10_2_getBlockWithReceipts 200 869 bytes - 32.000µs
[2026-09-14 17:09:12:623] RPC starknet_V0_10_2_getBlockWithReceipts 200 870 bytes - 32.000µs
[2026-09-14 17:09:12:624] RPC starknet_V0_10_2_getBlockWithReceipts 200 870 bytes - 34.000µs
[2026-09-14 17:09:12:624] RPC starknet_V0_10_2_getBlockWithReceipts 200 870 bytes - 32.000µs
[2026-09-14 17:09:12:624] RPC starknet_V0_10_2_getBlockWithReceipts 200 870 bytes - 31.000µs
[2026-09-14 17:09:12:624] RPC starknet_V0_10_2_getBlockWithReceipts 200 870 bytes - 31.000µs
[2026-09-14 17:09:12:624] RPC starknet_V0_10_2_getBlockWithReceipts 200 870 bytes - 39.000µs
[2026-09-14 17:09:12:624] RPC starknet_V0_10_2_getBlockWithReceipts 200 870 bytes - 32.000µs
[2026-09-14 17:09:12:625] RPC starknet_V0_10_2_getBlockWithReceipts 200 870 bytes - 32.000µs
[2026-09-14 17:09:12:625] RPC starknet_V0_10_2_getBlockWithReceipts 200 870 bytes - 34.000µs
[2026-09-14 17:09:12:625] RPC starknet_V0_10_2_getBlockWithReceipts 200 870 bytes - 40.000µs
[2026-09-14 17:09:12:625] RPC starknet_V0_10_2_getBlockWithReceipts 200 870 bytes - 38.000µs
[2026-09-14 17:09:12:625] RPC starknet_V0_10_2_getBlockWithReceipts 200 870 bytes - 46.000µs
[2026-09-14 17:09:12:626] RPC starknet_V0_10_2_getBlockWithReceipts 200 870 bytes - 47.000µs
[2026-09-14 17:09:12:626] RPC starknet_V0_10_2_getBlockWithReceipts 200 870 bytes - 58.000µs
[2026-09-14 17:09:12:626] RPC starknet_V0_10_2_getBlockWithReceipts 200 870 bytes - 41.000µs
[2026-09-14 17:09:12:626] RPC starknet_V0_10_2_getBlockWithReceipts 200 870 bytes - 36.000µs
[2026-09-14 17:09:12:626] RPC starknet_V0_10_2_getBlockWithReceipts 200 870 bytes - 30.000µs
[2026-09-14 17:09:12:627] RPC starknet_V0_10_2_getBlockWithReceipts 200 869 bytes - 30.000µs
[2026-09-14 17:09:12:627] RPC starknet_V0_10_2_getBlockWithReceipts 200 869 bytes - 38.000µs
[2026-09-14 17:09:12:627] RPC starknet_V0_10_2_getBlockWithReceipts 200 870 bytes - 41.000µs
[2026-09-14 17:09:12:627] RPC starknet_V0_10_2_getBlockWithReceipts 200 868 bytes - 32.000µs
[2026-09-14 17:09:12:627] RPC starknet_V0_10_2_getBlockWithReceipts 200 868 bytes - 30.000µs
[2026-09-14 17:09:12:627] RPC starknet_V0_10_2_getBlockWithReceipts 200 870 bytes - 31.000µs
[2026-09-14 17:09:12:628] RPC starknet_V0_10_2_getBlockWithReceipts 200 870 bytes - 32.000µs
[2026-09-14 17:09:12:628] RPC starknet_V0_10_2_getBlockWithReceipts 200 870 bytes - 32.000µs
[2026-09-14 17:09:12:628] RPC starknet_V0_10_2_getBlockWithReceipts 200 870 bytes - 30.000µs
[2026-09-14 17:09:12:628] RPC starknet_V0_10_2_getBlockWithReceipts 200 870 bytes - 31.000µs
[2026-09-14 17:09:12:628] RPC starknet_V0_10_2_getBlockWithReceipts 200 870 bytes - 31.000µs
[2026-09-14 17:09:12:628] RPC starknet_V0_10_2_getBlockWithReceipts 200 869 bytes - 28.000µs
[2026-09-14 17:09:12:629] RPC starknet_V0_10_2_getBlockWithReceipts 200 869 bytes - 30.000µs
[2026-09-14 17:09:12:629] RPC starknet_V0_10_2_getBlockWithReceipts 200 869 bytes - 29.000µs
[2026-09-14 17:09:12:629] RPC starknet_V0_10_2_getBlockWithReceipts 200 870 bytes - 30.000µs
[2026-09-14 17:09:12:629] RPC starknet_V0_10_2_getBlockWithReceipts 200 869 bytes - 29.000µs
[2026-09-14 17:09:12:629] RPC starknet_V0_10_2_getBlockWithReceipts 200 870 bytes - 30.000µs
[2026-09-14 17:09:12:629] RPC starknet_V0_10_2_getBlockWithReceipts 200 870 bytes - 31.000µs
[2026-09-14 17:09:12:630] RPC starknet_V0_10_2_getBlockWithReceipts 200 870 bytes - 37.000µs
[2026-09-14 17:09:12:630] RPC starknet_V0_10_2_getBlockWithReceipts 200 870 bytes - 28.000µs
[2026-09-14 17:09:12:630] RPC starknet_V0_10_2_getBlockWithReceipts 200 870 bytes - 40.000µs
[2026-09-14 17:09:12:630] RPC starknet_V0_10_2_getBlockWithReceipts 200 870 bytes - 32.000µs
[2026-09-14 17:09:12:630] RPC starknet_V0_10_2_getBlockWithReceipts 200 870 bytes - 43.000µs
[2026-09-14 17:09:12:630] RPC starknet_V0_10_2_getBlockWithReceipts 200 870 bytes - 33.000µs
[2026-09-14 17:09:12:631] RPC starknet_V0_10_2_getBlockWithReceipts 200 870 bytes - 35.000µs
[2026-09-14 17:09:12:631] RPC starknet_V0_10_2_getBlockWithReceipts 200 869 bytes - 35.000µs
[2026-09-14 17:09:12:631] RPC starknet_V0_10_2_getBlockWithReceipts 200 870 bytes - 42.000µs
[2026-09-14 17:09:12:631] RPC starknet_V0_10_2_getBlockWithReceipts 200 870 bytes - 31.000µs
[2026-09-14 17:09:12:631] RPC starknet_V0_10_2_getBlockWithReceipts 200 870 bytes - 32.000µs
[2026-09-14 17:09:12:631] RPC starknet_V0_10_2_getBlockWithReceipts 200 870 bytes - 35.000µs
[2026-09-14 17:09:12:631] RPC starknet_V0_10_2_getBlockWithReceipts 200 868 bytes - 31.000µs
[2026-09-14 17:09:12:632] RPC starknet_V0_10_2_getBlockWithReceipts 200 868 bytes - 32.000µs
[2026-09-14 17:09:12:632] RPC starknet_V0_10_2_getBlockWithReceipts 200 869 bytes - 33.000µs
[2026-09-14 17:09:12:632] RPC starknet_V0_10_2_getBlockWithReceipts 200 868 bytes - 40.000µs
[2026-09-14 17:09:12:632] RPC starknet_V0_10_2_getBlockWithReceipts 200 870 bytes - 41.000µs
[2026-09-14 17:09:12:632] RPC starknet_V0_10_2_getBlockWithReceipts 200 870 bytes - 36.000µs
[2026-09-14 17:09:12:632] RPC starknet_V0_10_2_getBlockWithReceipts 200 869 bytes - 36.000µs
[2026-09-14 17:09:12:633] RPC starknet_V0_10_2_getBlockWithReceipts 200 869 bytes - 29.000µs
[2026-09-14 17:09:12:633] RPC starknet_V0_10_2_getBlockWithReceipts 200 869 bytes - 29.000µs
[2026-09-14 17:09:12:633] RPC starknet_V0_10_2_getBlockWithReceipts 200 870 bytes - 30.000µs
[2026-09-14 17:09:12:633] RPC starknet_V0_10_2_getBlockWithReceipts 200 870 bytes - 29.000µs
[2026-09-14 17:09:12:633] RPC starknet_V0_10_2_getBlockWithReceipts 200 870 bytes - 42.000µs
[2026-09-14 17:09:12:633] RPC starknet_V0_10_2_getBlockWithReceipts 200 870 bytes - 36.000µs
[2026-09-14 17:09:12:634] RPC starknet_V0_10_2_getBlockWithReceipts 200 869 bytes - 52.000µs
[2026-09-14 17:09:12:634] RPC starknet_V0_10_2_getBlockWithReceipts 200 870 bytes - 35.000µs
[2026-09-14 17:09:12:634] RPC starknet_V0_10_2_getBlockWithReceipts 200 869 bytes - 41.000µs
[2026-09-14 17:09:12:634] RPC starknet_V0_10_2_getBlockWithReceipts 200 870 bytes - 29.000µs
[2026-09-14 17:09:12:634] RPC starknet_V0_10_2_getBlockWithReceipts 200 870 bytes - 41.000µs
[2026-09-14 17:09:12:634] RPC starknet_V0_10_2_getBlockWithReceipts 200 869 bytes - 38.000µs
[2026-09-14 17:09:12:635] RPC starknet_V0_10_2_getBlockWithReceipts 200 3082 bytes - 68.000µs
[2026-09-14 17:09:12:638] RPC starknet_V0_10_2_getBlockWithReceipts 200 870 bytes - 48.000µs
[2026-09-14 17:09:12:638] RPC starknet_V0_10_2_getBlockWithReceipts 200 870 bytes - 31.000µs
[2026-09-14 17:09:12:638] RPC starknet_V0_10_2_getBlockWithReceipts 200 868 bytes - 30.000µs
[2026-09-14 17:09:12:639] RPC starknet_V0_10_2_getBlockWithReceipts 200 867 bytes - 36.000µs
[2026-09-14 17:09:12:639] RPC starknet_V0_10_2_getBlockWithReceipts 200 870 bytes - 40.000µs
[2026-09-14 17:09:12:639] RPC starknet_V0_10_2_getBlockWithReceipts 200 869 bytes - 37.000µs
[2026-09-14 17:09:12:639] RPC starknet_V0_10_2_getBlockWithReceipts 200 869 bytes - 36.000µs
[2026-09-14 17:09:12:639] RPC starknet_V0_10_2_getBlockWithReceipts 200 870 bytes - 37.000µs
[2026-09-14 17:09:12:640] RPC starknet_V0_10_2_getBlockWithReceipts 200 870 bytes - 35.000µs
[2026-09-14 17:09:12:640] RPC starknet_V0_10_2_getBlockWithReceipts 200 869 bytes - 29.000µs
[2026-09-14 17:09:12:640] RPC starknet_V0_10_2_getBlockWithReceipts 200 870 bytes - 30.000µs
[2026-09-14 17:09:12:640] RPC starknet_V0_10_2_getBlockWithReceipts 200 869 bytes - 31.000µs
[2026-09-14 17:09:12:640] RPC starknet_V0_10_2_getBlockWithReceipts 200 870 bytes - 29.000µs
[2026-09-14 17:09:12:640] RPC starknet_V0_10_2_getBlockWithReceipts 200 870 bytes - 42.000µs
[2026-09-14 17:09:12:641] RPC starknet_V0_10_2_getBlockWithReceipts 200 868 bytes - 32.000µs
[2026-09-14 17:09:12:641] RPC starknet_V0_10_2_getBlockWithReceipts 200 868 bytes - 31.000µs
[2026-09-14 17:09:12:641] RPC starknet_V0_10_2_getBlockWithReceipts 200 870 bytes - 30.000µs
[2026-09-14 17:09:12:641] RPC starknet_V0_10_2_getBlockWithReceipts 200 870 bytes - 29.000µs
[2026-09-14 17:09:12:641] RPC starknet_V0_10_2_getBlockWithReceipts 200 869 bytes - 32.000µs
[2026-09-14 17:09:12:641] RPC starknet_V0_10_2_getBlockWithReceipts 200 870 bytes - 29.000µs
[2026-09-14 17:09:12:642] RPC starknet_V0_10_2_getBlockWithReceipts 200 870 bytes - 29.000µs
[2026-09-14 17:09:12:642] RPC starknet_V0_10_2_getBlockWithReceipts 200 869 bytes - 31.000µs
[2026-09-14 17:09:12:642] RPC starknet_V0_10_2_getBlockWithReceipts 200 870 bytes - 34.000µs
[2026-09-14 17:09:12:642] RPC starknet_V0_10_2_getBlockWithReceipts 200 871 bytes - 31.000µs
[2026-09-14 17:09:12:642] RPC starknet_V0_10_2_getBlockWithReceipts 200 870 bytes - 31.000µs
[2026-09-14 17:09:12:642] RPC starknet_V0_10_2_getBlockWithReceipts 200 870 bytes - 30.000µs
[2026-09-14 17:09:12:643] RPC starknet_V0_10_2_getBlockWithReceipts 200 871 bytes - 29.000µs
[2026-09-14 17:09:12:643] RPC starknet_V0_10_2_getBlockWithReceipts 200 869 bytes - 29.000µs
[2026-09-14 17:09:12:643] RPC starknet_V0_10_2_getBlockWithReceipts 200 869 bytes - 30.000µs
[2026-09-14 17:09:12:643] RPC starknet_V0_10_2_getBlockWithReceipts 200 870 bytes - 30.000µs
[2026-09-14 17:09:12:643] RPC starknet_V0_10_2_getBlockWithReceipts 200 871 bytes - 29.000µs
[2026-09-14 17:09:12:643] RPC starknet_V0_10_2_getBlockWithReceipts 200 871 bytes - 29.000µs
[2026-09-14 17:09:12:643] RPC starknet_V0_10_2_getBlockWithReceipts 200 871 bytes - 29.000µs
[2026-09-14 17:09:12:644] RPC starknet_V0_10_2_getBlockWithReceipts 200 871 bytes - 28.000µs
[2026-09-14 17:09:12:644] RPC starknet_V0_10_2_getBlockWithReceipts 200 871 bytes - 37.000µs
[2026-09-14 17:09:12:644] RPC starknet_V0_10_2_getBlockWithReceipts 200 871 bytes - 30.000µs
[2026-09-14 17:09:12:644] RPC starknet_V0_10_2_getBlockWithReceipts 200 870 bytes - 32.000µs
[2026-09-14 17:09:12:644] RPC starknet_V0_10_2_getBlockWithReceipts 200 3205 bytes - 73.000µs
[2026-09-14 17:09:12:645] RPC starknet_V0_10_2_getBlockWithReceipts 200 869 bytes - 32.000µs
[2026-09-14 17:09:12:645] RPC starknet_V0_10_2_getBlockWithReceipts 200 871 bytes - 30.000µs
[2026-09-14 17:09:12:645] RPC starknet_V0_10_2_getBlockWithReceipts 200 870 bytes - 33.000µs
[2026-09-14 17:09:12:647] RPC starknet_V0_10_2_getBlockWithReceipts 200 871 bytes - 46.000µs
[2026-09-14 17:09:12:648] RPC starknet_V0_10_2_getBlockWithReceipts 200 871 bytes - 34.000µs
[2026-09-14 17:09:12:648] RPC starknet_V0_10_2_getBlockWithReceipts 200 871 bytes - 31.000µs
[2026-09-14 17:09:12:649] RPC starknet_V0_10_2_getBlockWithReceipts 200 871 bytes - 42.000µs
[2026-09-14 17:09:12:649] RPC starknet_V0_10_2_getBlockWithReceipts 200 871 bytes - 47.000µs
[2026-09-14 17:09:12:649] RPC starknet_V0_10_2_getBlockWithReceipts 200 871 bytes - 30.000µs
[2026-09-14 17:09:12:649] RPC starknet_V0_10_2_getBlockWithReceipts 200 871 bytes - 29.000µs
[2026-09-14 17:09:12:649] RPC starknet_V0_10_2_getBlockWithReceipts 200 871 bytes - 29.000µs
[2026-09-14 17:09:12:649] RPC starknet_V0_10_2_getBlockWithReceipts 200 870 bytes - 29.000µs
[2026-09-14 17:09:12:650] RPC starknet_V0_10_2_getBlockWithReceipts 200 870 bytes - 29.000µs
[2026-09-14 17:09:12:650] RPC starknet_V0_10_2_getBlockWithReceipts 200 871 bytes - 30.000µs
[2026-09-14 17:09:12:650] RPC starknet_V0_10_2_getBlockWithReceipts 200 870 bytes - 29.000µs
[2026-09-14 17:09:12:650] RPC starknet_V0_10_2_getBlockWithReceipts 200 869 bytes - 29.000µs
[2026-09-14 17:09:12:650] RPC starknet_V0_10_2_getBlockWithReceipts 200 871 bytes - 36.000µs
[2026-09-14 17:09:12:650] RPC starknet_V0_10_2_getBlockWithReceipts 200 871 bytes - 29.000µs
[2026-09-14 17:09:12:650] RPC starknet_V0_10_2_getBlockWithReceipts 200 870 bytes - 28.000µs
[2026-09-14 17:09:12:651] RPC starknet_V0_10_2_getBlockWithReceipts 200 871 bytes - 28.000µs
[2026-09-14 17:09:12:651] RPC starknet_V0_10_2_getBlockWithReceipts 200 871 bytes - 29.000µs
[2026-09-14 17:09:12:651] RPC starknet_V0_10_2_getBlockWithReceipts 200 871 bytes - 30.000µs
[2026-09-14 17:09:12:651] RPC starknet_V0_10_2_getBlockWithReceipts 200 869 bytes - 29.000µs
[2026-09-14 17:09:12:651] RPC starknet_V0_10_2_getBlockWithReceipts 200 871 bytes - 28.000µs
[2026-09-14 17:09:12:651] RPC starknet_V0_10_2_getBlockWithReceipts 200 871 bytes - 29.000µs
[2026-09-14 17:09:12:652] RPC starknet_V0_10_2_getBlockWithReceipts 200 870 bytes - 29.000µs
[2026-09-14 17:09:12:652] RPC starknet_V0_10_2_getBlockWithReceipts 200 871 bytes - 28.000µs
[2026-09-14 17:09:12:652] RPC starknet_V0_10_2_getBlockWithReceipts 200 869 bytes - 29.000µs
[2026-09-14 17:09:12:652] RPC starknet_V0_10_2_getBlockWithReceipts 200 871 bytes - 28.000µs
[2026-09-14 17:09:12:652] RPC starknet_V0_10_2_getBlockWithReceipts 200 869 bytes - 28.000µs
[2026-09-14 17:09:12:652] RPC starknet_V0_10_2_getBlockWithReceipts 200 870 bytes - 28.000µs
[2026-09-14 17:09:12:652] RPC starknet_V0_10_2_getBlockWithReceipts 200 870 bytes - 28.000µs
[2026-09-14 17:09:12:653] RPC starknet_V0_10_2_getBlockWithReceipts 200 870 bytes - 29.000µs
[2026-09-14 17:09:12:653] RPC starknet_V0_10_2_getBlockWithReceipts 200 871 bytes - 28.000µs
[2026-09-14 17:09:12:653] RPC starknet_V0_10_2_getBlockWithReceipts 200 871 bytes - 29.000µs
[2026-09-14 17:09:12:653] RPC starknet_V0_10_2_getBlockWithReceipts 200 871 bytes - 28.000µs
[2026-09-14 17:09:12:653] RPC starknet_V0_10_2_getBlockWithReceipts 200 870 bytes - 28.000µs
[2026-09-14 17:09:12:653] RPC starknet_V0_10_2_getBlockWithReceipts 200 871 bytes - 28.000µs
[2026-09-14 17:09:12:653] RPC starknet_V0_10_2_getBlockWithReceipts 200 870 bytes - 27.000µs
[2026-09-14 17:09:12:654] RPC starknet_V0_10_2_getBlockWithReceipts 200 870 bytes - 38.000µs
[2026-09-14 17:09:12:654] RPC starknet_V0_10_2_getBlockWithReceipts 200 870 bytes - 38.000µs
[2026-09-14 17:09:12:654] RPC starknet_V0_10_2_getBlockWithReceipts 200 871 bytes - 34.000µs
[2026-09-14 17:09:12:654] RPC starknet_V0_10_2_getBlockWithReceipts 200 869 bytes - 33.000µs
[2026-09-14 17:09:12:654] RPC starknet_V0_10_2_getBlockWithReceipts 200 870 bytes - 31.000µs
[2026-09-14 17:09:12:655] RPC starknet_V0_10_2_getBlockWithReceipts 200 870 bytes - 42.000µs
[2026-09-14 17:09:12:655] RPC starknet_V0_10_2_getBlockWithReceipts 200 870 bytes - 39.000µs
[2026-09-14 17:09:12:655] RPC starknet_V0_10_2_getBlockWithReceipts 200 870 bytes - 36.000µs
[2026-09-14 17:09:12:655] RPC starknet_V0_10_2_getBlockWithReceipts 200 870 bytes - 30.000µs
[2026-09-14 17:09:12:655] RPC starknet_V0_10_2_getBlockWithReceipts 200 3206 bytes - 64.000µs
[2026-09-14 17:09:12:656] RPC starknet_V0_10_2_getBlockWithReceipts 200 870 bytes - 32.000µs
[2026-09-14 17:09:12:656] RPC starknet_V0_10_2_getBlockWithReceipts 200 871 bytes - 29.000µs
[2026-09-14 17:09:12:657] RPC starknet_V0_10_2_getBlockWithReceipts 200 871 bytes - 28.000µs
[2026-09-14 17:09:12:657] RPC starknet_V0_10_2_getBlockWithReceipts 200 871 bytes - 27.000µs
[2026-09-14 17:09:12:657] RPC starknet_V0_10_2_getBlockWithReceipts 200 871 bytes - 27.000µs
[2026-09-14 17:09:12:657] RPC starknet_V0_10_2_getBlockWithReceipts 200 871 bytes - 28.000µs
[2026-09-14 17:09:12:657] RPC starknet_V0_10_2_getBlockWithReceipts 200 871 bytes - 28.000µs
[2026-09-14 17:09:12:657] RPC starknet_V0_10_2_getBlockWithReceipts 200 871 bytes - 35.000µs
[2026-09-14 17:09:12:658] RPC starknet_V0_10_2_getBlockWithReceipts 200 870 bytes - 32.000µs
[2026-09-14 17:09:12:658] RPC starknet_V0_10_2_getBlockWithReceipts 200 870 bytes - 29.000µs
[2026-09-14 17:09:12:658] RPC starknet_V0_10_2_getBlockWithReceipts 200 870 bytes - 29.000µs
[2026-09-14 17:09:12:658] RPC starknet_V0_10_2_getBlockWithReceipts 200 871 bytes - 29.000µs
[2026-09-14 17:09:12:658] RPC starknet_V0_10_2_getBlockWithReceipts 200 871 bytes - 30.000µs
[2026-09-14 17:09:12:658] RPC starknet_V0_10_2_getBlockWithReceipts 200 871 bytes - 29.000µs
[2026-09-14 17:09:12:659] RPC starknet_V0_10_2_getBlockWithReceipts 200 871 bytes - 29.000µs
[2026-09-14 17:09:12:659] RPC starknet_V0_10_2_getBlockWithReceipts 200 871 bytes - 27.000µs
[2026-09-14 17:09:12:659] RPC starknet_V0_10_2_getBlockWithReceipts 200 871 bytes - 29.000µs
[2026-09-14 17:09:12:659] RPC starknet_V0_10_2_getBlockWithReceipts 200 3206 bytes - 53.000µs
[2026-09-14 17:09:12:660] RPC starknet_V0_10_2_getBlockWithReceipts 200 871 bytes - 28.000µs
[2026-09-14 17:09:12:660] RPC starknet_V0_10_2_getBlockWithReceipts 200 871 bytes - 28.000µs
[2026-09-14 17:09:12:660] RPC starknet_V0_10_2_getBlockWithReceipts 200 871 bytes - 29.000µs
[2026-09-14 17:09:12:660] RPC starknet_V0_10_2_getBlockWithReceipts 200 871 bytes - 30.000µs
[2026-09-14 17:09:12:660] RPC starknet_V0_10_2_getBlockWithReceipts 200 871 bytes - 28.000µs
[2026-09-14 17:09:12:660] RPC starknet_V0_10_2_getBlockWithReceipts 200 871 bytes - 30.000µs
[2026-09-14 17:09:12:661] RPC starknet_V0_10_2_getBlockWithReceipts 200 870 bytes - 30.000µs
[2026-09-14 17:09:12:661] RPC starknet_V0_10_2_getBlockWithReceipts 200 871 bytes - 30.000µs
[2026-09-14 17:09:12:661] RPC starknet_V0_10_2_getBlockWithReceipts 200 870 bytes - 29.000µs
[2026-09-14 17:09:12:661] RPC starknet_V0_10_2_getBlockWithReceipts 200 870 bytes - 30.000µs
[2026-09-14 17:09:12:661] RPC starknet_V0_10_2_getBlockWithReceipts 200 871 bytes - 28.000µs
[2026-09-14 17:09:12:661] RPC starknet_V0_10_2_getBlockWithReceipts 200 869 bytes - 29.000µs
[2026-09-14 17:09:12:661] RPC starknet_V0_10_2_getBlockWithReceipts 200 871 bytes - 29.000µs
[2026-09-14 17:09:12:662] RPC starknet_V0_10_2_getBlockWithReceipts 200 871 bytes - 31.000µs
[2026-09-14 17:09:12:662] RPC starknet_V0_10_2_getBlockWithReceipts 200 871 bytes - 30.000µs
[2026-09-14 17:09:12:662] RPC starknet_V0_10_2_getBlockWithReceipts 200 871 bytes - 28.000µs
[2026-09-14 17:09:12:662] RPC starknet_V0_10_2_getBlockWithReceipts 200 870 bytes - 27.000µs
[2026-09-14 17:09:12:662] RPC starknet_V0_10_2_getBlockWithReceipts 200 871 bytes - 30.000µs
[2026-09-14 17:09:12:662] RPC starknet_V0_10_2_getBlockWithReceipts 200 870 bytes - 30.000µs
[2026-09-14 17:09:12:663] RPC starknet_V0_10_2_getBlockWithReceipts 200 871 bytes - 30.000µs
[2026-09-14 17:09:12:663] RPC starknet_V0_10_2_getBlockWithReceipts 200 870 bytes - 30.000µs
[2026-09-14 17:09:12:663] RPC starknet_V0_10_2_getBlockWithReceipts 200 871 bytes - 62.000µs
[2026-09-14 17:09:12:663] RPC starknet_V0_10_2_getBlockWithReceipts 200 871 bytes - 30.000µs
[2026-09-14 17:09:12:663] RPC starknet_V0_10_2_getBlockWithReceipts 200 871 bytes - 26.000µs
[2026-09-14 17:09:12:663] RPC starknet_V0_10_2_getBlockWithReceipts 200 870 bytes - 25.000µs
[2026-09-14 17:09:12:663] RPC starknet_V0_10_2_getBlockWithReceipts 200 871 bytes - 25.000µs
[2026-09-14 17:09:12:664] RPC starknet_V0_10_2_getBlockWithReceipts 200 871 bytes - 24.000µs
[2026-09-14 17:09:12:664] RPC starknet_V0_10_2_getBlockWithReceipts 200 871 bytes - 33.000µs
[2026-09-14 17:09:12:664] RPC starknet_V0_10_2_getBlockWithReceipts 200 871 bytes - 24.000µs
[2026-09-14 17:09:12:664] RPC starknet_V0_10_2_getBlockWithReceipts 200 871 bytes - 25.000µs
[2026-09-14 17:09:12:664] RPC starknet_V0_10_2_getBlockWithReceipts 200 871 bytes - 25.000µs
[2026-09-14 17:09:12:664] RPC starknet_V0_10_2_getBlockWithReceipts 200 871 bytes - 24.000µs
[2026-09-14 17:09:12:665] RPC starknet_V0_10_2_getBlockWithReceipts 200 871 bytes - 25.000µs
[2026-09-14 17:09:12:665] RPC starknet_V0_10_2_getBlockWithReceipts 200 871 bytes - 24.000µs
[2026-09-14 17:09:12:671] RPC starknet_V0_10_2_getBlockWithReceipts 200 871 bytes - 52.000µs
[2026-09-14 17:09:12:672] INFO WS subscription opened: method=subscribeNewHeads subscription_id=4 active_subscriptions=5 active_method_subscriptions=2
[2026-09-14 17:09:12:672] RPC starknet_V0_10_2_subscribeNewHeads 200 37 bytes - 64.000µs
[2026-09-14 17:09:12:672] INFO WS subscription opened: method=subscribeNewTransactionReceipts subscription_id=6 active_subscriptions=7 active_method_subscriptions=2
[2026-09-14 17:09:12:672] INFO WS subscription opened: method=subscribeEvents subscription_id=5 active_subscriptions=7 active_method_subscriptions=2
[2026-09-14 17:09:12:672] INFO WS subscription opened: method=subscribeNewTransactions subscription_id=7 active_subscriptions=8 active_method_subscriptions=2
[2026-09-14 17:09:12:672] RPC starknet_V0_10_2_subscribeNewTransactionReceipts 200 37 bytes - 38.000µs
[2026-09-14 17:09:12:672] RPC starknet_V0_10_2_subscribeNewTransactions 200 37 bytes - 29.000µs
[2026-09-14 17:09:12:672] RPC starknet_V0_10_2_subscribeEvents 200 37 bytes - 89.000µs
[2026-09-14 17:09:12:707] INFO Block 2509 final weights: BouncerWeights { l1_gas: 0, message_segment_length: 0, n_events: 0, state_diff_size: 0, sierra_gas: GasAmount(0), n_txs: 0, proving_gas: GasAmount(0), receipt_l2_gas: GasAmount(0) }.
[2026-09-14 17:09:12:714] INFO Block hash 0x3a168456e337b25f553216ea26b3a2f81cf1b0ed5f3e7347a277017cd65dfc0 computed for #2509
[2026-09-14 17:09:12:714] RPC starknet_V0_10_2_blockNumber 200 40 bytes - 10.000µs
[2026-09-14 17:09:12:714] RPC starknet_V0_10_2_getBlockWithReceipts 200 871 bytes - 74.000µs
[2026-09-14 17:09:12:722] RPC starknet_V0_10_2_getBlockWithReceipts 200 368 bytes - 18.000µs
{"timestamp":"2026-09-14T17:09:12.732806357Z","level":"INFO","target":"close_block","message":"close_block_complete","block_number":2509,"tx_count":0,"event_count":0,"close_block_total_ms":22.472938000000003,"block_close_ms":22.472938000000003,"close_preconfirmed_ms":22.466233,"block_production_ms":22.479712999999997,"batches_executed":0,"txs_added_to_block":0,"txs_executed":0,"txs_reverted":0,"txs_rejected":0,"classes_declared":0,"l2_gas_consumed":0,"state_diff_len":1,"declared_classes":0,"deployed_contracts":0,"storage_diffs":1,"nonce_updates":0,"consumed_l1_nonces":0,"bouncer_l1_gas":0,"bouncer_sierra_gas":0,"bouncer_n_events":0,"bouncer_message_segment_length":0,"bouncer_state_diff_size":0,"get_full_block_ms":0.003353,"commitments_ms":0.107836,"merklization_ms":10.987168,"contract_trie_ms":0.904312,"class_trie_ms":0.031010000000000003,"contract_storage_trie_commit_ms":3.022406,"contract_trie_commit_ms":3.657617,"class_trie_commit_ms":3.2624519999999997,"block_hash_ms":0.094496,"db_write_ms":7.102914999999999}
[2026-09-14 17:09:12:732] INFO ⛏️  Closed block #2509 with 0 transactions - 22.472938ms
[2026-09-14 17:09:12:733] RPC starknet_V0_10_2_getBlockWithReceipts 200 871 bytes - 73.000µs
[2026-09-14 17:09:12:733] RPC starknet_V0_10_2_getBlockWithReceipts 200 871 bytes - 54.000µs
[2026-09-14 17:09:12:738] RPC starknet_V0_10_2_getBlockWithReceipts 200 368 bytes - 46.000µs
[2026-09-14 17:09:12:739] RPC starknet_V0_10_2_getBlockWithReceipts 200 368 bytes - 20.000µs
[2026-09-14 17:09:12:807] RPC starknet_V0_10_2_getBlockWithTxHashes 200 368 bytes - 64.000µs
[2026-09-14 17:09:13:308] RPC starknet_V0_10_2_getBlockWithTxHashes 200 368 bytes - 74.000µs
[2026-09-14 17:09:13:808] RPC starknet_V0_10_2_getBlockWithTxHashes 200 368 bytes - 79.000µs
[2026-09-14 17:09:14:228] RPC starknet_V0_10_2_blockNumber 200 38 bytes - 25.000µs
[2026-09-14 17:09:14:308] RPC starknet_V0_10_2_getBlockWithTxHashes 200 368 bytes - 56.000µs
[2026-09-14 17:09:14:709] INFO Block 2510 final weights: BouncerWeights { l1_gas: 0, message_segment_length: 0, n_events: 0, state_diff_size: 0, sierra_gas: GasAmount(0), n_txs: 0, proving_gas: GasAmount(0), receipt_l2_gas: GasAmount(0) }.
[2026-09-14 17:09:14:716] INFO Block hash 0x58ba8e37c22237cf5280c7ad7954550dd72ef64914fbff57f04941fb30515a computed for #2510
{"timestamp":"2026-09-14T17:09:14.734685666Z","level":"INFO","target":"close_block","message":"close_block_complete","block_number":2510,"tx_count":0,"event_count":0,"close_block_total_ms":22.086992,"block_close_ms":22.086992,"close_preconfirmed_ms":22.07945,"block_production_ms":22.092160999999997,"batches_executed":0,"txs_added_to_block":0,"txs_executed":0,"txs_reverted":0,"txs_rejected":0,"classes_declared":0,"l2_gas_consumed":0,"state_diff_len":1,"declared_classes":0,"deployed_contracts":0,"storage_diffs":1,"nonce_updates":0,"consumed_l1_nonces":0,"bouncer_l1_gas":0,"bouncer_sierra_gas":0,"bouncer_n_events":0,"bouncer_message_segment_length":0,"bouncer_state_diff_size":0,"get_full_block_ms":0.0034230000000000003,"commitments_ms":0.119849,"merklization_ms":9.721285,"contract_trie_ms":0.940491,"class_trie_ms":0.025702,"contract_storage_trie_commit_ms":3.157829,"contract_trie_commit_ms":2.9428549999999998,"class_trie_commit_ms":2.502922,"block_hash_ms":0.121525,"db_write_ms":7.54229}
[2026-09-14 17:09:14:734] INFO ⛏️  Closed block #2510 with 0 transactions - 22.086992ms
[2026-09-14 17:09:14:735] RPC starknet_V0_10_2_getBlockWithReceipts 200 869 bytes - 94.000µs
[2026-09-14 17:09:14:735] RPC starknet_V0_10_2_getBlockWithReceipts 200 869 bytes - 77.000µs
[2026-09-14 17:09:14:742] RPC starknet_V0_10_2_getBlockWithReceipts 200 368 bytes - 49.000µs
[2026-09-14 17:09:14:742] RPC starknet_V0_10_2_getBlockWithReceipts 200 368 bytes - 22.000µs
[2026-09-14 17:09:14:809] RPC starknet_V0_10_2_getBlockWithTxHashes 200 368 bytes - 60.000µs
[2026-09-14 17:09:15:309] RPC starknet_V0_10_2_getBlockWithTxHashes 200 368 bytes - 90.000µs
[2026-09-14 17:09:15:809] RPC starknet_V0_10_2_getBlockWithTxHashes 200 368 bytes - 91.000µs
[2026-09-14 17:09:16:264] RPC starknet_V0_10_2_blockNumber 200 38 bytes - 10.000µs
[2026-09-14 17:09:16:309] RPC starknet_V0_10_2_getBlockWithTxHashes 200 368 bytes - 66.000µs
[2026-09-14 17:09:16:711] INFO Block 2511 final weights: BouncerWeights { l1_gas: 0, message_segment_length: 0, n_events: 0, state_diff_size: 0, sierra_gas: GasAmount(0), n_txs: 0, proving_gas: GasAmount(0), receipt_l2_gas: GasAmount(0) }.
[2026-09-14 17:09:16:717] INFO Block hash 0x69c664bcfd062edd268300fc1f9587504b3c83b0f08be27ff1837ed454a4a20 computed for #2511
{"timestamp":"2026-09-14T17:09:16.73538374Z","level":"INFO","target":"close_block","message":"close_block_complete","block_number":2511,"tx_count":0,"event_count":0,"close_block_total_ms":21.910781,"block_close_ms":21.910781,"close_preconfirmed_ms":21.903169,"block_production_ms":21.918534,"batches_executed":0,"txs_added_to_block":0,"txs_executed":0,"txs_reverted":0,"txs_rejected":0,"classes_declared":0,"l2_gas_consumed":0,"state_diff_len":1,"declared_classes":0,"deployed_contracts":0,"storage_diffs":1,"nonce_updates":0,"consumed_l1_nonces":0,"bouncer_l1_gas":0,"bouncer_sierra_gas":0,"bouncer_n_events":0,"bouncer_message_segment_length":0,"bouncer_state_diff_size":0,"get_full_block_ms":0.00433,"commitments_ms":0.129207,"merklization_ms":9.647323,"contract_trie_ms":0.8811249999999999,"class_trie_ms":0.024305,"contract_storage_trie_commit_ms":3.009484,"contract_trie_commit_ms":2.92351,"class_trie_commit_ms":2.6864660000000002,"block_hash_ms":0.09736,"db_write_ms":7.7793339999999995}
[2026-09-14 17:09:16:735] INFO ⛏️  Closed block #2511 with 0 transactions - 21.910781ms
[2026-09-14 17:09:16:735] RPC starknet_V0_10_2_getBlockWithReceipts 200 870 bytes - 73.000µs
[2026-09-14 17:09:16:736] RPC starknet_V0_10_2_getBlockWithReceipts 200 870 bytes - 51.000µs
[2026-09-14 17:09:16:741] RPC starknet_V0_10_2_getBlockWithReceipts 200 368 bytes - 38.000µs
[2026-09-14 17:09:16:742] RPC starknet_V0_10_2_getBlockWithReceipts 200 368 bytes - 27.000µs
[2026-09-14 17:09:16:810] RPC starknet_V0_10_2_getBlockWithTxHashes 200 368 bytes - 126.000µs
[2026-09-14 17:09:17:309] RPC starknet_V0_10_2_getBlockWithTxHashes 200 368 bytes - 66.000µs
[2026-09-14 17:09:17:811] RPC starknet_V0_10_2_getBlockWithTxHashes 200 368 bytes - 112.000µs
[2026-09-14 17:09:18:301] RPC starknet_V0_10_2_blockNumber 200 38 bytes - 10.000µs
[2026-09-14 17:09:18:310] RPC starknet_V0_10_2_getBlockWithTxHashes 200 368 bytes - 53.000µs
[2026-09-14 17:09:18:711] INFO Block 2512 final weights: BouncerWeights { l1_gas: 0, message_segment_length: 0, n_events: 0, state_diff_size: 0, sierra_gas: GasAmount(0), n_txs: 0, proving_gas: GasAmount(0), receipt_l2_gas: GasAmount(0) }.
[2026-09-14 17:09:18:717] INFO Block hash 0x29d24ebdf604bfeb5ea7807a81eed9a4dce6ceded5eb6cded5b66ecca4cfc23 computed for #2512
{"timestamp":"2026-09-14T17:09:18.733598588Z","level":"INFO","target":"close_block","message":"close_block_complete","block_number":2512,"tx_count":0,"event_count":0,"close_block_total_ms":19.782351,"block_close_ms":19.782351,"close_preconfirmed_ms":19.776275,"block_production_ms":19.787101,"batches_executed":0,"txs_added_to_block":0,"txs_executed":0,"txs_reverted":0,"txs_rejected":0,"classes_declared":0,"l2_gas_consumed":0,"state_diff_len":1,"declared_classes":0,"deployed_contracts":0,"storage_diffs":1,"nonce_updates":0,"consumed_l1_nonces":0,"bouncer_l1_gas":0,"bouncer_sierra_gas":0,"bouncer_n_events":0,"bouncer_message_segment_length":0,"bouncer_state_diff_size":0,"get_full_block_ms":0.003353,"commitments_ms":0.102598,"merklization_ms":8.594877,"contract_trie_ms":0.680469,"class_trie_ms":0.025771000000000002,"contract_storage_trie_commit_ms":2.8996239999999998,"contract_trie_commit_ms":2.6215829999999998,"class_trie_commit_ms":2.285015,"block_hash_ms":0.069423,"db_write_ms":6.994171000000001}
[2026-09-14 17:09:18:733] INFO ⛏️  Closed block #2512 with 0 transactions - 19.782351ms
[2026-09-14 17:09:18:734] RPC starknet_V0_10_2_getBlockWithReceipts 200 871 bytes - 51.000µs
[2026-09-14 17:09:18:734] RPC starknet_V0_10_2_getBlockWithReceipts 200 871 bytes - 39.000µs
[2026-09-14 17:09:18:739] RPC starknet_V0_10_2_getBlockWithReceipts 200 368 bytes - 48.000µs
[2026-09-14 17:09:18:740] RPC starknet_V0_10_2_getBlockWithReceipts 200 368 bytes - 34.000µs
[2026-09-14 17:09:18:810] RPC starknet_V0_10_2_getBlockWithTxHashes 200 368 bytes - 56.000µs
[2026-09-14 17:09:19:310] RPC starknet_V0_10_2_getBlockWithTxHashes 200 368 bytes - 59.000µs
[2026-09-14 17:09:19:811] RPC starknet_V0_10_2_getBlockWithTxHashes 200 368 bytes - 58.000µs
[2026-09-14 17:09:20:311] RPC starknet_V0_10_2_getBlockWithTxHashes 200 368 bytes - 65.000µs
[2026-09-14 17:09:20:342] RPC starknet_V0_10_2_blockNumber 200 38 bytes - 11.000µs
[2026-09-14 17:09:20:713] INFO Block 2513 final weights: BouncerWeights { l1_gas: 0, message_segment_length: 0, n_events: 0, state_diff_size: 0, sierra_gas: GasAmount(0), n_txs: 0, proving_gas: GasAmount(0), receipt_l2_gas: GasAmount(0) }.
[2026-09-14 17:09:20:720] INFO Block hash 0x493b2b4e2898b57c66644965840833a66a011dac82ed1a04cfa3913743cc838 computed for #2513
{"timestamp":"2026-09-14T17:09:20.73679693Z","level":"INFO","target":"close_block","message":"close_block_complete","block_number":2513,"tx_count":0,"event_count":0,"close_block_total_ms":20.416934,"block_close_ms":20.416934,"close_preconfirmed_ms":20.411137,"block_production_ms":20.424197000000003,"batches_executed":0,"txs_added_to_block":0,"txs_executed":0,"txs_reverted":0,"txs_rejected":0,"classes_declared":0,"l2_gas_consumed":0,"state_diff_len":1,"declared_classes":0,"deployed_contracts":0,"storage_diffs":1,"nonce_updates":0,"consumed_l1_nonces":0,"bouncer_l1_gas":0,"bouncer_sierra_gas":0,"bouncer_n_events":0,"bouncer_message_segment_length":0,"bouncer_state_diff_size":0,"get_full_block_ms":0.003352,"commitments_ms":0.09114399999999999,"merklization_ms":9.110728,"contract_trie_ms":0.919748,"class_trie_ms":0.025283,"contract_storage_trie_commit_ms":2.8295719999999998,"contract_trie_commit_ms":2.972189,"class_trie_commit_ms":2.245904,"block_hash_ms":0.096661,"db_write_ms":6.889129}
[2026-09-14 17:09:20:736] INFO ⛏️  Closed block #2513 with 0 transactions - 20.416934ms
[2026-09-14 17:09:20:737] RPC starknet_V0_10_2_getBlockWithReceipts 200 870 bytes - 86.000µs
[2026-09-14 17:09:20:737] RPC starknet_V0_10_2_getBlockWithReceipts 200 870 bytes - 62.000µs
[2026-09-14 17:09:20:742] RPC starknet_V0_10_2_getBlockWithReceipts 200 368 bytes - 36.000µs
[2026-09-14 17:09:20:744] RPC starknet_V0_10_2_getBlockWithReceipts 200 368 bytes - 27.000µs
[2026-09-14 17:09:20:811] RPC starknet_V0_10_2_getBlockWithTxHashes 200 368 bytes - 58.000µs
[2026-09-14 17:09:21:314] RPC starknet_V0_10_2_getBlockWithTxHashes 200 368 bytes - 150.000µs
[2026-09-14 17:09:21:814] RPC starknet_V0_10_2_getBlockWithTxHashes 200 368 bytes - 53.000µs
[2026-09-14 17:09:22:316] RPC starknet_V0_10_2_getBlockWithTxHashes 200 368 bytes - 63.000µs
[2026-09-14 17:09:22:381] RPC starknet_V0_10_2_blockNumber 200 38 bytes - 10.000µs
[2026-09-14 17:09:22:714] INFO Block 2514 final weights: BouncerWeights { l1_gas: 0, message_segment_length: 0, n_events: 0, state_diff_size: 0, sierra_gas: GasAmount(0), n_txs: 0, proving_gas: GasAmount(0), receipt_l2_gas: GasAmount(0) }.
[2026-09-14 17:09:22:719] INFO Block hash 0x5f75def46706e74c7128fb8bd453e14484d2ee47a4bfe5a09be584b228a9810 computed for #2514
{"timestamp":"2026-09-14T17:09:22.736166682Z","level":"INFO","target":"close_block","message":"close_block_complete","block_number":2514,"tx_count":0,"event_count":0,"close_block_total_ms":19.495022000000002,"block_close_ms":19.495022000000002,"close_preconfirmed_ms":19.489295,"block_production_ms":19.499841,"batches_executed":0,"txs_added_to_block":0,"txs_executed":0,"txs_reverted":0,"txs_rejected":0,"classes_declared":0,"l2_gas_consumed":0,"state_diff_len":1,"declared_classes":0,"deployed_contracts":0,"storage_diffs":1,"nonce_updates":0,"consumed_l1_nonces":0,"bouncer_l1_gas":0,"bouncer_sierra_gas":0,"bouncer_n_events":0,"bouncer_message_segment_length":0,"bouncer_state_diff_size":0,"get_full_block_ms":0.002863,"commitments_ms":0.08283199999999999,"merklization_ms":8.851545,"contract_trie_ms":0.669573,"class_trie_ms":0.021931,"contract_storage_trie_commit_ms":2.849407,"contract_trie_commit_ms":2.523874,"class_trie_commit_ms":2.677596,"block_hash_ms":0.085905,"db_write_ms":6.755661}
[2026-09-14 17:09:22:736] INFO ⛏️  Closed block #2514 with 0 transactions - 19.495022ms
[2026-09-14 17:09:22:736] RPC starknet_V0_10_2_getBlockWithReceipts 200 871 bytes - 46.000µs
[2026-09-14 17:09:22:736] RPC starknet_V0_10_2_getBlockWithReceipts 200 871 bytes - 51.000µs
[2026-09-14 17:09:22:744] RPC starknet_V0_10_2_getBlockWithReceipts 200 368 bytes - 38.000µs
[2026-09-14 17:09:22:745] RPC starknet_V0_10_2_getBlockWithReceipts 200 368 bytes - 26.000µs
[2026-09-14 17:09:22:816] RPC starknet_V0_10_2_getBlockWithTxHashes 200 368 bytes - 90.000µs
[2026-09-14 17:09:23:317] RPC starknet_V0_10_2_getBlockWithTxHashes 200 368 bytes - 119.000µs
[2026-09-14 17:09:23:817] RPC starknet_V0_10_2_getBlockWithTxHashes 200 368 bytes - 89.000µs
[2026-09-14 17:09:24:318] RPC starknet_V0_10_2_getBlockWithTxHashes 200 368 bytes - 84.000µs
[2026-09-14 17:09:24:418] RPC starknet_V0_10_2_blockNumber 200 38 bytes - 9.000µs
[2026-09-14 17:09:24:716] INFO Block 2515 final weights: BouncerWeights { l1_gas: 0, message_segment_length: 0, n_events: 0, state_diff_size: 0, sierra_gas: GasAmount(0), n_txs: 0, proving_gas: GasAmount(0), receipt_l2_gas: GasAmount(0) }.
[2026-09-14 17:09:24:723] INFO Block hash 0x2197a734558f866cb712f78c95e20462a84d85fcd1f4908a22978f5754a20e3 computed for #2515
{"timestamp":"2026-09-14T17:09:24.740488989Z","level":"INFO","target":"close_block","message":"close_block_complete","block_number":2515,"tx_count":0,"event_count":0,"close_block_total_ms":21.677719000000003,"block_close_ms":21.677719000000003,"close_preconfirmed_ms":21.671851999999998,"block_production_ms":21.683376,"batches_executed":0,"txs_added_to_block":0,"txs_executed":0,"txs_reverted":0,"txs_rejected":0,"classes_declared":0,"l2_gas_consumed":0,"state_diff_len":1,"declared_classes":0,"deployed_contracts":0,"storage_diffs":1,"nonce_updates":0,"consumed_l1_nonces":0,"bouncer_l1_gas":0,"bouncer_sierra_gas":0,"bouncer_n_events":0,"bouncer_message_segment_length":0,"bouncer_state_diff_size":0,"get_full_block_ms":0.003771,"commitments_ms":0.078013,"merklization_ms":9.283306999999999,"contract_trie_ms":0.7563169999999999,"class_trie_ms":0.020604,"contract_storage_trie_commit_ms":3.137575,"contract_trie_commit_ms":2.799959,"class_trie_commit_ms":2.458643,"block_hash_ms":0.084509,"db_write_ms":7.369012000000001}
[2026-09-14 17:09:24:740] INFO ⛏️  Closed block #2515 with 0 transactions - 21.677719ms
[2026-09-14 17:09:24:740] RPC starknet_V0_10_2_getBlockWithReceipts 200 871 bytes - 48.000µs
[2026-09-14 17:09:24:740] RPC starknet_V0_10_2_getBlockWithReceipts 200 871 bytes - 44.000µs
[2026-09-14 17:09:24:746] RPC starknet_V0_10_2_getBlockWithReceipts 200 368 bytes - 51.000µs
[2026-09-14 17:09:24:747] RPC starknet_V0_10_2_getBlockWithReceipts 200 368 bytes - 24.000µs
[2026-09-14 17:09:24:818] RPC starknet_V0_10_2_getBlockWithTxHashes 200 368 bytes - 58.000µs
[2026-09-14 17:09:25:320] RPC starknet_V0_10_2_getBlockWithTxHashes 200 368 bytes - 75.000µs
[2026-09-14 17:09:25:820] RPC starknet_V0_10_2_getBlockWithTxHashes 200 368 bytes - 61.000µs
[2026-09-14 17:09:26:321] RPC starknet_V0_10_2_getBlockWithTxHashes 200 368 bytes - 55.000µs
[2026-09-14 17:09:26:458] RPC starknet_V0_10_2_blockNumber 200 38 bytes - 11.000µs
[2026-09-14 17:09:26:717] INFO Block 2516 final weights: BouncerWeights { l1_gas: 0, message_segment_length: 0, n_events: 0, state_diff_size: 0, sierra_gas: GasAmount(0), n_txs: 0, proving_gas: GasAmount(0), receipt_l2_gas: GasAmount(0) }.
[2026-09-14 17:09:26:722] INFO Block hash 0x1bc7f84992fcd83252b7b306a14d033dfaf53151bad48a850738d846fe92d4d computed for #2516
{"timestamp":"2026-09-14T17:09:26.738555213Z","level":"INFO","target":"close_block","message":"close_block_complete","block_number":2516,"tx_count":0,"event_count":0,"close_block_total_ms":19.934606000000002,"block_close_ms":19.934606000000002,"close_preconfirmed_ms":19.927902,"block_production_ms":19.939845000000002,"batches_executed":0,"txs_added_to_block":0,"txs_executed":0,"txs_reverted":0,"txs_rejected":0,"classes_declared":0,"l2_gas_consumed":0,"state_diff_len":1,"declared_classes":0,"deployed_contracts":0,"storage_diffs":1,"nonce_updates":0,"consumed_l1_nonces":0,"bouncer_l1_gas":0,"bouncer_sierra_gas":0,"bouncer_n_events":0,"bouncer_message_segment_length":0,"bouncer_state_diff_size":0,"get_full_block_ms":0.003772,"commitments_ms":0.130185,"merklization_ms":9.166392,"contract_trie_ms":0.88741,"class_trie_ms":0.04414,"contract_storage_trie_commit_ms":3.046431,"contract_trie_commit_ms":2.6995259999999996,"class_trie_commit_ms":2.3739239999999997,"block_hash_ms":0.096172,"db_write_ms":6.608365}
[2026-09-14 17:09:26:738] INFO ⛏️  Closed block #2516 with 0 transactions - 19.934606ms
[2026-09-14 17:09:26:738] RPC starknet_V0_10_2_getBlockWithReceipts 200 871 bytes - 50.000µs
[2026-09-14 17:09:26:739] RPC starknet_V0_10_2_getBlockWithReceipts 200 871 bytes - 43.000µs
[2026-09-14 17:09:26:744] RPC starknet_V0_10_2_getBlockWithReceipts 200 368 bytes - 48.000µs
[2026-09-14 17:09:26:745] RPC starknet_V0_10_2_getBlockWithReceipts 200 368 bytes - 23.000µs
[2026-09-14 17:09:26:821] RPC starknet_V0_10_2_getBlockWithTxHashes 200 368 bytes - 74.000µs
[2026-09-14 17:09:27:322] RPC starknet_V0_10_2_getBlockWithTxHashes 200 368 bytes - 61.000µs
[2026-09-14 17:09:27:822] RPC starknet_V0_10_2_getBlockWithTxHashes 200 368 bytes - 197.000µs
[2026-09-14 17:09:28:323] RPC starknet_V0_10_2_getBlockWithTxHashes 200 368 bytes - 60.000µs
[2026-09-14 17:09:28:499] RPC starknet_V0_10_2_blockNumber 200 38 bytes - 10.000µs
[2026-09-14 17:09:28:719] INFO Block 2517 final weights: BouncerWeights { l1_gas: 0, message_segment_length: 0, n_events: 0, state_diff_size: 0, sierra_gas: GasAmount(0), n_txs: 0, proving_gas: GasAmount(0), receipt_l2_gas: GasAmount(0) }.
[2026-09-14 17:09:28:724] INFO Block hash 0x61f34e7019ccc938b777320c38a8069feadc886c7522b229e5054dbc6fb8262 computed for #2517
{"timestamp":"2026-09-14T17:09:28.741057162Z","level":"INFO","target":"close_block","message":"close_block_complete","block_number":2517,"tx_count":0,"event_count":0,"close_block_total_ms":19.895844999999998,"block_close_ms":19.895844999999998,"close_preconfirmed_ms":19.88872,"block_production_ms":19.899685,"batches_executed":0,"txs_added_to_block":0,"txs_executed":0,"txs_reverted":0,"txs_rejected":0,"classes_declared":0,"l2_gas_consumed":0,"state_diff_len":1,"declared_classes":0,"deployed_contracts":0,"storage_diffs":1,"nonce_updates":0,"consumed_l1_nonces":0,"bouncer_l1_gas":0,"bouncer_sierra_gas":0,"bouncer_n_events":0,"bouncer_message_segment_length":0,"bouncer_state_diff_size":0,"get_full_block_ms":0.003842,"commitments_ms":0.159658,"merklization_ms":9.014835,"contract_trie_ms":0.990217,"class_trie_ms":0.026121,"contract_storage_trie_commit_ms":2.978685,"contract_trie_commit_ms":2.6903080000000004,"class_trie_commit_ms":2.214476,"block_hash_ms":0.094915,"db_write_ms":6.792887}
[2026-09-14 17:09:28:741] INFO ⛏️  Closed block #2517 with 0 transactions - 19.895845ms
[2026-09-14 17:09:28:741] RPC starknet_V0_10_2_getBlockWithReceipts 200 871 bytes - 50.000µs
[2026-09-14 17:09:28:741] RPC starknet_V0_10_2_getBlockWithReceipts 200 871 bytes - 34.000µs
[2026-09-14 17:09:28:746] RPC starknet_V0_10_2_getBlockWithReceipts 200 368 bytes - 79.000µs
[2026-09-14 17:09:28:747] RPC starknet_V0_10_2_getBlockWithReceipts 200 368 bytes - 18.000µs
[2026-09-14 17:09:28:824] RPC starknet_V0_10_2_getBlockWithTxHashes 200 368 bytes - 209.000µs
[2026-09-14 17:09:29:326] RPC starknet_V0_10_2_getBlockWithTxHashes 200 368 bytes - 103.000µs
[2026-09-14 17:09:29:826] RPC starknet_V0_10_2_getBlockWithTxHashes 200 368 bytes - 63.000µs
[2026-09-14 17:09:30:328] RPC starknet_V0_10_2_getBlockWithTxHashes 200 368 bytes - 159.000µs
[2026-09-14 17:09:30:538] RPC starknet_V0_10_2_blockNumber 200 38 bytes - 10.000µs
[2026-09-14 17:09:30:720] INFO Block 2518 final weights: BouncerWeights { l1_gas: 0, message_segment_length: 0, n_events: 0, state_diff_size: 0, sierra_gas: GasAmount(0), n_txs: 0, proving_gas: GasAmount(0), receipt_l2_gas: GasAmount(0) }.
[2026-09-14 17:09:30:725] INFO Block hash 0x548203094dd7dfa292aee6d8e8364e4889a16fc31ec53075534b7585e83704c computed for #2518
{"timestamp":"2026-09-14T17:09:30.741420763Z","level":"INFO","target":"close_block","message":"close_block_complete","block_number":2518,"tx_count":0,"event_count":0,"close_block_total_ms":19.082047000000003,"block_close_ms":19.082047000000003,"close_preconfirmed_ms":19.07632,"block_production_ms":19.086796,"batches_executed":0,"txs_added_to_block":0,"txs_executed":0,"txs_reverted":0,"txs_rejected":0,"classes_declared":0,"l2_gas_consumed":0,"state_diff_len":1,"declared_classes":0,"deployed_contracts":0,"storage_diffs":1,"nonce_updates":0,"consumed_l1_nonces":0,"bouncer_l1_gas":0,"bouncer_sierra_gas":0,"bouncer_n_events":0,"bouncer_message_segment_length":0,"bouncer_state_diff_size":0,"get_full_block_ms":0.0029340000000000004,"commitments_ms":0.09303,"merklization_ms":8.523218,"contract_trie_ms":0.793264,"class_trie_ms":0.025422,"contract_storage_trie_commit_ms":2.762873,"contract_trie_commit_ms":2.641209,"class_trie_commit_ms":2.191427,"block_hash_ms":0.086115,"db_write_ms":6.683375}
[2026-09-14 17:09:30:741] INFO ⛏️  Closed block #2518 with 0 transactions - 19.082047ms
[2026-09-14 17:09:30:741] RPC starknet_V0_10_2_getBlockWithReceipts 200 871 bytes - 63.000µs
[2026-09-14 17:09:30:742] RPC starknet_V0_10_2_getBlockWithReceipts 200 871 bytes - 44.000µs
[2026-09-14 17:09:30:745] RPC starknet_V0_10_2_getBlockWithReceipts 200 368 bytes - 33.000µs
[2026-09-14 17:09:30:746] RPC starknet_V0_10_2_getBlockWithReceipts 200 368 bytes - 22.000µs
[2026-09-14 17:09:30:828] RPC starknet_V0_10_2_getBlockWithTxHashes 200 368 bytes - 98.000µs
[2026-09-14 17:09:31:328] RPC starknet_V0_10_2_getBlockWithTxHashes 200 368 bytes - 67.000µs
[2026-09-14 17:09:31:828] RPC starknet_V0_10_2_getBlockWithTxHashes 200 368 bytes - 66.000µs
[2026-09-14 17:09:32:330] RPC starknet_V0_10_2_getBlockWithTxHashes 200 368 bytes - 90.000µs
[2026-09-14 17:09:32:573] RPC starknet_V0_10_2_blockNumber 200 38 bytes - 11.000µs
[2026-09-14 17:09:32:721] INFO Block 2519 final weights: BouncerWeights { l1_gas: 0, message_segment_length: 0, n_events: 0, state_diff_size: 0, sierra_gas: GasAmount(0), n_txs: 0, proving_gas: GasAmount(0), receipt_l2_gas: GasAmount(0) }.
[2026-09-14 17:09:32:727] INFO Block hash 0x437180019888edc2dcbd504496c0d28046b24edb712bec2021acfa4b1a2d84f computed for #2519
{"timestamp":"2026-09-14T17:09:32.744351262Z","level":"INFO","target":"close_block","message":"close_block_complete","block_number":2519,"tx_count":0,"event_count":0,"close_block_total_ms":20.792404,"block_close_ms":20.792404,"close_preconfirmed_ms":20.785769,"block_production_ms":20.796664,"batches_executed":0,"txs_added_to_block":0,"txs_executed":0,"txs_reverted":0,"txs_rejected":0,"classes_declared":0,"l2_gas_consumed":0,"state_diff_len":1,"declared_classes":0,"deployed_contracts":0,"storage_diffs":1,"nonce_updates":0,"consumed_l1_nonces":0,"bouncer_l1_gas":0,"bouncer_sierra_gas":0,"bouncer_n_events":0,"bouncer_message_segment_length":0,"bouncer_state_diff_size":0,"get_full_block_ms":0.003771,"commitments_ms":0.09268,"merklization_ms":9.371796999999999,"contract_trie_ms":0.95816,"class_trie_ms":0.048261,"contract_storage_trie_commit_ms":3.190026,"contract_trie_commit_ms":2.718244,"class_trie_commit_ms":2.360305,"block_hash_ms":0.095474,"db_write_ms":7.096978}
[2026-09-14 17:09:32:744] INFO ⛏️  Closed block #2519 with 0 transactions - 20.792404ms
[2026-09-14 17:09:32:744] RPC starknet_V0_10_2_getBlockWithReceipts 200 870 bytes - 124.000µs
[2026-09-14 17:09:32:745] RPC starknet_V0_10_2_getBlockWithReceipts 200 870 bytes - 81.000µs
[2026-09-14 17:09:32:750] RPC starknet_V0_10_2_getBlockWithReceipts 200 368 bytes - 44.000µs
[2026-09-14 17:09:32:751] RPC starknet_V0_10_2_getBlockWithReceipts 200 368 bytes - 25.000µs
[2026-09-14 17:09:32:830] RPC starknet_V0_10_2_getBlockWithTxHashes 200 368 bytes - 65.000µs
[2026-09-14 17:09:33:332] RPC starknet_V0_10_2_getBlockWithTxHashes 200 368 bytes - 67.000µs
[2026-09-14 17:09:33:832] RPC starknet_V0_10_2_getBlockWithTxHashes 200 368 bytes - 62.000µs
[2026-09-14 17:09:34:334] RPC starknet_V0_10_2_getBlockWithTxHashes 200 368 bytes - 60.000µs
[2026-09-14 17:09:34:613] RPC starknet_V0_10_2_blockNumber 200 38 bytes - 11.000µs
[2026-09-14 17:09:34:722] INFO Block 2520 final weights: BouncerWeights { l1_gas: 0, message_segment_length: 0, n_events: 0, state_diff_size: 0, sierra_gas: GasAmount(0), n_txs: 0, proving_gas: GasAmount(0), receipt_l2_gas: GasAmount(0) }.
[2026-09-14 17:09:34:728] INFO Block hash 0x7adc82542bca4a01a2783745cb45695cbe607f0704d1dfc311e030708a6a765 computed for #2520
{"timestamp":"2026-09-14T17:09:34.745106327Z","level":"INFO","target":"close_block","message":"close_block_complete","block_number":2520,"tx_count":0,"event_count":0,"close_block_total_ms":20.687082,"block_close_ms":20.687082,"close_preconfirmed_ms":20.681356,"block_production_ms":20.693647,"batches_executed":0,"txs_added_to_block":0,"txs_executed":0,"txs_reverted":0,"txs_rejected":0,"classes_declared":0,"l2_gas_consumed":0,"state_diff_len":1,"declared_classes":0,"deployed_contracts":0,"storage_diffs":1,"nonce_updates":0,"consumed_l1_nonces":0,"bouncer_l1_gas":0,"bouncer_sierra_gas":0,"bouncer_n_events":0,"bouncer_message_segment_length":0,"bouncer_state_diff_size":0,"get_full_block_ms":0.0038410000000000002,"commitments_ms":0.096172,"merklization_ms":9.2025,"contract_trie_ms":0.9343440000000001,"class_trie_ms":0.025772,"contract_storage_trie_commit_ms":3.018983,"contract_trie_commit_ms":2.811134,"class_trie_commit_ms":2.293955,"block_hash_ms":0.096591,"db_write_ms":7.199018}
[2026-09-14 17:09:34:745] INFO ⛏️  Closed block #2520 with 0 transactions - 20.687082ms
[2026-09-14 17:09:34:745] RPC starknet_V0_10_2_getBlockWithReceipts 200 871 bytes - 81.000µs
[2026-09-14 17:09:34:745] RPC starknet_V0_10_2_getBlockWithReceipts 200 871 bytes - 51.000µs
[2026-09-14 17:09:34:750] RPC starknet_V0_10_2_getBlockWithReceipts 200 368 bytes - 40.000µs
[2026-09-14 17:09:34:752] RPC starknet_V0_10_2_getBlockWithReceipts 200 368 bytes - 22.000µs
[2026-09-14 17:09:34:834] RPC starknet_V0_10_2_getBlockWithTxHashes 200 368 bytes - 66.000µs
[2026-09-14 17:09:35:334] RPC starknet_V0_10_2_getBlockWithTxHashes 200 368 bytes - 62.000µs
[2026-09-14 17:09:35:835] RPC starknet_V0_10_2_getBlockWithTxHashes 200 368 bytes - 85.000µs
[2026-09-14 17:09:36:336] RPC starknet_V0_10_2_getBlockWithTxHashes 200 368 bytes - 76.000µs
[2026-09-14 17:09:36:653] RPC starknet_V0_10_2_blockNumber 200 38 bytes - 10.000µs
[2026-09-14 17:09:36:723] INFO Block 2521 final weights: BouncerWeights { l1_gas: 0, message_segment_length: 0, n_events: 0, state_diff_size: 0, sierra_gas: GasAmount(0), n_txs: 0, proving_gas: GasAmount(0), receipt_l2_gas: GasAmount(0) }.
[2026-09-14 17:09:36:728] INFO Block hash 0x44630b58937cc3d763b0222bc7ce256c0ec948198475fe61c0b3ad7d1e29973 computed for #2521
{"timestamp":"2026-09-14T17:09:36.745962243Z","level":"INFO","target":"close_block","message":"close_block_complete","block_number":2521,"tx_count":0,"event_count":0,"close_block_total_ms":20.63526,"block_close_ms":20.63526,"close_preconfirmed_ms":20.627228000000002,"block_production_ms":20.643711,"batches_executed":0,"txs_added_to_block":0,"txs_executed":0,"txs_reverted":0,"txs_rejected":0,"classes_declared":0,"l2_gas_consumed":0,"state_diff_len":1,"declared_classes":0,"deployed_contracts":0,"storage_diffs":1,"nonce_updates":0,"consumed_l1_nonces":0,"bouncer_l1_gas":0,"bouncer_sierra_gas":0,"bouncer_n_events":0,"bouncer_message_segment_length":0,"bouncer_state_diff_size":0,"get_full_block_ms":0.0029330000000000003,"commitments_ms":0.120547,"merklization_ms":9.113102,"contract_trie_ms":0.930224,"class_trie_ms":0.0264,"contract_storage_trie_commit_ms":3.00704,"contract_trie_commit_ms":2.729838,"class_trie_commit_ms":2.299124,"block_hash_ms":0.097569,"db_write_ms":7.094394}
[2026-09-14 17:09:36:746] INFO ⛏️  Closed block #2521 with 0 transactions - 20.63526ms
[2026-09-14 17:09:36:746] RPC starknet_V0_10_2_getBlockWithReceipts 200 869 bytes - 67.000µs
[2026-09-14 17:09:36:746] RPC starknet_V0_10_2_getBlockWithReceipts 200 869 bytes - 45.000µs
[2026-09-14 17:09:36:750] RPC starknet_V0_10_2_getBlockWithReceipts 200 368 bytes - 59.000µs
[2026-09-14 17:09:36:752] RPC starknet_V0_10_2_getBlockWithReceipts 200 368 bytes - 28.000µs
[2026-09-14 17:09:36:836] RPC starknet_V0_10_2_getBlockWithTxHashes 200 368 bytes - 67.000µs
[2026-09-14 17:09:37:339] RPC starknet_V0_10_2_getBlockWithTxHashes 200 368 bytes - 65.000µs
[2026-09-14 17:09:37:840] RPC starknet_V0_10_2_getBlockWithTxHashes 200 368 bytes - 135.000µs
[2026-09-14 17:09:38:341] RPC starknet_V0_10_2_getBlockWithTxHashes 200 368 bytes - 62.000µs
[2026-09-14 17:09:38:693] RPC starknet_V0_10_2_blockNumber 200 38 bytes - 10.000µs
[2026-09-14 17:09:38:724] INFO Block 2522 final weights: BouncerWeights { l1_gas: 0, message_segment_length: 0, n_events: 0, state_diff_size: 0, sierra_gas: GasAmount(0), n_txs: 0, proving_gas: GasAmount(0), receipt_l2_gas: GasAmount(0) }.
[2026-09-14 17:09:38:729] INFO Block hash 0x1f72b6ff05166127e9bb2819a6776177c4b50bd05a5f3e475418a076ca5f4f computed for #2522
{"timestamp":"2026-09-14T17:09:38.746254676Z","level":"INFO","target":"close_block","message":"close_block_complete","block_number":2522,"tx_count":0,"event_count":0,"close_block_total_ms":20.367696000000002,"block_close_ms":20.367696000000002,"close_preconfirmed_ms":20.361549,"block_production_ms":20.374401,"batches_executed":0,"txs_added_to_block":0,"txs_executed":0,"txs_reverted":0,"txs_rejected":0,"classes_declared":0,"l2_gas_consumed":0,"state_diff_len":1,"declared_classes":0,"deployed_contracts":0,"storage_diffs":1,"nonce_updates":0,"consumed_l1_nonces":0,"bouncer_l1_gas":0,"bouncer_sierra_gas":0,"bouncer_n_events":0,"bouncer_message_segment_length":0,"bouncer_state_diff_size":0,"get_full_block_ms":0.003352,"commitments_ms":0.115937,"merklization_ms":8.927323,"contract_trie_ms":0.81233,"class_trie_ms":0.026608999999999997,"contract_storage_trie_commit_ms":2.768321,"contract_trie_commit_ms":2.8676359999999996,"class_trie_commit_ms":2.315257,"block_hash_ms":0.115449,"db_write_ms":7.136788}
[2026-09-14 17:09:38:746] INFO ⛏️  Closed block #2522 with 0 transactions - 20.367696ms
[2026-09-14 17:09:38:746] RPC starknet_V0_10_2_getBlockWithReceipts 200 870 bytes - 48.000µs
[2026-09-14 17:09:38:746] RPC starknet_V0_10_2_getBlockWithReceipts 200 870 bytes - 30.000µs
[2026-09-14 17:09:38:751] RPC starknet_V0_10_2_getBlockWithReceipts 200 368 bytes - 31.000µs
[2026-09-14 17:09:38:752] RPC starknet_V0_10_2_getBlockWithReceipts 200 368 bytes - 18.000µs
[2026-09-14 17:09:38:841] RPC starknet_V0_10_2_getBlockWithTxHashes 200 368 bytes - 71.000µs
[2026-09-14 17:09:39:341] RPC starknet_V0_10_2_getBlockWithTxHashes 200 368 bytes - 60.000µs
[2026-09-14 17:09:39:841] RPC starknet_V0_10_2_getBlockWithTxHashes 200 368 bytes - 73.000µs
[2026-09-14 17:09:40:343] RPC starknet_V0_10_2_getBlockWithTxHashes 200 368 bytes - 93.000µs
[2026-09-14 17:09:40:725] INFO Block 2523 final weights: BouncerWeights { l1_gas: 0, message_segment_length: 0, n_events: 0, state_diff_size: 0, sierra_gas: GasAmount(0), n_txs: 0, proving_gas: GasAmount(0), receipt_l2_gas: GasAmount(0) }.
[2026-09-14 17:09:40:730] INFO Block hash 0x4c292e0cd908438114b67781158ebddebdea2cebc3c61b3b8eda60bd7dd805a computed for #2523
[2026-09-14 17:09:40:732] RPC starknet_V0_10_2_blockNumber 200 38 bytes - 9.000µs
{"timestamp":"2026-09-14T17:09:40.746372085Z","level":"INFO","target":"close_block","message":"close_block_complete","block_number":2523,"tx_count":0,"event_count":0,"close_block_total_ms":18.82021,"block_close_ms":18.82021,"close_preconfirmed_ms":18.814483,"block_production_ms":18.823144,"batches_executed":0,"txs_added_to_block":0,"txs_executed":0,"txs_reverted":0,"txs_rejected":0,"classes_declared":0,"l2_gas_consumed":0,"state_diff_len":1,"declared_classes":0,"deployed_contracts":0,"storage_diffs":1,"nonce_updates":0,"consumed_l1_nonces":0,"bouncer_l1_gas":0,"bouncer_sierra_gas":0,"bouncer_n_events":0,"bouncer_message_segment_length":0,"bouncer_state_diff_size":0,"get_full_block_ms":0.003353,"commitments_ms":0.11517,"merklization_ms":8.251045,"contract_trie_ms":0.685637,"class_trie_ms":0.025772,"contract_storage_trie_commit_ms":2.6106879999999997,"contract_trie_commit_ms":2.604682,"class_trie_commit_ms":2.2439489999999997,"block_hash_ms":0.066838,"db_write_ms":6.658092}
[2026-09-14 17:09:40:746] INFO ⛏️  Closed block #2523 with 0 transactions - 18.82021ms
[2026-09-14 17:09:40:746] RPC starknet_V0_10_2_getBlockWithReceipts 200 869 bytes - 46.000µs
[2026-09-14 17:09:40:746] RPC starknet_V0_10_2_getBlockWithReceipts 200 869 bytes - 31.000µs
[2026-09-14 17:09:40:751] RPC starknet_V0_10_2_getBlockWithReceipts 200 368 bytes - 35.000µs
[2026-09-14 17:09:40:752] RPC starknet_V0_10_2_getBlockWithReceipts 200 368 bytes - 16.000µs
[2026-09-14 17:09:40:842] RPC starknet_V0_10_2_getBlockWithTxHashes 200 368 bytes - 58.000µs
[2026-09-14 17:09:41:343] RPC starknet_V0_10_2_getBlockWithTxHashes 200 368 bytes - 62.000µs
[2026-09-14 17:09:41:843] RPC starknet_V0_10_2_getBlockWithTxHashes 200 368 bytes - 58.000µs
[2026-09-14 17:09:42:343] RPC starknet_V0_10_2_getBlockWithTxHashes 200 368 bytes - 65.000µs
[2026-09-14 17:09:42:726] INFO Block 2524 final weights: BouncerWeights { l1_gas: 0, message_segment_length: 0, n_events: 0, state_diff_size: 0, sierra_gas: GasAmount(0), n_txs: 0, proving_gas: GasAmount(0), receipt_l2_gas: GasAmount(0) }.
[2026-09-14 17:09:42:733] INFO Block hash 0x6d3bc540d3e7d0832d5ae45a301a97dc19f8c963b22d3fa039678ed1817882f computed for #2524
{"timestamp":"2026-09-14T17:09:42.751324295Z","level":"INFO","target":"close_block","message":"close_block_complete","block_number":2524,"tx_count":0,"event_count":0,"close_block_total_ms":22.244555,"block_close_ms":22.244555,"close_preconfirmed_ms":22.236593,"block_production_ms":22.252657,"batches_executed":0,"txs_added_to_block":0,"txs_executed":0,"txs_reverted":0,"txs_rejected":0,"classes_declared":0,"l2_gas_consumed":0,"state_diff_len":1,"declared_classes":0,"deployed_contracts":0,"storage_diffs":1,"nonce_updates":0,"consumed_l1_nonces":0,"bouncer_l1_gas":0,"bouncer_sierra_gas":0,"bouncer_n_events":0,"bouncer_message_segment_length":0,"bouncer_state_diff_size":0,"get_full_block_ms":0.005588,"commitments_ms":0.172719,"merklization_ms":10.219607,"contract_trie_ms":1.26735,"class_trie_ms":0.053918,"contract_storage_trie_commit_ms":3.439012,"contract_trie_commit_ms":2.983364,"class_trie_commit_ms":2.306178,"block_hash_ms":0.16154400000000002,"db_write_ms":7.576651999999999}
[2026-09-14 17:09:42:751] INFO ⛏️  Closed block #2524 with 0 transactions - 22.244555ms
[2026-09-14 17:09:42:751] RPC starknet_V0_10_2_getBlockWithReceipts 200 871 bytes - 49.000µs
[2026-09-14 17:09:42:751] RPC starknet_V0_10_2_getBlockWithReceipts 200 871 bytes - 39.000µs
[2026-09-14 17:09:42:756] RPC starknet_V0_10_2_getBlockWithReceipts 200 368 bytes - 29.000µs
[2026-09-14 17:09:42:757] RPC starknet_V0_10_2_getBlockWithReceipts 200 368 bytes - 20.000µs
[2026-09-14 17:09:42:770] RPC starknet_V0_10_2_blockNumber 200 38 bytes - 9.000µs
[2026-09-14 17:09:42:844] RPC starknet_V0_10_2_getBlockWithTxHashes 200 368 bytes - 76.000µs
[2026-09-14 17:09:43:344] RPC starknet_V0_10_2_getBlockWithTxHashes 200 368 bytes - 180.000µs
[2026-09-14 17:09:43:844] RPC starknet_V0_10_2_getBlockWithTxHashes 200 368 bytes - 80.000µs
[2026-09-14 17:09:44:345] RPC starknet_V0_10_2_getBlockWithTxHashes 200 368 bytes - 77.000µs
[2026-09-14 17:09:44:727] INFO Block 2525 final weights: BouncerWeights { l1_gas: 0, message_segment_length: 0, n_events: 0, state_diff_size: 0, sierra_gas: GasAmount(0), n_txs: 0, proving_gas: GasAmount(0), receipt_l2_gas: GasAmount(0) }.
[2026-09-14 17:09:44:732] INFO Block hash 0x3850be418d5d52c8b3c9143b13095207c219330e3aefeb9219e1a3369d84ffe computed for #2525
{"timestamp":"2026-09-14T17:09:44.748470144Z","level":"INFO","target":"close_block","message":"close_block_complete","block_number":2525,"tx_count":0,"event_count":0,"close_block_total_ms":19.653563,"block_close_ms":19.653563,"close_preconfirmed_ms":19.64595,"block_production_ms":19.659779,"batches_executed":0,"txs_added_to_block":0,"txs_executed":0,"txs_reverted":0,"txs_rejected":0,"classes_declared":0,"l2_gas_consumed":0,"state_diff_len":1,"declared_classes":0,"deployed_contracts":0,"storage_diffs":1,"nonce_updates":0,"consumed_l1_nonces":0,"bouncer_l1_gas":0,"bouncer_sierra_gas":0,"bouncer_n_events":0,"bouncer_message_segment_length":0,"bouncer_state_diff_size":0,"get_full_block_ms":0.0038410000000000002,"commitments_ms":0.134375,"merklization_ms":8.737703,"contract_trie_ms":0.898864,"class_trie_ms":0.027098999999999998,"contract_storage_trie_commit_ms":2.815254,"contract_trie_commit_ms":2.6606249999999996,"class_trie_commit_ms":2.19911,"block_hash_ms":0.115379,"db_write_ms":6.680861}
[2026-09-14 17:09:44:748] INFO ⛏️  Closed block #2525 with 0 transactions - 19.653563ms
[2026-09-14 17:09:44:748] RPC starknet_V0_10_2_getBlockWithReceipts 200 871 bytes - 67.000µs
[2026-09-14 17:09:44:749] RPC starknet_V0_10_2_getBlockWithReceipts 200 871 bytes - 52.000µs
[2026-09-14 17:09:44:753] RPC starknet_V0_10_2_getBlockWithReceipts 200 368 bytes - 34.000µs
[2026-09-14 17:09:44:755] RPC starknet_V0_10_2_getBlockWithReceipts 200 368 bytes - 22.000µs
[2026-09-14 17:09:44:811] RPC starknet_V0_10_2_blockNumber 200 38 bytes - 11.000µs
[2026-09-14 17:09:44:845] RPC starknet_V0_10_2_getBlockWithTxHashes 200 368 bytes - 64.000µs
[2026-09-14 17:09:45:345] RPC starknet_V0_10_2_getBlockWithTxHashes 200 368 bytes - 76.000µs
[2026-09-14 17:09:45:845] RPC starknet_V0_10_2_getBlockWithTxHashes 200 368 bytes - 74.000µs
[2026-09-14 17:09:46:345] RPC starknet_V0_10_2_getBlockWithTxHashes 200 368 bytes - 68.000µs
[2026-09-14 17:09:46:728] INFO Block 2526 final weights: BouncerWeights { l1_gas: 0, message_segment_length: 0, n_events: 0, state_diff_size: 0, sierra_gas: GasAmount(0), n_txs: 0, proving_gas: GasAmount(0), receipt_l2_gas: GasAmount(0) }.
[2026-09-14 17:09:46:735] INFO Block hash 0xdd492e1ab5d504335fec30f321914736c57afb66f0a1bcfb7daa3a8b5617f3 computed for #2526
{"timestamp":"2026-09-14T17:09:46.752081879Z","level":"INFO","target":"close_block","message":"close_block_complete","block_number":2526,"tx_count":0,"event_count":0,"close_block_total_ms":20.66578,"block_close_ms":20.66578,"close_preconfirmed_ms":20.65719,"block_production_ms":20.673882000000003,"batches_executed":0,"txs_added_to_block":0,"txs_executed":0,"txs_reverted":0,"txs_rejected":0,"classes_declared":0,"l2_gas_consumed":0,"state_diff_len":1,"declared_classes":0,"deployed_contracts":0,"storage_diffs":1,"nonce_updates":0,"consumed_l1_nonces":0,"bouncer_l1_gas":0,"bouncer_sierra_gas":0,"bouncer_n_events":0,"bouncer_message_segment_length":0,"bouncer_state_diff_size":0,"get_full_block_ms":0.004261,"commitments_ms":0.092541,"merklization_ms":9.183923,"contract_trie_ms":1.158676,"class_trie_ms":0.030521000000000003,"contract_storage_trie_commit_ms":3.0445450000000003,"contract_trie_commit_ms":2.561868,"class_trie_commit_ms":2.2316559999999996,"block_hash_ms":0.124039,"db_write_ms":6.988933}
[2026-09-14 17:09:46:752] INFO ⛏️  Closed block #2526 with 0 transactions - 20.66578ms
[2026-09-14 17:09:46:752] RPC starknet_V0_10_2_getBlockWithReceipts 200 870 bytes - 56.000µs
[2026-09-14 17:09:46:752] RPC starknet_V0_10_2_getBlockWithReceipts 200 870 bytes - 45.000µs
[2026-09-14 17:09:46:757] RPC starknet_V0_10_2_getBlockWithReceipts 200 368 bytes - 59.000µs
[2026-09-14 17:09:46:758] RPC starknet_V0_10_2_getBlockWithReceipts 200 368 bytes - 22.000µs
[2026-09-14 17:09:46:845] RPC starknet_V0_10_2_getBlockWithTxHashes 200 368 bytes - 57.000µs
[2026-09-14 17:09:46:850] RPC starknet_V0_10_2_blockNumber 200 38 bytes - 9.000µs
[2026-09-14 17:09:47:345] RPC starknet_V0_10_2_getBlockWithTxHashes 200 368 bytes - 61.000µs
[2026-09-14 17:09:47:846] RPC starknet_V0_10_2_getBlockWithTxHashes 200 368 bytes - 67.000µs
[2026-09-14 17:09:48:347] RPC starknet_V0_10_2_getBlockWithTxHashes 200 368 bytes - 54.000µs
[2026-09-14 17:09:48:730] INFO Block 2527 final weights: BouncerWeights { l1_gas: 0, message_segment_length: 0, n_events: 0, state_diff_size: 0, sierra_gas: GasAmount(0), n_txs: 0, proving_gas: GasAmount(0), receipt_l2_gas: GasAmount(0) }.
[2026-09-14 17:09:48:736] INFO Block hash 0x48fb8ceaec9c73276e7f9b0dbb092261095c00be012cfce69206f3075b0955c computed for #2527
{"timestamp":"2026-09-14T17:09:48.753563928Z","level":"INFO","target":"close_block","message":"close_block_complete","block_number":2527,"tx_count":0,"event_count":0,"close_block_total_ms":20.327537,"block_close_ms":20.327537,"close_preconfirmed_ms":20.319854,"block_production_ms":20.332216,"batches_executed":0,"txs_added_to_block":0,"txs_executed":0,"txs_reverted":0,"txs_rejected":0,"classes_declared":0,"l2_gas_consumed":0,"state_diff_len":1,"declared_classes":0,"deployed_contracts":0,"storage_diffs":1,"nonce_updates":0,"consumed_l1_nonces":0,"bouncer_l1_gas":0,"bouncer_sierra_gas":0,"bouncer_n_events":0,"bouncer_message_segment_length":0,"bouncer_state_diff_size":0,"get_full_block_ms":0.003352,"commitments_ms":0.09093399999999999,"merklization_ms":9.005965,"contract_trie_ms":1.0011130000000001,"class_trie_ms":0.042115,"contract_storage_trie_commit_ms":2.95424,"contract_trie_commit_ms":2.695127,"class_trie_commit_ms":2.2138470000000003,"block_hash_ms":0.095264,"db_write_ms":7.030908}
[2026-09-14 17:09:48:753] INFO ⛏️  Closed block #2527 with 0 transactions - 20.327537ms
[2026-09-14 17:09:48:754] RPC starknet_V0_10_2_getBlockWithReceipts 200 870 bytes - 81.000µs
[2026-09-14 17:09:48:754] RPC starknet_V0_10_2_getBlockWithReceipts 200 870 bytes - 103.000µs
[2026-09-14 17:09:48:758] RPC starknet_V0_10_2_getBlockWithReceipts 200 368 bytes - 44.000µs
[2026-09-14 17:09:48:758] RPC starknet_V0_10_2_getBlockWithReceipts 200 368 bytes - 35.000µs
[2026-09-14 17:09:48:847] RPC starknet_V0_10_2_getBlockWithTxHashes 200 368 bytes - 56.000µs
[2026-09-14 17:09:48:886] RPC starknet_V0_10_2_blockNumber 200 38 bytes - 10.000µs
[2026-09-14 17:09:49:350] RPC starknet_V0_10_2_getBlockWithTxHashes 200 368 bytes - 60.000µs
[2026-09-14 17:09:49:850] RPC starknet_V0_10_2_getBlockWithTxHashes 200 368 bytes - 90.000µs
[2026-09-14 17:09:50:351] RPC starknet_V0_10_2_getBlockWithTxHashes 200 368 bytes - 99.000µs
[2026-09-14 17:09:50:732] INFO Block 2528 final weights: BouncerWeights { l1_gas: 0, message_segment_length: 0, n_events: 0, state_diff_size: 0, sierra_gas: GasAmount(0), n_txs: 0, proving_gas: GasAmount(0), receipt_l2_gas: GasAmount(0) }.
[2026-09-14 17:09:50:739] INFO Block hash 0x672eeb98b19394b2a2492529b91823e63a6d11e77bdac7a1db68d77997bd190 computed for #2528
{"timestamp":"2026-09-14T17:09:50.755647455Z","level":"INFO","target":"close_block","message":"close_block_complete","block_number":2528,"tx_count":0,"event_count":0,"close_block_total_ms":20.347092,"block_close_ms":20.347092,"close_preconfirmed_ms":20.339969,"block_production_ms":20.374121,"batches_executed":0,"txs_added_to_block":0,"txs_executed":0,"txs_reverted":0,"txs_rejected":0,"classes_declared":0,"l2_gas_consumed":0,"state_diff_len":1,"declared_classes":0,"deployed_contracts":0,"storage_diffs":1,"nonce_updates":0,"consumed_l1_nonces":0,"bouncer_l1_gas":0,"bouncer_sierra_gas":0,"bouncer_n_events":0,"bouncer_message_segment_length":0,"bouncer_state_diff_size":0,"get_full_block_ms":0.003213,"commitments_ms":0.09296,"merklization_ms":9.17198,"contract_trie_ms":0.936369,"class_trie_ms":0.030591,"contract_storage_trie_commit_ms":2.981548,"contract_trie_commit_ms":2.84836,"class_trie_commit_ms":2.2522599999999997,"block_hash_ms":0.09729,"db_write_ms":6.715782}
[2026-09-14 17:09:50:755] INFO ⛏️  Closed block #2528 with 0 transactions - 20.347092ms
[2026-09-14 17:09:50:756] RPC starknet_V0_10_2_getBlockWithReceipts 200 871 bytes - 68.000µs
[2026-09-14 17:09:50:756] RPC starknet_V0_10_2_getBlockWithReceipts 200 871 bytes - 36.000µs
[2026-09-14 17:09:50:761] RPC starknet_V0_10_2_getBlockWithReceipts 200 368 bytes - 46.000µs
[2026-09-14 17:09:50:762] RPC starknet_V0_10_2_getBlockWithReceipts 200 368 bytes - 26.000µs
[2026-09-14 17:09:50:852] RPC starknet_V0_10_2_getBlockWithTxHashes 200 368 bytes - 295.000µs
[2026-09-14 17:09:50:926] RPC starknet_V0_10_2_blockNumber 200 38 bytes - 10.000µs
[2026-09-14 17:09:51:353] RPC starknet_V0_10_2_getBlockWithTxHashes 200 368 bytes - 60.000µs
[2026-09-14 17:09:51:853] RPC starknet_V0_10_2_getBlockWithTxHashes 200 368 bytes - 93.000µs
[2026-09-14 17:09:52:355] RPC starknet_V0_10_2_getBlockWithTxHashes 200 368 bytes - 81.000µs
[2026-09-14 17:09:52:734] INFO Block 2529 final weights: BouncerWeights { l1_gas: 0, message_segment_length: 0, n_events: 0, state_diff_size: 0, sierra_gas: GasAmount(0), n_txs: 0, proving_gas: GasAmount(0), receipt_l2_gas: GasAmount(0) }.
[2026-09-14 17:09:52:741] INFO Block hash 0x7cda2e9f2c0ea3ad294c081757b1f2dcba6a5b69e0fb227dd100278b8333178 computed for #2529
{"timestamp":"2026-09-14T17:09:52.75985096Z","level":"INFO","target":"close_block","message":"close_block_complete","block_number":2529,"tx_count":0,"event_count":0,"close_block_total_ms":22.226327,"block_close_ms":22.226327,"close_preconfirmed_ms":22.219691,"block_production_ms":22.23387,"batches_executed":0,"txs_added_to_block":0,"txs_executed":0,"txs_reverted":0,"txs_rejected":0,"classes_declared":0,"l2_gas_consumed":0,"state_diff_len":1,"declared_classes":0,"deployed_contracts":0,"storage_diffs":1,"nonce_updates":0,"consumed_l1_nonces":0,"bouncer_l1_gas":0,"bouncer_sierra_gas":0,"bouncer_n_events":0,"bouncer_message_segment_length":0,"bouncer_state_diff_size":0,"get_full_block_ms":0.0032830000000000003,"commitments_ms":0.132001,"merklization_ms":9.630281,"contract_trie_ms":1.028352,"class_trie_ms":0.029962,"contract_storage_trie_commit_ms":3.109079,"contract_trie_commit_ms":2.9195279999999997,"class_trie_commit_ms":2.422185,"block_hash_ms":0.096801,"db_write_ms":7.852737}
[2026-09-14 17:09:52:759] INFO ⛏️  Closed block #2529 with 0 transactions - 22.226327ms
[2026-09-14 17:09:52:760] RPC starknet_V0_10_2_getBlockWithReceipts 200 871 bytes - 140.000µs
[2026-09-14 17:09:52:760] RPC starknet_V0_10_2_getBlockWithReceipts 200 871 bytes - 66.000µs
[2026-09-14 17:09:52:766] RPC starknet_V0_10_2_getBlockWithReceipts 200 368 bytes - 49.000µs
[2026-09-14 17:09:52:766] RPC starknet_V0_10_2_getBlockWithReceipts 200 368 bytes - 25.000µs
[2026-09-14 17:09:52:855] RPC starknet_V0_10_2_getBlockWithTxHashes 200 368 bytes - 86.000µs
[2026-09-14 17:09:52:966] RPC starknet_V0_10_2_blockNumber 200 38 bytes - 10.000µs
[2026-09-14 17:09:53:357] RPC starknet_V0_10_2_getBlockWithTxHashes 200 368 bytes - 73.000µs
[2026-09-14 17:09:53:858] RPC starknet_V0_10_2_getBlockWithTxHashes 200 368 bytes - 66.000µs
[2026-09-14 17:09:54:359] RPC starknet_V0_10_2_getBlockWithTxHashes 200 368 bytes - 65.000µs
[2026-09-14 17:09:54:736] INFO Block 2530 final weights: BouncerWeights { l1_gas: 0, message_segment_length: 0, n_events: 0, state_diff_size: 0, sierra_gas: GasAmount(0), n_txs: 0, proving_gas: GasAmount(0), receipt_l2_gas: GasAmount(0) }.
[2026-09-14 17:09:54:742] INFO Block hash 0xf68ad9b92ecb9931bc67b2c331178b18c46dfa6b54277b17180160f449a412 computed for #2530
{"timestamp":"2026-09-14T17:09:54.760158758Z","level":"INFO","target":"close_block","message":"close_block_complete","block_number":2530,"tx_count":0,"event_count":0,"close_block_total_ms":21.440676,"block_close_ms":21.440676,"close_preconfirmed_ms":21.434041,"block_production_ms":21.445494999999998,"batches_executed":0,"txs_added_to_block":0,"txs_executed":0,"txs_reverted":0,"txs_rejected":0,"classes_declared":0,"l2_gas_consumed":0,"state_diff_len":1,"declared_classes":0,"deployed_contracts":0,"storage_diffs":1,"nonce_updates":0,"consumed_l1_nonces":0,"bouncer_l1_gas":0,"bouncer_sierra_gas":0,"bouncer_n_events":0,"bouncer_message_segment_length":0,"bouncer_state_diff_size":0,"get_full_block_ms":0.003353,"commitments_ms":0.118941,"merklization_ms":9.396730000000002,"contract_trie_ms":0.879589,"class_trie_ms":0.026121,"contract_storage_trie_commit_ms":3.0947620000000002,"contract_trie_commit_ms":2.885445,"class_trie_commit_ms":2.392642,"block_hash_ms":0.095124,"db_write_ms":7.384378}
[2026-09-14 17:09:54:760] INFO ⛏️  Closed block #2530 with 0 transactions - 21.440676ms
[2026-09-14 17:09:54:760] RPC starknet_V0_10_2_getBlockWithReceipts 200 870 bytes - 75.000µs
[2026-09-14 17:09:54:760] RPC starknet_V0_10_2_getBlockWithReceipts 200 870 bytes - 59.000µs
[2026-09-14 17:09:54:767] RPC starknet_V0_10_2_getBlockWithReceipts 200 368 bytes - 49.000µs
[2026-09-14 17:09:54:767] RPC starknet_V0_10_2_getBlockWithReceipts 200 368 bytes - 25.000µs
[2026-09-14 17:09:54:860] RPC starknet_V0_10_2_getBlockWithTxHashes 200 368 bytes - 96.000µs
[2026-09-14 17:09:55:007] RPC starknet_V0_10_2_blockNumber 200 38 bytes - 10.000µs
[2026-09-14 17:09:55:360] RPC starknet_V0_10_2_getBlockWithTxHashes 200 368 bytes - 69.000µs
[2026-09-14 17:09:55:860] RPC starknet_V0_10_2_getBlockWithTxHashes 200 368 bytes - 74.000µs
[2026-09-14 17:09:56:362] RPC starknet_V0_10_2_getBlockWithTxHashes 200 368 bytes - 61.000µs
[2026-09-14 17:09:56:737] INFO Block 2531 final weights: BouncerWeights { l1_gas: 0, message_segment_length: 0, n_events: 0, state_diff_size: 0, sierra_gas: GasAmount(0), n_txs: 0, proving_gas: GasAmount(0), receipt_l2_gas: GasAmount(0) }.
[2026-09-14 17:09:56:744] INFO Block hash 0x54185f7dde99cb775b213fb551194ee0a765e8bd5372c23a233bec097ee28b3 computed for #2531
{"timestamp":"2026-09-14T17:09:56.761854802Z","level":"INFO","target":"close_block","message":"close_block_complete","block_number":2531,"tx_count":0,"event_count":0,"close_block_total_ms":21.803714,"block_close_ms":21.803714,"close_preconfirmed_ms":21.797568,"block_production_ms":21.810907,"batches_executed":0,"txs_added_to_block":0,"txs_executed":0,"txs_reverted":0,"txs_rejected":0,"classes_declared":0,"l2_gas_consumed":0,"state_diff_len":1,"declared_classes":0,"deployed_contracts":0,"storage_diffs":1,"nonce_updates":0,"consumed_l1_nonces":0,"bouncer_l1_gas":0,"bouncer_sierra_gas":0,"bouncer_n_events":0,"bouncer_message_segment_length":0,"bouncer_state_diff_size":0,"get_full_block_ms":0.003352,"commitments_ms":0.152535,"merklization_ms":9.875007,"contract_trie_ms":1.1398190000000001,"class_trie_ms":0.036667,"contract_storage_trie_commit_ms":3.230045,"contract_trie_commit_ms":2.903674,"class_trie_commit_ms":2.419042,"block_hash_ms":0.12375900000000001,"db_write_ms":7.357907}
[2026-09-14 17:09:56:761] INFO ⛏️  Closed block #2531 with 0 transactions - 21.803714ms
[2026-09-14 17:09:56:762] RPC starknet_V0_10_2_getBlockWithReceipts 200 869 bytes - 67.000µs
[2026-09-14 17:09:56:762] RPC starknet_V0_10_2_getBlockWithReceipts 200 869 bytes - 45.000µs
[2026-09-14 17:09:56:767] RPC starknet_V0_10_2_getBlockWithReceipts 200 368 bytes - 41.000µs
[2026-09-14 17:09:56:768] RPC starknet_V0_10_2_getBlockWithReceipts 200 368 bytes - 25.000µs
[2026-09-14 17:09:56:862] RPC starknet_V0_10_2_getBlockWithTxHashes 200 368 bytes - 93.000µs
[2026-09-14 17:09:57:046] RPC starknet_V0_10_2_blockNumber 200 38 bytes - 10.000µs
[2026-09-14 17:09:57:364] RPC starknet_V0_10_2_getBlockWithTxHashes 200 368 bytes - 90.000µs
[2026-09-14 17:09:57:864] RPC starknet_V0_10_2_getBlockWithTxHashes 200 368 bytes - 67.000µs
[2026-09-14 17:09:58:366] RPC starknet_V0_10_2_getBlockWithTxHashes 200 368 bytes - 127.000µs
[2026-09-14 17:09:58:739] INFO Block 2532 final weights: BouncerWeights { l1_gas: 0, message_segment_length: 0, n_events: 0, state_diff_size: 0, sierra_gas: GasAmount(0), n_txs: 0, proving_gas: GasAmount(0), receipt_l2_gas: GasAmount(0) }.
[2026-09-14 17:09:58:744] INFO Block hash 0x46d66c21e5f1c089b869b09fd4582cbe11a792d7dfc38fa91b4f1d86ee5f2e8 computed for #2532
{"timestamp":"2026-09-14T17:09:58.761618742Z","level":"INFO","target":"close_block","message":"close_block_complete","block_number":2532,"tx_count":0,"event_count":0,"close_block_total_ms":20.120455,"block_close_ms":20.120455,"close_preconfirmed_ms":20.114729,"block_production_ms":20.126670999999998,"batches_executed":0,"txs_added_to_block":0,"txs_executed":0,"txs_reverted":0,"txs_rejected":0,"classes_declared":0,"l2_gas_consumed":0,"state_diff_len":1,"declared_classes":0,"deployed_contracts":0,"storage_diffs":1,"nonce_updates":0,"consumed_l1_nonces":0,"bouncer_l1_gas":0,"bouncer_sierra_gas":0,"bouncer_n_events":0,"bouncer_message_segment_length":0,"bouncer_state_diff_size":0,"get_full_block_ms":0.003842,"commitments_ms":0.07577800000000001,"merklization_ms":8.935705,"contract_trie_ms":0.743815,"class_trie_ms":0.021861,"contract_storage_trie_commit_ms":3.005085,"contract_trie_commit_ms":2.647564,"class_trie_commit_ms":2.407798,"block_hash_ms":0.085068,"db_write_ms":7.080356}
[2026-09-14 17:09:58:761] INFO ⛏️  Closed block #2532 with 0 transactions - 20.120455ms
[2026-09-14 17:09:58:762] RPC starknet_V0_10_2_getBlockWithReceipts 200 871 bytes - 48.000µs
[2026-09-14 17:09:58:762] RPC starknet_V0_10_2_getBlockWithReceipts 200 871 bytes - 31.000µs
[2026-09-14 17:09:58:767] RPC starknet_V0_10_2_getBlockWithReceipts 200 368 bytes - 27.000µs
[2026-09-14 17:09:58:768] RPC starknet_V0_10_2_getBlockWithReceipts 200 368 bytes - 22.000µs
[2026-09-14 17:09:58:866] RPC starknet_V0_10_2_getBlockWithTxHashes 200 368 bytes - 60.000µs
[2026-09-14 17:09:59:081] RPC starknet_V0_10_2_blockNumber 200 38 bytes - 12.000µs
[2026-09-14 17:09:59:366] RPC starknet_V0_10_2_getBlockWithTxHashes 200 368 bytes - 59.000µs
[2026-09-14 17:09:59:867] RPC starknet_V0_10_2_getBlockWithTxHashes 200 368 bytes - 86.000µs
[2026-09-14 17:10:00:369] RPC starknet_V0_10_2_getBlockWithTxHashes 200 368 bytes - 78.000µs
[2026-09-14 17:10:00:741] INFO Block 2533 final weights: BouncerWeights { l1_gas: 0, message_segment_length: 0, n_events: 0, state_diff_size: 0, sierra_gas: GasAmount(0), n_txs: 0, proving_gas: GasAmount(0), receipt_l2_gas: GasAmount(0) }.
[2026-09-14 17:10:00:747] INFO Block hash 0xa305ef0f93f51f14d47e9792bea62d41e29614a279def34c16f3c5bdf62fd6 computed for #2533
{"timestamp":"2026-09-14T17:10:00.765424847Z","level":"INFO","target":"close_block","message":"close_block_complete","block_number":2533,"tx_count":0,"event_count":0,"close_block_total_ms":21.877047,"block_close_ms":21.877047,"close_preconfirmed_ms":21.871251,"block_production_ms":21.882286,"batches_executed":0,"txs_added_to_block":0,"txs_executed":0,"txs_reverted":0,"txs_rejected":0,"classes_declared":0,"l2_gas_consumed":0,"state_diff_len":1,"declared_classes":0,"deployed_contracts":0,"storage_diffs":1,"nonce_updates":0,"consumed_l1_nonces":0,"bouncer_l1_gas":0,"bouncer_sierra_gas":0,"bouncer_n_events":0,"bouncer_message_segment_length":0,"bouncer_state_diff_size":0,"get_full_block_ms":0.003702,"commitments_ms":0.11914999999999999,"merklization_ms":9.669183,"contract_trie_ms":1.051189,"class_trie_ms":0.049029,"contract_storage_trie_commit_ms":3.167537,"contract_trie_commit_ms":2.913312,"class_trie_commit_ms":2.39774,"block_hash_ms":0.094705,"db_write_ms":7.541312}
[2026-09-14 17:10:00:765] INFO ⛏️  Closed block #2533 with 0 transactions - 21.877047ms
[2026-09-14 17:10:00:765] RPC starknet_V0_10_2_getBlockWithReceipts 200 869 bytes - 58.000µs
[2026-09-14 17:10:00:766] RPC starknet_V0_10_2_getBlockWithReceipts 200 869 bytes - 47.000µs
[2026-09-14 17:10:00:770] RPC starknet_V0_10_2_getBlockWithReceipts 200 368 bytes - 31.000µs
[2026-09-14 17:10:00:771] RPC starknet_V0_10_2_getBlockWithReceipts 200 368 bytes - 22.000µs
[2026-09-14 17:10:00:868] RPC starknet_V0_10_2_getBlockWithTxHashes 200 368 bytes - 65.000µs
[2026-09-14 17:10:01:121] RPC starknet_V0_10_2_blockNumber 200 38 bytes - 9.000µs
[2026-09-14 17:10:01:370] RPC starknet_V0_10_2_getBlockWithTxHashes 200 368 bytes - 81.000µs
[2026-09-14 17:10:01:870] RPC starknet_V0_10_2_getBlockWithTxHashes 200 368 bytes - 67.000µs
[2026-09-14 17:10:02:372] RPC starknet_V0_10_2_getBlockWithTxHashes 200 368 bytes - 63.000µs
[2026-09-14 17:10:02:742] INFO Block 2534 final weights: BouncerWeights { l1_gas: 0, message_segment_length: 0, n_events: 0, state_diff_size: 0, sierra_gas: GasAmount(0), n_txs: 0, proving_gas: GasAmount(0), receipt_l2_gas: GasAmount(0) }.
[2026-09-14 17:10:02:748] INFO Block hash 0x79b9c39f4c17eec5fe3535ac78b09d2d0f16c7bab50c47024a10c78b2f7dc79 computed for #2534
{"timestamp":"2026-09-14T17:10:02.766553077Z","level":"INFO","target":"close_block","message":"close_block_complete","block_number":2534,"tx_count":0,"event_count":0,"close_block_total_ms":22.098167,"block_close_ms":22.098167,"close_preconfirmed_ms":22.092021,"block_production_ms":22.104313,"batches_executed":0,"txs_added_to_block":0,"txs_executed":0,"txs_reverted":0,"txs_rejected":0,"classes_declared":0,"l2_gas_consumed":0,"state_diff_len":1,"declared_classes":0,"deployed_contracts":0,"storage_diffs":1,"nonce_updates":0,"consumed_l1_nonces":0,"bouncer_l1_gas":0,"bouncer_sierra_gas":0,"bouncer_n_events":0,"bouncer_message_segment_length":0,"bouncer_state_diff_size":0,"get_full_block_ms":0.0038410000000000002,"commitments_ms":0.107556,"merklization_ms":9.811311,"contract_trie_ms":0.974085,"class_trie_ms":0.027168,"contract_storage_trie_commit_ms":3.272649,"contract_trie_commit_ms":2.990907,"class_trie_commit_ms":2.4082869999999996,"block_hash_ms":0.114051,"db_write_ms":7.667935}
[2026-09-14 17:10:02:766] INFO ⛏️  Closed block #2534 with 0 transactions - 22.098167ms
[2026-09-14 17:10:02:767] RPC starknet_V0_10_2_getBlockWithReceipts 200 869 bytes - 81.000µs
[2026-09-14 17:10:02:767] RPC starknet_V0_10_2_getBlockWithReceipts 200 869 bytes - 85.000µs
[2026-09-14 17:10:02:771] RPC starknet_V0_10_2_getBlockWithReceipts 200 368 bytes - 44.000µs
[2026-09-14 17:10:02:773] RPC starknet_V0_10_2_getBlockWithReceipts 200 368 bytes - 27.000µs
[2026-09-14 17:10:02:872] RPC starknet_V0_10_2_getBlockWithTxHashes 200 368 bytes - 58.000µs
[2026-09-14 17:10:03:159] RPC starknet_V0_10_2_blockNumber 200 38 bytes - 10.000µs
[2026-09-14 17:10:03:372] RPC starknet_V0_10_2_getBlockWithTxHashes 200 368 bytes - 71.000µs
[2026-09-14 17:10:03:873] RPC starknet_V0_10_2_getBlockWithTxHashes 200 368 bytes - 156.000µs
[2026-09-14 17:10:04:374] RPC starknet_V0_10_2_getBlockWithTxHashes 200 368 bytes - 66.000µs
[2026-09-14 17:10:04:743] INFO Block 2535 final weights: BouncerWeights { l1_gas: 0, message_segment_length: 0, n_events: 0, state_diff_size: 0, sierra_gas: GasAmount(0), n_txs: 0, proving_gas: GasAmount(0), receipt_l2_gas: GasAmount(0) }.
[2026-09-14 17:10:04:749] INFO Block hash 0x2c164136b16a5007e13edd5ab236b91c2cda92a7b4956dd26306fc2c64e078 computed for #2535
{"timestamp":"2026-09-14T17:10:04.767670691Z","level":"INFO","target":"close_block","message":"close_block_complete","block_number":2535,"tx_count":0,"event_count":0,"close_block_total_ms":22.007792000000002,"block_close_ms":22.007792000000002,"close_preconfirmed_ms":21.99955,"block_production_ms":22.012052,"batches_executed":0,"txs_added_to_block":0,"txs_executed":0,"txs_reverted":0,"txs_rejected":0,"classes_declared":0,"l2_gas_consumed":0,"state_diff_len":1,"declared_classes":0,"deployed_contracts":0,"storage_diffs":1,"nonce_updates":0,"consumed_l1_nonces":0,"bouncer_l1_gas":0,"bouncer_sierra_gas":0,"bouncer_n_events":0,"bouncer_message_segment_length":0,"bouncer_state_diff_size":0,"get_full_block_ms":0.003352,"commitments_ms":0.12257199999999999,"merklization_ms":9.669672,"contract_trie_ms":0.952154,"class_trie_ms":0.027168,"contract_storage_trie_commit_ms":3.182064,"contract_trie_commit_ms":2.838372,"class_trie_commit_ms":2.551812,"block_hash_ms":0.096312,"db_write_ms":7.717802}
[2026-09-14 17:10:04:767] INFO ⛏️  Closed block #2535 with 0 transactions - 22.007792ms
[2026-09-14 17:10:04:768] RPC starknet_V0_10_2_getBlockWithReceipts 200 870 bytes - 53.000µs
[2026-09-14 17:10:04:768] RPC starknet_V0_10_2_getBlockWithReceipts 200 870 bytes - 62.000µs
[2026-09-14 17:10:04:775] RPC starknet_V0_10_2_getBlockWithReceipts 200 368 bytes - 55.000µs
[2026-09-14 17:10:04:775] RPC starknet_V0_10_2_getBlockWithReceipts 200 368 bytes - 21.000µs
[2026-09-14 17:10:04:874] RPC starknet_V0_10_2_getBlockWithTxHashes 200 368 bytes - 83.000µs
[2026-09-14 17:10:05:200] RPC starknet_V0_10_2_blockNumber 200 38 bytes - 14.000µs
[2026-09-14 17:10:05:377] RPC starknet_V0_10_2_getBlockWithTxHashes 200 368 bytes - 65.000µs
[2026-09-14 17:10:05:877] RPC starknet_V0_10_2_getBlockWithTxHashes 200 368 bytes - 76.000µs
[2026-09-14 17:10:06:378] RPC starknet_V0_10_2_getBlockWithTxHashes 200 368 bytes - 66.000µs
[2026-09-14 17:10:06:745] INFO Block 2536 final weights: BouncerWeights { l1_gas: 0, message_segment_length: 0, n_events: 0, state_diff_size: 0, sierra_gas: GasAmount(0), n_txs: 0, proving_gas: GasAmount(0), receipt_l2_gas: GasAmount(0) }.
[2026-09-14 17:10:06:751] INFO Block hash 0x5f4b7614557d37d997c968faa65b9103b27234197086d978ec125b0106d5e15 computed for #2536
{"timestamp":"2026-09-14T17:10:06.768742978Z","level":"INFO","target":"close_block","message":"close_block_complete","block_number":2536,"tx_count":0,"event_count":0,"close_block_total_ms":20.890252,"block_close_ms":20.890252,"close_preconfirmed_ms":20.883059,"block_production_ms":20.895909,"batches_executed":0,"txs_added_to_block":0,"txs_executed":0,"txs_reverted":0,"txs_rejected":0,"classes_declared":0,"l2_gas_consumed":0,"state_diff_len":1,"declared_classes":0,"deployed_contracts":0,"storage_diffs":1,"nonce_updates":0,"consumed_l1_nonces":0,"bouncer_l1_gas":0,"bouncer_sierra_gas":0,"bouncer_n_events":0,"bouncer_message_segment_length":0,"bouncer_state_diff_size":0,"get_full_block_ms":0.003772,"commitments_ms":0.105042,"merklization_ms":9.466433,"contract_trie_ms":1.140028,"class_trie_ms":0.025144,"contract_storage_trie_commit_ms":3.0949720000000003,"contract_trie_commit_ms":2.722226,"class_trie_commit_ms":2.334603,"block_hash_ms":0.119639,"db_write_ms":6.979644}
[2026-09-14 17:10:06:768] INFO ⛏️  Closed block #2536 with 0 transactions - 20.890252ms
[2026-09-14 17:10:06:769] RPC starknet_V0_10_2_getBlockWithReceipts 200 870 bytes - 41.000µs
[2026-09-14 17:10:06:769] RPC starknet_V0_10_2_getBlockWithReceipts 200 870 bytes - 43.000µs
[2026-09-14 17:10:06:773] RPC starknet_V0_10_2_getBlockWithReceipts 200 368 bytes - 49.000µs
[2026-09-14 17:10:06:774] RPC starknet_V0_10_2_getBlockWithReceipts 200 368 bytes - 21.000µs
[2026-09-14 17:10:06:879] RPC starknet_V0_10_2_getBlockWithTxHashes 200 368 bytes - 170.000µs
[2026-09-14 17:10:07:237] RPC starknet_V0_10_2_blockNumber 200 38 bytes - 10.000µs
[2026-09-14 17:10:07:379] RPC starknet_V0_10_2_getBlockWithTxHashes 200 368 bytes - 60.000µs
[2026-09-14 17:10:07:879] RPC starknet_V0_10_2_getBlockWithTxHashes 200 368 bytes - 71.000µs
[2026-09-14 17:10:08:381] RPC starknet_V0_10_2_getBlockWithTxHashes 200 368 bytes - 123.000µs
[2026-09-14 17:10:08:746] INFO Block 2537 final weights: BouncerWeights { l1_gas: 0, message_segment_length: 0, n_events: 0, state_diff_size: 0, sierra_gas: GasAmount(0), n_txs: 0, proving_gas: GasAmount(0), receipt_l2_gas: GasAmount(0) }.
[2026-09-14 17:10:08:753] INFO Block hash 0x175a9733120b5680632656939775bf0ffb10b85d4b8ae089f3b28a54dc10593 computed for #2537
{"timestamp":"2026-09-14T17:10:08.771640232Z","level":"INFO","target":"close_block","message":"close_block_complete","block_number":2537,"tx_count":0,"event_count":0,"close_block_total_ms":22.74616,"block_close_ms":22.74616,"close_preconfirmed_ms":22.737569,"block_production_ms":22.754261,"batches_executed":0,"txs_added_to_block":0,"txs_executed":0,"txs_reverted":0,"txs_rejected":0,"classes_declared":0,"l2_gas_consumed":0,"state_diff_len":1,"declared_classes":0,"deployed_contracts":0,"storage_diffs":1,"nonce_updates":0,"consumed_l1_nonces":0,"bouncer_l1_gas":0,"bouncer_sierra_gas":0,"bouncer_n_events":0,"bouncer_message_segment_length":0,"bouncer_state_diff_size":0,"get_full_block_ms":0.003771,"commitments_ms":0.09205200000000001,"merklization_ms":10.216255,"contract_trie_ms":0.982604,"class_trie_ms":0.027098,"contract_storage_trie_commit_ms":3.498518,"contract_trie_commit_ms":3.096088,"class_trie_commit_ms":2.496776,"block_hash_ms":0.094915,"db_write_ms":7.638183}
[2026-09-14 17:10:08:771] INFO ⛏️  Closed block #2537 with 0 transactions - 22.74616ms
[2026-09-14 17:10:08:772] RPC starknet_V0_10_2_getBlockWithReceipts 200 871 bytes - 92.000µs
[2026-09-14 17:10:08:772] RPC starknet_V0_10_2_getBlockWithReceipts 200 871 bytes - 68.000µs
[2026-09-14 17:10:08:777] RPC starknet_V0_10_2_getBlockWithReceipts 200 368 bytes - 48.000µs
[2026-09-14 17:10:08:779] RPC starknet_V0_10_2_getBlockWithReceipts 200 368 bytes - 25.000µs
[2026-09-14 17:10:08:880] RPC starknet_V0_10_2_getBlockWithTxHashes 200 368 bytes - 67.000µs
[2026-09-14 17:10:09:276] RPC starknet_V0_10_2_blockNumber 200 38 bytes - 10.000µs
[2026-09-14 17:10:09:381] RPC starknet_V0_10_2_getBlockWithTxHashes 200 368 bytes - 95.000µs
[2026-09-14 17:10:09:881] RPC starknet_V0_10_2_getBlockWithTxHashes 200 368 bytes - 58.000µs
[2026-09-14 17:10:10:382] RPC starknet_V0_10_2_getBlockWithTxHashes 200 368 bytes - 73.000µs
[2026-09-14 17:10:10:747] INFO Block 2538 final weights: BouncerWeights { l1_gas: 0, message_segment_length: 0, n_events: 0, state_diff_size: 0, sierra_gas: GasAmount(0), n_txs: 0, proving_gas: GasAmount(0), receipt_l2_gas: GasAmount(0) }.
[2026-09-14 17:10:10:752] INFO Block hash 0x510341dd9fb616d3a6c41d5d243f01c66b8e22725560f74e1310e9ff20d4eb9 computed for #2538
{"timestamp":"2026-09-14T17:10:10.769361088Z","level":"INFO","target":"close_block","message":"close_block_complete","block_number":2538,"tx_count":0,"event_count":0,"close_block_total_ms":20.553126000000002,"block_close_ms":20.553126000000002,"close_preconfirmed_ms":20.547957,"block_production_ms":20.558783000000002,"batches_executed":0,"txs_added_to_block":0,"txs_executed":0,"txs_reverted":0,"txs_rejected":0,"classes_declared":0,"l2_gas_consumed":0,"state_diff_len":1,"declared_classes":0,"deployed_contracts":0,"storage_diffs":1,"nonce_updates":0,"consumed_l1_nonces":0,"bouncer_l1_gas":0,"bouncer_sierra_gas":0,"bouncer_n_events":0,"bouncer_message_segment_length":0,"bouncer_state_diff_size":0,"get_full_block_ms":0.003422,"commitments_ms":0.096033,"merklization_ms":8.878504000000001,"contract_trie_ms":0.7157389999999999,"class_trie_ms":0.024863,"contract_storage_trie_commit_ms":2.809947,"contract_trie_commit_ms":2.78662,"class_trie_commit_ms":2.419811,"block_hash_ms":0.10148,"db_write_ms":7.356929}
[2026-09-14 17:10:10:769] INFO ⛏️  Closed block #2538 with 0 transactions - 20.553126ms
[2026-09-14 17:10:10:769] RPC starknet_V0_10_2_getBlockWithReceipts 200 871 bytes - 49.000µs
[2026-09-14 17:10:10:769] RPC starknet_V0_10_2_getBlockWithReceipts 200 871 bytes - 31.000µs
[2026-09-14 17:10:10:773] RPC starknet_V0_10_2_getBlockWithReceipts 200 368 bytes - 31.000µs
[2026-09-14 17:10:10:775] RPC starknet_V0_10_2_getBlockWithReceipts 200 368 bytes - 21.000µs
[2026-09-14 17:10:10:882] RPC starknet_V0_10_2_getBlockWithTxHashes 200 368 bytes - 57.000µs
[2026-09-14 17:10:11:315] RPC starknet_V0_10_2_blockNumber 200 38 bytes - 11.000µs
[2026-09-14 17:10:11:382] RPC starknet_V0_10_2_getBlockWithTxHashes 200 368 bytes - 82.000µs
[2026-09-14 17:10:11:882] RPC starknet_V0_10_2_getBlockWithTxHashes 200 368 bytes - 55.000µs
[2026-09-14 17:10:12:382] RPC starknet_V0_10_2_getBlockWithTxHashes 200 368 bytes - 71.000µs
[2026-09-14 17:10:12:748] INFO Block 2539 final weights: BouncerWeights { l1_gas: 0, message_segment_length: 0, n_events: 0, state_diff_size: 0, sierra_gas: GasAmount(0), n_txs: 0, proving_gas: GasAmount(0), receipt_l2_gas: GasAmount(0) }.
[2026-09-14 17:10:12:753] INFO Block hash 0x75dbe8432a4fda654eed1ef55c94209e8a3a1300a8a8e1447aab546791da91a computed for #2539
{"timestamp":"2026-09-14T17:10:12.771762674Z","level":"INFO","target":"close_block","message":"close_block_complete","block_number":2539,"tx_count":0,"event_count":0,"close_block_total_ms":21.762228,"block_close_ms":21.762228,"close_preconfirmed_ms":21.756010999999997,"block_production_ms":21.767396,"batches_executed":0,"txs_added_to_block":0,"txs_executed":0,"txs_reverted":0,"txs_rejected":0,"classes_declared":0,"l2_gas_consumed":0,"state_diff_len":1,"declared_classes":0,"deployed_contracts":0,"storage_diffs":1,"nonce_updates":0,"consumed_l1_nonces":0,"bouncer_l1_gas":0,"bouncer_sierra_gas":0,"bouncer_n_events":0,"bouncer_message_segment_length":0,"bouncer_state_diff_size":0,"get_full_block_ms":0.004189999999999999,"commitments_ms":0.113982,"merklization_ms":9.533202,"contract_trie_ms":0.829861,"class_trie_ms":0.025772,"contract_storage_trie_commit_ms":3.0458719999999997,"contract_trie_commit_ms":2.969256,"class_trie_commit_ms":2.540217,"block_hash_ms":0.09826800000000001,"db_write_ms":7.793092}
[2026-09-14 17:10:12:771] INFO ⛏️  Closed block #2539 with 0 transactions - 21.762228ms
[2026-09-14 17:10:12:772] RPC starknet_V0_10_2_getBlockWithReceipts 200 871 bytes - 83.000µs
[2026-09-14 17:10:12:772] RPC starknet_V0_10_2_getBlockWithReceipts 200 871 bytes - 46.000µs
[2026-09-14 17:10:12:776] RPC starknet_V0_10_2_getBlockWithReceipts 200 368 bytes - 60.000µs
[2026-09-14 17:10:12:777] RPC starknet_V0_10_2_getBlockWithReceipts 200 368 bytes - 28.000µs
[2026-09-14 17:10:12:883] RPC starknet_V0_10_2_getBlockWithTxHashes 200 368 bytes - 62.000µs
[2026-09-14 17:10:13:352] RPC starknet_V0_10_2_blockNumber 200 38 bytes - 10.000µs
[2026-09-14 17:10:13:383] RPC starknet_V0_10_2_getBlockWithTxHashes 200 368 bytes - 64.000µs
[2026-09-14 17:10:13:884] RPC starknet_V0_10_2_getBlockWithTxHashes 200 368 bytes - 75.000µs
[2026-09-14 17:10:14:384] RPC starknet_V0_10_2_getBlockWithTxHashes 200 368 bytes - 67.000µs
[2026-09-14 17:10:14:749] INFO Block 2540 final weights: BouncerWeights { l1_gas: 0, message_segment_length: 0, n_events: 0, state_diff_size: 0, sierra_gas: GasAmount(0), n_txs: 0, proving_gas: GasAmount(0), receipt_l2_gas: GasAmount(0) }.
[2026-09-14 17:10:14:755] INFO Block hash 0x1dab840c94e0ccb01a74821c2d9d307c34f87fafc79abae7823bbe0d255b936 computed for #2540
{"timestamp":"2026-09-14T17:10:14.772237813Z","level":"INFO","target":"close_block","message":"close_block_complete","block_number":2540,"tx_count":0,"event_count":0,"close_block_total_ms":20.478046,"block_close_ms":20.478046,"close_preconfirmed_ms":20.472738,"block_production_ms":20.483284,"batches_executed":0,"txs_added_to_block":0,"txs_executed":0,"txs_reverted":0,"txs_rejected":0,"classes_declared":0,"l2_gas_consumed":0,"state_diff_len":1,"declared_classes":0,"deployed_contracts":0,"storage_diffs":1,"nonce_updates":0,"consumed_l1_nonces":0,"bouncer_l1_gas":0,"bouncer_sierra_gas":0,"bouncer_n_events":0,"bouncer_message_segment_length":0,"bouncer_state_diff_size":0,"get_full_block_ms":0.003352,"commitments_ms":0.112445,"merklization_ms":8.803353999999999,"contract_trie_ms":0.7092440000000001,"class_trie_ms":0.021372000000000002,"contract_storage_trie_commit_ms":2.875318,"contract_trie_commit_ms":2.736264,"class_trie_commit_ms":2.37553,"block_hash_ms":0.068584,"db_write_ms":7.452892}
[2026-09-14 17:10:14:772] INFO ⛏️  Closed block #2540 with 0 transactions - 20.478046ms
[2026-09-14 17:10:14:772] RPC starknet_V0_10_2_getBlockWithReceipts 200 871 bytes - 46.000µs
[2026-09-14 17:10:14:772] RPC starknet_V0_10_2_getBlockWithReceipts 200 871 bytes - 33.000µs
[2026-09-14 17:10:14:777] RPC starknet_V0_10_2_getBlockWithReceipts 200 368 bytes - 41.000µs
[2026-09-14 17:10:14:778] RPC starknet_V0_10_2_getBlockWithReceipts 200 368 bytes - 29.000µs
[2026-09-14 17:10:14:884] RPC starknet_V0_10_2_getBlockWithTxHashes 200 368 bytes - 84.000µs
[2026-09-14 17:10:15:384] RPC starknet_V0_10_2_getBlockWithTxHashes 200 368 bytes - 69.000µs
[2026-09-14 17:10:15:391] RPC starknet_V0_10_2_blockNumber 200 38 bytes - 10.000µs
[2026-09-14 17:10:15:884] RPC starknet_V0_10_2_getBlockWithTxHashes 200 368 bytes - 66.000µs
[2026-09-14 17:10:16:384] RPC starknet_V0_10_2_getBlockWithTxHashes 200 368 bytes - 61.000µs
[2026-09-14 17:10:16:751] INFO Block 2541 final weights: BouncerWeights { l1_gas: 0, message_segment_length: 0, n_events: 0, state_diff_size: 0, sierra_gas: GasAmount(0), n_txs: 0, proving_gas: GasAmount(0), receipt_l2_gas: GasAmount(0) }.
[2026-09-14 17:10:16:757] INFO Block hash 0x735fd0f8ac7c95b04035d3f19249abbfa875bb2b7ee8c88db27b76889e32027 computed for #2541
{"timestamp":"2026-09-14T17:10:16.773967521Z","level":"INFO","target":"close_block","message":"close_block_complete","block_number":2541,"tx_count":0,"event_count":0,"close_block_total_ms":20.023236,"block_close_ms":20.023236,"close_preconfirmed_ms":20.016531,"block_production_ms":20.029380999999997,"batches_executed":0,"txs_added_to_block":0,"txs_executed":0,"txs_reverted":0,"txs_rejected":0,"classes_declared":0,"l2_gas_consumed":0,"state_diff_len":1,"declared_classes":0,"deployed_contracts":0,"storage_diffs":1,"nonce_updates":0,"consumed_l1_nonces":0,"bouncer_l1_gas":0,"bouncer_sierra_gas":0,"bouncer_n_events":0,"bouncer_message_segment_length":0,"bouncer_state_diff_size":0,"get_full_block_ms":0.003352,"commitments_ms":0.121525,"merklization_ms":8.953025,"contract_trie_ms":0.946985,"class_trie_ms":0.026959,"contract_storage_trie_commit_ms":2.911776,"contract_trie_commit_ms":2.714473,"class_trie_commit_ms":2.232774,"block_hash_ms":0.097569,"db_write_ms":6.6960869999999995}
[2026-09-14 17:10:16:774] INFO ⛏️  Closed block #2541 with 0 transactions - 20.023236ms
[2026-09-14 17:10:16:774] RPC starknet_V0_10_2_getBlockWithReceipts 200 871 bytes - 107.000µs
[2026-09-14 17:10:16:774] RPC starknet_V0_10_2_getBlockWithReceipts 200 871 bytes - 48.000µs
[2026-09-14 17:10:16:778] RPC starknet_V0_10_2_getBlockWithReceipts 200 368 bytes - 40.000µs
[2026-09-14 17:10:16:780] RPC starknet_V0_10_2_getBlockWithReceipts 200 368 bytes - 26.000µs
[2026-09-14 17:10:16:885] RPC starknet_V0_10_2_getBlockWithTxHashes 200 368 bytes - 56.000µs
[2026-09-14 17:10:17:385] RPC starknet_V0_10_2_getBlockWithTxHashes 200 368 bytes - 76.000µs
[2026-09-14 17:10:17:426] RPC starknet_V0_10_2_blockNumber 200 38 bytes - 10.000µs
[2026-09-14 17:10:17:885] RPC starknet_V0_10_2_getBlockWithTxHashes 200 368 bytes - 65.000µs
[2026-09-14 17:10:18:387] RPC starknet_V0_10_2_getBlockWithTxHashes 200 368 bytes - 67.000µs
[2026-09-14 17:10:18:752] INFO Block 2542 final weights: BouncerWeights { l1_gas: 0, message_segment_length: 0, n_events: 0, state_diff_size: 0, sierra_gas: GasAmount(0), n_txs: 0, proving_gas: GasAmount(0), receipt_l2_gas: GasAmount(0) }.
[2026-09-14 17:10:18:757] INFO Block hash 0x70d1a9f561927610e4d4c46e660dcdb5b09e1137f846d1f7181cc02c56d2568 computed for #2542
{"timestamp":"2026-09-14T17:10:18.773646603Z","level":"INFO","target":"close_block","message":"close_block_complete","block_number":2542,"tx_count":0,"event_count":0,"close_block_total_ms":19.700985,"block_close_ms":19.700985,"close_preconfirmed_ms":19.693443000000002,"block_production_ms":19.704408,"batches_executed":0,"txs_added_to_block":0,"txs_executed":0,"txs_reverted":0,"txs_rejected":0,"classes_declared":0,"l2_gas_consumed":0,"state_diff_len":1,"declared_classes":0,"deployed_contracts":0,"storage_diffs":1,"nonce_updates":0,"consumed_l1_nonces":0,"bouncer_l1_gas":0,"bouncer_sierra_gas":0,"bouncer_n_events":0,"bouncer_message_segment_length":0,"bouncer_state_diff_size":0,"get_full_block_ms":0.003842,"commitments_ms":0.12075699999999999,"merklization_ms":8.678617,"contract_trie_ms":0.880147,"class_trie_ms":0.027098,"contract_storage_trie_commit_ms":2.789902,"contract_trie_commit_ms":2.6938,"class_trie_commit_ms":2.165516,"block_hash_ms":0.097569,"db_write_ms":6.74742}
[2026-09-14 17:10:18:773] INFO ⛏️  Closed block #2542 with 0 transactions - 19.700985ms
[2026-09-14 17:10:18:774] RPC starknet_V0_10_2_getBlockWithReceipts 200 870 bytes - 59.000µs
[2026-09-14 17:10:18:774] RPC starknet_V0_10_2_getBlockWithReceipts 200 870 bytes - 87.000µs
[2026-09-14 17:10:18:779] RPC starknet_V0_10_2_getBlockWithReceipts 200 368 bytes - 37.000µs
[2026-09-14 17:10:18:780] RPC starknet_V0_10_2_getBlockWithReceipts 200 368 bytes - 29.000µs
[2026-09-14 17:10:18:887] RPC starknet_V0_10_2_getBlockWithTxHashes 200 368 bytes - 107.000µs
[2026-09-14 17:10:19:387] RPC starknet_V0_10_2_getBlockWithTxHashes 200 368 bytes - 84.000µs
[2026-09-14 17:10:19:462] RPC starknet_V0_10_2_blockNumber 200 38 bytes - 10.000µs
[2026-09-14 17:10:19:887] RPC starknet_V0_10_2_getBlockWithTxHashes 200 368 bytes - 64.000µs
[2026-09-14 17:10:20:389] RPC starknet_V0_10_2_getBlockWithTxHashes 200 368 bytes - 128.000µs
[2026-09-14 17:10:20:753] INFO Block 2543 final weights: BouncerWeights { l1_gas: 0, message_segment_length: 0, n_events: 0, state_diff_size: 0, sierra_gas: GasAmount(0), n_txs: 0, proving_gas: GasAmount(0), receipt_l2_gas: GasAmount(0) }.
[2026-09-14 17:10:20:760] INFO Block hash 0x52bdab14011b9241830fcb88de79571a22b6a541742283a209e244cf5daa2cc computed for #2543
{"timestamp":"2026-09-14T17:10:20.77683384Z","level":"INFO","target":"close_block","message":"close_block_complete","block_number":2543,"tx_count":0,"event_count":0,"close_block_total_ms":20.179961,"block_close_ms":20.179961,"close_preconfirmed_ms":20.17144,"block_production_ms":20.187643,"batches_executed":0,"txs_added_to_block":0,"txs_executed":0,"txs_reverted":0,"txs_rejected":0,"classes_declared":0,"l2_gas_consumed":0,"state_diff_len":1,"declared_classes":0,"deployed_contracts":0,"storage_diffs":1,"nonce_updates":0,"consumed_l1_nonces":0,"bouncer_l1_gas":0,"bouncer_sierra_gas":0,"bouncer_n_events":0,"bouncer_message_segment_length":0,"bouncer_state_diff_size":0,"get_full_block_ms":0.0032830000000000003,"commitments_ms":0.099734,"merklization_ms":8.935914,"contract_trie_ms":0.925893,"class_trie_ms":0.027727,"contract_storage_trie_commit_ms":2.969395,"contract_trie_commit_ms":2.634643,"class_trie_commit_ms":2.2319359999999997,"block_hash_ms":0.111538,"db_write_ms":6.865174}
[2026-09-14 17:10:20:776] INFO ⛏️  Closed block #2543 with 0 transactions - 20.179961ms
[2026-09-14 17:10:20:777] RPC starknet_V0_10_2_getBlockWithReceipts 200 870 bytes - 98.000µs
[2026-09-14 17:10:20:777] RPC starknet_V0_10_2_getBlockWithReceipts 200 870 bytes - 44.000µs
[2026-09-14 17:10:20:782] RPC starknet_V0_10_2_getBlockWithReceipts 200 368 bytes - 35.000µs
[2026-09-14 17:10:20:783] RPC starknet_V0_10_2_getBlockWithReceipts 200 368 bytes - 30.000µs
[2026-09-14 17:10:20:889] RPC starknet_V0_10_2_getBlockWithTxHashes 200 368 bytes - 65.000µs
[2026-09-14 17:10:21:392] RPC starknet_V0_10_2_getBlockWithTxHashes 200 368 bytes - 80.000µs
[2026-09-14 17:10:21:503] RPC starknet_V0_10_2_blockNumber 200 38 bytes - 9.000µs
[2026-09-14 17:10:21:892] RPC starknet_V0_10_2_getBlockWithTxHashes 200 368 bytes - 91.000µs
[2026-09-14 17:10:22:393] RPC starknet_V0_10_2_getBlockWithTxHashes 200 368 bytes - 73.000µs
[2026-09-14 17:10:22:755] INFO Block 2544 final weights: BouncerWeights { l1_gas: 0, message_segment_length: 0, n_events: 0, state_diff_size: 0, sierra_gas: GasAmount(0), n_txs: 0, proving_gas: GasAmount(0), receipt_l2_gas: GasAmount(0) }.
[2026-09-14 17:10:22:762] INFO Block hash 0x457b43214e8eb5d83b1cbf28c480fdf10ecc95fc2def9394dde0f156f1c4225 computed for #2544
{"timestamp":"2026-09-14T17:10:22.779168308Z","level":"INFO","target":"close_block","message":"close_block_complete","block_number":2544,"tx_count":0,"event_count":0,"close_block_total_ms":20.813985,"block_close_ms":20.813985,"close_preconfirmed_ms":20.807769,"block_production_ms":20.819712,"batches_executed":0,"txs_added_to_block":0,"txs_executed":0,"txs_reverted":0,"txs_rejected":0,"classes_declared":0,"l2_gas_consumed":0,"state_diff_len":1,"declared_classes":0,"deployed_contracts":0,"storage_diffs":1,"nonce_updates":0,"consumed_l1_nonces":0,"bouncer_l1_gas":0,"bouncer_sierra_gas":0,"bouncer_n_events":0,"bouncer_message_segment_length":0,"bouncer_state_diff_size":0,"get_full_block_ms":0.003771,"commitments_ms":0.121175,"merklization_ms":9.097738,"contract_trie_ms":0.941468,"class_trie_ms":0.034851,"contract_storage_trie_commit_ms":2.966393,"contract_trie_commit_ms":2.777889,"class_trie_commit_ms":2.25631,"block_hash_ms":0.10818499999999999,"db_write_ms":7.0282540000000004}
[2026-09-14 17:10:22:779] INFO ⛏️  Closed block #2544 with 0 transactions - 20.813985ms
[2026-09-14 17:10:22:779] RPC starknet_V0_10_2_getBlockWithReceipts 200 871 bytes - 71.000µs
[2026-09-14 17:10:22:779] RPC starknet_V0_10_2_getBlockWithReceipts 200 871 bytes - 44.000µs
[2026-09-14 17:10:22:784] RPC starknet_V0_10_2_getBlockWithReceipts 200 368 bytes - 39.000µs
[2026-09-14 17:10:22:785] RPC starknet_V0_10_2_getBlockWithReceipts 200 368 bytes - 27.000µs
[2026-09-14 17:10:22:894] RPC starknet_V0_10_2_getBlockWithTxHashes 200 368 bytes - 89.000µs
[2026-09-14 17:10:23:394] RPC starknet_V0_10_2_getBlockWithTxHashes 200 368 bytes - 159.000µs
[2026-09-14 17:10:23:543] RPC starknet_V0_10_2_blockNumber 200 38 bytes - 10.000µs
[2026-09-14 17:10:23:895] RPC starknet_V0_10_2_getBlockWithTxHashes 200 368 bytes - 124.000µs
[2026-09-14 17:10:24:395] RPC starknet_V0_10_2_getBlockWithTxHashes 200 368 bytes - 58.000µs
[2026-09-14 17:10:24:757] INFO Block 2545 final weights: BouncerWeights { l1_gas: 0, message_segment_length: 0, n_events: 0, state_diff_size: 0, sierra_gas: GasAmount(0), n_txs: 0, proving_gas: GasAmount(0), receipt_l2_gas: GasAmount(0) }.
[2026-09-14 17:10:24:763] INFO Block hash 0x2bb950f5bfe5fedda44f754b6d857f27c9e651df21050ccede18b2716637864 computed for #2545
{"timestamp":"2026-09-14T17:10:24.779999151Z","level":"INFO","target":"close_block","message":"close_block_complete","block_number":2545,"tx_count":0,"event_count":0,"close_block_total_ms":20.577220999999998,"block_close_ms":20.577220999999998,"close_preconfirmed_ms":20.569609,"block_production_ms":20.584345,"batches_executed":0,"txs_added_to_block":0,"txs_executed":0,"txs_reverted":0,"txs_rejected":0,"classes_declared":0,"l2_gas_consumed":0,"state_diff_len":1,"declared_classes":0,"deployed_contracts":0,"storage_diffs":1,"nonce_updates":0,"consumed_l1_nonces":0,"bouncer_l1_gas":0,"bouncer_sierra_gas":0,"bouncer_n_events":0,"bouncer_message_segment_length":0,"bouncer_state_diff_size":0,"get_full_block_ms":0.0032830000000000003,"commitments_ms":0.12208299999999998,"merklization_ms":9.368235,"contract_trie_ms":1.075564,"class_trie_ms":0.027098,"contract_storage_trie_commit_ms":3.103911,"contract_trie_commit_ms":2.741153,"class_trie_commit_ms":2.265599,"block_hash_ms":0.125925,"db_write_ms":6.925167}
[2026-09-14 17:10:24:780] INFO ⛏️  Closed block #2545 with 0 transactions - 20.577221ms
[2026-09-14 17:10:24:780] RPC starknet_V0_10_2_getBlockWithReceipts 200 871 bytes - 70.000µs
[2026-09-14 17:10:24:780] RPC starknet_V0_10_2_getBlockWithReceipts 200 871 bytes - 63.000µs
[2026-09-14 17:10:24:784] RPC starknet_V0_10_2_getBlockWithReceipts 200 368 bytes - 34.000µs
[2026-09-14 17:10:24:784] RPC starknet_V0_10_2_getBlockWithReceipts 200 368 bytes - 42.000µs
[2026-09-14 17:10:24:895] RPC starknet_V0_10_2_getBlockWithTxHashes 200 368 bytes - 72.000µs
[2026-09-14 17:10:25:398] RPC starknet_V0_10_2_getBlockWithTxHashes 200 368 bytes - 75.000µs
[2026-09-14 17:10:25:582] RPC starknet_V0_10_2_blockNumber 200 38 bytes - 11.000µs
[2026-09-14 17:10:25:898] RPC starknet_V0_10_2_getBlockWithTxHashes 200 368 bytes - 59.000µs
[2026-09-14 17:10:26:400] RPC starknet_V0_10_2_getBlockWithTxHashes 200 368 bytes - 64.000µs
[2026-09-14 17:10:26:758] INFO Block 2546 final weights: BouncerWeights { l1_gas: 0, message_segment_length: 0, n_events: 0, state_diff_size: 0, sierra_gas: GasAmount(0), n_txs: 0, proving_gas: GasAmount(0), receipt_l2_gas: GasAmount(0) }.
[2026-09-14 17:10:26:763] INFO Block hash 0x6e1a8fb7ae20ea1e52e7eee5e08be8096695f637235dfff6154817a0b72f9b5 computed for #2546
{"timestamp":"2026-09-14T17:10:26.778471645Z","level":"INFO","target":"close_block","message":"close_block_complete","block_number":2546,"tx_count":0,"event_count":0,"close_block_total_ms":18.503408,"block_close_ms":18.503408,"close_preconfirmed_ms":18.49782,"block_production_ms":18.507249,"batches_executed":0,"txs_added_to_block":0,"txs_executed":0,"txs_reverted":0,"txs_rejected":0,"classes_declared":0,"l2_gas_consumed":0,"state_diff_len":1,"declared_classes":0,"deployed_contracts":0,"storage_diffs":1,"nonce_updates":0,"consumed_l1_nonces":0,"bouncer_l1_gas":0,"bouncer_sierra_gas":0,"bouncer_n_events":0,"bouncer_message_segment_length":0,"bouncer_state_diff_size":0,"get_full_block_ms":0.003352,"commitments_ms":0.07235599999999999,"merklization_ms":8.123653,"contract_trie_ms":0.664825,"class_trie_ms":0.02179,"contract_storage_trie_commit_ms":2.6530120000000004,"contract_trie_commit_ms":2.50858,"class_trie_commit_ms":2.191846,"block_hash_ms":0.06865399999999999,"db_write_ms":6.5470429999999995}
[2026-09-14 17:10:26:778] INFO ⛏️  Closed block #2546 with 0 transactions - 18.503408ms
[2026-09-14 17:10:26:778] RPC starknet_V0_10_2_getBlockWithReceipts 200 871 bytes - 48.000µs
[2026-09-14 17:10:26:778] RPC starknet_V0_10_2_getBlockWithReceipts 200 871 bytes - 48.000µs
[2026-09-14 17:10:26:782] RPC starknet_V0_10_2_getBlockWithReceipts 200 368 bytes - 31.000µs
[2026-09-14 17:10:26:782] RPC starknet_V0_10_2_getBlockWithReceipts 200 368 bytes - 19.000µs
[2026-09-14 17:10:26:900] RPC starknet_V0_10_2_getBlockWithTxHashes 200 368 bytes - 95.000µs
[2026-09-14 17:10:27:401] RPC starknet_V0_10_2_getBlockWithTxHashes 200 368 bytes - 75.000µs
[2026-09-14 17:10:27:622] RPC starknet_V0_10_2_blockNumber 200 38 bytes - 10.000µs
[2026-09-14 17:10:27:901] RPC starknet_V0_10_2_getBlockWithTxHashes 200 368 bytes - 95.000µs
[2026-09-14 17:10:28:402] RPC starknet_V0_10_2_getBlockWithTxHashes 200 368 bytes - 111.000µs
[2026-09-14 17:10:28:760] INFO Block 2547 final weights: BouncerWeights { l1_gas: 0, message_segment_length: 0, n_events: 0, state_diff_size: 0, sierra_gas: GasAmount(0), n_txs: 0, proving_gas: GasAmount(0), receipt_l2_gas: GasAmount(0) }.
[2026-09-14 17:10:28:766] INFO Block hash 0x55aeb371c57d2f95412de7489a3ac25ea6f300c5d2c056e51cdb9e2be2b36f6 computed for #2547
{"timestamp":"2026-09-14T17:10:28.783194076Z","level":"INFO","target":"close_block","message":"close_block_complete","block_number":2547,"tx_count":0,"event_count":0,"close_block_total_ms":20.434464,"block_close_ms":20.434464,"close_preconfirmed_ms":20.42776,"block_production_ms":20.440331,"batches_executed":0,"txs_added_to_block":0,"txs_executed":0,"txs_reverted":0,"txs_rejected":0,"classes_declared":0,"l2_gas_consumed":0,"state_diff_len":1,"declared_classes":0,"deployed_contracts":0,"storage_diffs":1,"nonce_updates":0,"consumed_l1_nonces":0,"bouncer_l1_gas":0,"bouncer_sierra_gas":0,"bouncer_n_events":0,"bouncer_message_segment_length":0,"bouncer_state_diff_size":0,"get_full_block_ms":0.0028640000000000002,"commitments_ms":0.119709,"merklization_ms":9.318507,"contract_trie_ms":0.9257529999999999,"class_trie_ms":0.029124,"contract_storage_trie_commit_ms":3.0579549999999998,"contract_trie_commit_ms":2.881813,"class_trie_commit_ms":2.3049899999999997,"block_hash_ms":0.09561299999999999,"db_write_ms":6.905193}
[2026-09-14 17:10:28:783] INFO ⛏️  Closed block #2547 with 0 transactions - 20.434464ms
[2026-09-14 17:10:28:783] RPC starknet_V0_10_2_getBlockWithReceipts 200 871 bytes - 54.000µs
[2026-09-14 17:10:28:783] RPC starknet_V0_10_2_getBlockWithReceipts 200 871 bytes - 33.000µs
[2026-09-14 17:10:28:788] RPC starknet_V0_10_2_getBlockWithReceipts 200 368 bytes - 26.000µs
[2026-09-14 17:10:28:789] RPC starknet_V0_10_2_getBlockWithReceipts 200 368 bytes - 23.000µs
[2026-09-14 17:10:28:903] RPC starknet_V0_10_2_getBlockWithTxHashes 200 368 bytes - 101.000µs
[2026-09-14 17:10:29:404] RPC starknet_V0_10_2_getBlockWithTxHashes 200 368 bytes - 71.000µs
[2026-09-14 17:10:29:662] RPC starknet_V0_10_2_blockNumber 200 38 bytes - 11.000µs
[2026-09-14 17:10:29:904] RPC starknet_V0_10_2_getBlockWithTxHashes 200 368 bytes - 67.000µs
[2026-09-14 17:10:30:406] RPC starknet_V0_10_2_getBlockWithTxHashes 200 368 bytes - 56.000µs
[2026-09-14 17:10:30:761] INFO Block 2548 final weights: BouncerWeights { l1_gas: 0, message_segment_length: 0, n_events: 0, state_diff_size: 0, sierra_gas: GasAmount(0), n_txs: 0, proving_gas: GasAmount(0), receipt_l2_gas: GasAmount(0) }.
[2026-09-14 17:10:30:767] INFO Block hash 0x85be88b4f2b6addb863a699b907f8f0d505c49b99817c7a8191634c04a69ec computed for #2548
{"timestamp":"2026-09-14T17:10:30.784879993Z","level":"INFO","target":"close_block","message":"close_block_complete","block_number":2548,"tx_count":0,"event_count":0,"close_block_total_ms":21.060876,"block_close_ms":21.060876,"close_preconfirmed_ms":21.054311,"block_production_ms":21.069885,"batches_executed":0,"txs_added_to_block":0,"txs_executed":0,"txs_reverted":0,"txs_rejected":0,"classes_declared":0,"l2_gas_consumed":0,"state_diff_len":1,"declared_classes":0,"deployed_contracts":0,"storage_diffs":1,"nonce_updates":0,"consumed_l1_nonces":0,"bouncer_l1_gas":0,"bouncer_sierra_gas":0,"bouncer_n_events":0,"bouncer_message_segment_length":0,"bouncer_state_diff_size":0,"get_full_block_ms":0.0038410000000000002,"commitments_ms":0.091563,"merklization_ms":9.487314999999999,"contract_trie_ms":1.0088650000000001,"class_trie_ms":0.03052,"contract_storage_trie_commit_ms":3.0567670000000002,"contract_trie_commit_ms":2.937198,"class_trie_commit_ms":2.33139,"block_hash_ms":0.09729,"db_write_ms":7.098096}
[2026-09-14 17:10:30:784] INFO ⛏️  Closed block #2548 with 0 transactions - 21.060876ms
[2026-09-14 17:10:30:785] RPC starknet_V0_10_2_getBlockWithReceipts 200 870 bytes - 66.000µs
[2026-09-14 17:10:30:785] RPC starknet_V0_10_2_getBlockWithReceipts 200 870 bytes - 76.000µs
[2026-09-14 17:10:30:790] RPC starknet_V0_10_2_getBlockWithReceipts 200 368 bytes - 50.000µs
[2026-09-14 17:10:30:791] RPC starknet_V0_10_2_getBlockWithReceipts 200 368 bytes - 24.000µs
[2026-09-14 17:10:30:906] RPC starknet_V0_10_2_getBlockWithTxHashes 200 368 bytes - 66.000µs
[2026-09-14 17:10:31:408] RPC starknet_V0_10_2_getBlockWithTxHashes 200 368 bytes - 57.000µs
[2026-09-14 17:10:31:698] RPC starknet_V0_10_2_blockNumber 200 38 bytes - 11.000µs
[2026-09-14 17:10:31:908] RPC starknet_V0_10_2_getBlockWithTxHashes 200 368 bytes - 56.000µs
[2026-09-14 17:10:32:410] RPC starknet_V0_10_2_getBlockWithTxHashes 200 368 bytes - 66.000µs
[2026-09-14 17:10:32:762] INFO Block 2549 final weights: BouncerWeights { l1_gas: 0, message_segment_length: 0, n_events: 0, state_diff_size: 0, sierra_gas: GasAmount(0), n_txs: 0, proving_gas: GasAmount(0), receipt_l2_gas: GasAmount(0) }.
[2026-09-14 17:10:32:768] INFO Block hash 0x6762856b519f05df794a22bf0491136f25e3d9e1571c0adf456a28492d15d24 computed for #2549
{"timestamp":"2026-09-14T17:10:32.784886284Z","level":"INFO","target":"close_block","message":"close_block_complete","block_number":2549,"tx_count":0,"event_count":0,"close_block_total_ms":20.103203999999998,"block_close_ms":20.103203999999998,"close_preconfirmed_ms":20.097476999999998,"block_production_ms":20.107954,"batches_executed":0,"txs_added_to_block":0,"txs_executed":0,"txs_reverted":0,"txs_rejected":0,"classes_declared":0,"l2_gas_consumed":0,"state_diff_len":1,"declared_classes":0,"deployed_contracts":0,"storage_diffs":1,"nonce_updates":0,"consumed_l1_nonces":0,"bouncer_l1_gas":0,"bouncer_sierra_gas":0,"bouncer_n_events":0,"bouncer_message_segment_length":0,"bouncer_state_diff_size":0,"get_full_block_ms":0.003352,"commitments_ms":0.105042,"merklization_ms":9.282888,"contract_trie_ms":1.10413,"class_trie_ms":0.02661,"contract_storage_trie_commit_ms":3.089943,"contract_trie_commit_ms":2.6837419999999996,"class_trie_commit_ms":2.258056,"block_hash_ms":0.099385,"db_write_ms":6.560523000000001}
[2026-09-14 17:10:32:784] INFO ⛏️  Closed block #2549 with 0 transactions - 20.103204ms
[2026-09-14 17:10:32:785] RPC starknet_V0_10_2_getBlockWithReceipts 200 870 bytes - 62.000µs
[2026-09-14 17:10:32:785] RPC starknet_V0_10_2_getBlockWithReceipts 200 870 bytes - 94.000µs
[2026-09-14 17:10:32:790] RPC starknet_V0_10_2_getBlockWithReceipts 200 368 bytes - 31.000µs
[2026-09-14 17:10:32:791] RPC starknet_V0_10_2_getBlockWithReceipts 200 368 bytes - 19.000µs
[2026-09-14 17:10:32:911] RPC starknet_V0_10_2_getBlockWithTxHashes 200 368 bytes - 123.000µs
[2026-09-14 17:10:33:413] RPC starknet_V0_10_2_getBlockWithTxHashes 200 368 bytes - 112.000µs
[2026-09-14 17:10:33:733] RPC starknet_V0_10_2_blockNumber 200 38 bytes - 10.000µs
[2026-09-14 17:10:33:914] RPC starknet_V0_10_2_getBlockWithTxHashes 200 368 bytes - 99.000µs
[2026-09-14 17:10:34:416] RPC starknet_V0_10_2_getBlockWithTxHashes 200 368 bytes - 65.000µs
[2026-09-14 17:10:34:764] INFO Block 2550 final weights: BouncerWeights { l1_gas: 0, message_segment_length: 0, n_events: 0, state_diff_size: 0, sierra_gas: GasAmount(0), n_txs: 0, proving_gas: GasAmount(0), receipt_l2_gas: GasAmount(0) }.
[2026-09-14 17:10:34:769] INFO Block hash 0x3c8fea7853e8aa03b539d61f3a318c8beb000d729ee6943fc9cc6aee4537855 computed for #2550
{"timestamp":"2026-09-14T17:10:34.784891736Z","level":"INFO","target":"close_block","message":"close_block_complete","block_number":2550,"tx_count":0,"event_count":0,"close_block_total_ms":18.902344000000003,"block_close_ms":18.902344000000003,"close_preconfirmed_ms":18.895220000000002,"block_production_ms":18.907164,"batches_executed":0,"txs_added_to_block":0,"txs_executed":0,"txs_reverted":0,"txs_rejected":0,"classes_declared":0,"l2_gas_consumed":0,"state_diff_len":1,"declared_classes":0,"deployed_contracts":0,"storage_diffs":1,"nonce_updates":0,"consumed_l1_nonces":0,"bouncer_l1_gas":0,"bouncer_sierra_gas":0,"bouncer_n_events":0,"bouncer_message_segment_length":0,"bouncer_state_diff_size":0,"get_full_block_ms":0.002863,"commitments_ms":0.08744199999999999,"merklization_ms":8.215915,"contract_trie_ms":0.675301,"class_trie_ms":0.019625,"contract_storage_trie_commit_ms":2.6421159999999997,"contract_trie_commit_ms":2.610199,"class_trie_commit_ms":2.182487,"block_hash_ms":0.068795,"db_write_ms":6.68135}
[2026-09-14 17:10:34:784] INFO ⛏️  Closed block #2550 with 0 transactions - 18.902344ms
[2026-09-14 17:10:34:785] RPC starknet_V0_10_2_getBlockWithReceipts 200 871 bytes - 40.000µs
[2026-09-14 17:10:34:785] RPC starknet_V0_10_2_getBlockWithReceipts 200 871 bytes - 44.000µs
[2026-09-14 17:10:34:788] RPC starknet_V0_10_2_getBlockWithReceipts 200 369 bytes - 28.000µs
[2026-09-14 17:10:34:788] RPC starknet_V0_10_2_getBlockWithReceipts 200 368 bytes - 26.000µs
[2026-09-14 17:10:34:916] RPC starknet_V0_10_2_getBlockWithTxHashes 200 369 bytes - 64.000µs
[2026-09-14 17:10:35:417] RPC starknet_V0_10_2_getBlockWithTxHashes 200 369 bytes - 115.000µs
[2026-09-14 17:10:35:773] RPC starknet_V0_10_2_blockNumber 200 38 bytes - 10.000µs
[2026-09-14 17:10:35:918] RPC starknet_V0_10_2_getBlockWithTxHashes 200 369 bytes - 94.000µs
[2026-09-14 17:10:36:418] RPC starknet_V0_10_2_getBlockWithTxHashes 200 369 bytes - 92.000µs
[2026-09-14 17:10:36:765] INFO Block 2551 final weights: BouncerWeights { l1_gas: 0, message_segment_length: 0, n_events: 0, state_diff_size: 0, sierra_gas: GasAmount(0), n_txs: 0, proving_gas: GasAmount(0), receipt_l2_gas: GasAmount(0) }.
[2026-09-14 17:10:36:772] INFO Block hash 0x19dc5ca03edc0faedf10da8707905c715f4b794d03cf32b8db7d916605381cf computed for #2551
{"timestamp":"2026-09-14T17:10:36.790326344Z","level":"INFO","target":"close_block","message":"close_block_complete","block_number":2551,"tx_count":0,"event_count":0,"close_block_total_ms":21.720323,"block_close_ms":21.720323,"close_preconfirmed_ms":21.714665,"block_production_ms":21.726957000000002,"batches_executed":0,"txs_added_to_block":0,"txs_executed":0,"txs_reverted":0,"txs_rejected":0,"classes_declared":0,"l2_gas_consumed":0,"state_diff_len":1,"declared_classes":0,"deployed_contracts":0,"storage_diffs":1,"nonce_updates":0,"consumed_l1_nonces":0,"bouncer_l1_gas":0,"bouncer_sierra_gas":0,"bouncer_n_events":0,"bouncer_message_segment_length":0,"bouncer_state_diff_size":0,"get_full_block_ms":0.00852,"commitments_ms":0.09261,"merklization_ms":9.743705,"contract_trie_ms":1.163705,"class_trie_ms":0.045886,"contract_storage_trie_commit_ms":3.304567,"contract_trie_commit_ms":2.802264,"class_trie_commit_ms":2.297796,"block_hash_ms":0.11677599999999999,"db_write_ms":7.253354}
[2026-09-14 17:10:36:790] INFO ⛏️  Closed block #2551 with 0 transactions - 21.720323ms
[2026-09-14 17:10:36:790] RPC starknet_V0_10_2_getBlockWithReceipts 200 872 bytes - 80.000µs
[2026-09-14 17:10:36:791] RPC starknet_V0_10_2_getBlockWithReceipts 200 871 bytes - 44.000µs
[2026-09-14 17:10:36:795] RPC starknet_V0_10_2_getBlockWithReceipts 200 369 bytes - 38.000µs
[2026-09-14 17:10:36:795] RPC starknet_V0_10_2_getBlockWithReceipts 200 368 bytes - 25.000µs
[2026-09-14 17:10:36:919] RPC starknet_V0_10_2_getBlockWithTxHashes 200 369 bytes - 149.000µs
[2026-09-14 17:10:37:419] RPC starknet_V0_10_2_getBlockWithTxHashes 200 369 bytes - 107.000µs
[2026-09-14 17:10:37:811] RPC starknet_V0_10_2_blockNumber 200 38 bytes - 11.000µs
[2026-09-14 17:10:37:919] RPC starknet_V0_10_2_getBlockWithTxHashes 200 369 bytes - 71.000µs
[2026-09-14 17:10:38:420] RPC starknet_V0_10_2_getBlockWithTxHashes 200 369 bytes - 99.000µs
[2026-09-14 17:10:38:767] INFO Block 2552 final weights: BouncerWeights { l1_gas: 0, message_segment_length: 0, n_events: 0, state_diff_size: 0, sierra_gas: GasAmount(0), n_txs: 0, proving_gas: GasAmount(0), receipt_l2_gas: GasAmount(0) }.
[2026-09-14 17:10:38:774] INFO Block hash 0xc7053c5b48d2015ed6480e3d202b249f70306a664c923c65ef1889a8978c90 computed for #2552
{"timestamp":"2026-09-14T17:10:38.791229823Z","level":"INFO","target":"close_block","message":"close_block_complete","block_number":2552,"tx_count":0,"event_count":0,"close_block_total_ms":20.99711,"block_close_ms":20.99711,"close_preconfirmed_ms":20.991384,"block_production_ms":21.003815,"batches_executed":0,"txs_added_to_block":0,"txs_executed":0,"txs_reverted":0,"txs_rejected":0,"classes_declared":0,"l2_gas_consumed":0,"state_diff_len":1,"declared_classes":0,"deployed_contracts":0,"storage_diffs":1,"nonce_updates":0,"consumed_l1_nonces":0,"bouncer_l1_gas":0,"bouncer_sierra_gas":0,"bouncer_n_events":0,"bouncer_message_segment_length":0,"bouncer_state_diff_size":0,"get_full_block_ms":0.003771,"commitments_ms":0.088629,"merklization_ms":9.528941000000001,"contract_trie_ms":1.0246490000000001,"class_trie_ms":0.042604,"contract_storage_trie_commit_ms":3.258261,"contract_trie_commit_ms":2.766016,"class_trie_commit_ms":2.285644,"block_hash_ms":0.137728,"db_write_ms":7.0437590000000005}
[2026-09-14 17:10:38:791] INFO ⛏️  Closed block #2552 with 0 transactions - 20.99711ms
[2026-09-14 17:10:38:791] RPC starknet_V0_10_2_getBlockWithReceipts 200 871 bytes - 72.000µs
[2026-09-14 17:10:38:792] RPC starknet_V0_10_2_getBlockWithReceipts 200 870 bytes - 64.000µs
[2026-09-14 17:10:38:796] RPC starknet_V0_10_2_getBlockWithReceipts 200 369 bytes - 34.000µs
[2026-09-14 17:10:38:797] RPC starknet_V0_10_2_getBlockWithReceipts 200 368 bytes - 26.000µs
[2026-09-14 17:10:38:920] RPC starknet_V0_10_2_getBlockWithTxHashes 200 369 bytes - 66.000µs
[2026-09-14 17:10:39:421] RPC starknet_V0_10_2_getBlockWithTxHashes 200 369 bytes - 101.000µs
[2026-09-14 17:10:39:851] RPC starknet_V0_10_2_blockNumber 200 38 bytes - 10.000µs
[2026-09-14 17:10:39:921] RPC starknet_V0_10_2_getBlockWithTxHashes 200 369 bytes - 65.000µs
[2026-09-14 17:10:40:422] RPC starknet_V0_10_2_getBlockWithTxHashes 200 369 bytes - 118.000µs
[2026-09-14 17:10:40:768] INFO Block 2553 final weights: BouncerWeights { l1_gas: 0, message_segment_length: 0, n_events: 0, state_diff_size: 0, sierra_gas: GasAmount(0), n_txs: 0, proving_gas: GasAmount(0), receipt_l2_gas: GasAmount(0) }.
[2026-09-14 17:10:40:773] INFO Block hash 0x40044a4b71bc3f9e06a4d25e99958ce4771b72cceb937419e74349ed401d268 computed for #2553
{"timestamp":"2026-09-14T17:10:40.78911809Z","level":"INFO","target":"close_block","message":"close_block_complete","block_number":2553,"tx_count":0,"event_count":0,"close_block_total_ms":19.344164,"block_close_ms":19.344164,"close_preconfirmed_ms":19.339345,"block_production_ms":19.350379,"batches_executed":0,"txs_added_to_block":0,"txs_executed":0,"txs_reverted":0,"txs_rejected":0,"classes_declared":0,"l2_gas_consumed":0,"state_diff_len":1,"declared_classes":0,"deployed_contracts":0,"storage_diffs":1,"nonce_updates":0,"consumed_l1_nonces":0,"bouncer_l1_gas":0,"bouncer_sierra_gas":0,"bouncer_n_events":0,"bouncer_message_segment_length":0,"bouncer_state_diff_size":0,"get_full_block_ms":0.003352,"commitments_ms":0.099874,"merklization_ms":8.487948000000001,"contract_trie_ms":0.776572,"class_trie_ms":0.021512,"contract_storage_trie_commit_ms":2.84403,"contract_trie_commit_ms":2.586104,"class_trie_commit_ms":2.161884,"block_hash_ms":0.07962,"db_write_ms":6.914202}
[2026-09-14 17:10:40:789] INFO ⛏️  Closed block #2553 with 0 transactions - 19.344164ms
[2026-09-14 17:10:40:789] RPC starknet_V0_10_2_getBlockWithReceipts 200 871 bytes - 51.000µs
[2026-09-14 17:10:40:789] RPC starknet_V0_10_2_getBlockWithReceipts 200 870 bytes - 43.000µs
[2026-09-14 17:10:40:794] RPC starknet_V0_10_2_getBlockWithReceipts 200 369 bytes - 31.000µs
[2026-09-14 17:10:40:795] RPC starknet_V0_10_2_getBlockWithReceipts 200 368 bytes - 22.000µs
[2026-09-14 17:10:40:922] RPC starknet_V0_10_2_getBlockWithTxHashes 200 369 bytes - 127.000µs
[2026-09-14 17:10:41:423] RPC starknet_V0_10_2_getBlockWithTxHashes 200 369 bytes - 135.000µs
[2026-09-14 17:10:41:891] RPC starknet_V0_10_2_blockNumber 200 38 bytes - 11.000µs
[2026-09-14 17:10:41:923] RPC starknet_V0_10_2_getBlockWithTxHashes 200 369 bytes - 66.000µs
[2026-09-14 17:10:42:423] RPC starknet_V0_10_2_getBlockWithTxHashes 200 369 bytes - 94.000µs
[2026-09-14 17:10:42:770] INFO Block 2554 final weights: BouncerWeights { l1_gas: 0, message_segment_length: 0, n_events: 0, state_diff_size: 0, sierra_gas: GasAmount(0), n_txs: 0, proving_gas: GasAmount(0), receipt_l2_gas: GasAmount(0) }.
[2026-09-14 17:10:42:776] INFO Block hash 0x2710839a8dc492558cdacc0cad73d501ac6a44e06e181bd8bef56bb50c0ea79 computed for #2554
{"timestamp":"2026-09-14T17:10:42.794321172Z","level":"INFO","target":"close_block","message":"close_block_complete","block_number":2554,"tx_count":0,"event_count":0,"close_block_total_ms":21.493755999999998,"block_close_ms":21.493755999999998,"close_preconfirmed_ms":21.485723,"block_production_ms":21.500111999999998,"batches_executed":0,"txs_added_to_block":0,"txs_executed":0,"txs_reverted":0,"txs_rejected":0,"classes_declared":0,"l2_gas_consumed":0,"state_diff_len":1,"declared_classes":0,"deployed_contracts":0,"storage_diffs":1,"nonce_updates":0,"consumed_l1_nonces":0,"bouncer_l1_gas":0,"bouncer_sierra_gas":0,"bouncer_n_events":0,"bouncer_message_segment_length":0,"bouncer_state_diff_size":0,"get_full_block_ms":0.003353,"commitments_ms":0.09226100000000001,"merklization_ms":9.792663,"contract_trie_ms":0.910878,"class_trie_ms":0.030032,"contract_storage_trie_commit_ms":3.178921,"contract_trie_commit_ms":3.100629,"class_trie_commit_ms":2.4505410000000003,"block_hash_ms":0.09652100000000001,"db_write_ms":7.072115}
[2026-09-14 17:10:42:794] INFO ⛏️  Closed block #2554 with 0 transactions - 21.493756ms
[2026-09-14 17:10:42:794] RPC starknet_V0_10_2_getBlockWithReceipts 200 871 bytes - 60.000µs
[2026-09-14 17:10:42:795] RPC starknet_V0_10_2_getBlockWithReceipts 200 872 bytes - 66.000µs
[2026-09-14 17:10:42:800] RPC starknet_V0_10_2_getBlockWithReceipts 200 369 bytes - 44.000µs
[2026-09-14 17:10:42:801] RPC starknet_V0_10_2_getBlockWithReceipts 200 368 bytes - 34.000µs
[2026-09-14 17:10:42:924] RPC starknet_V0_10_2_getBlockWithTxHashes 200 369 bytes - 95.000µs
[2026-09-14 17:10:43:424] RPC starknet_V0_10_2_getBlockWithTxHashes 200 369 bytes - 87.000µs
[2026-09-14 17:10:43:924] RPC starknet_V0_10_2_getBlockWithTxHashes 200 369 bytes - 57.000µs
[2026-09-14 17:10:43:926] RPC starknet_V0_10_2_blockNumber 200 38 bytes - 6.000µs
[2026-09-14 17:10:44:424] RPC starknet_V0_10_2_getBlockWithTxHashes 200 369 bytes - 66.000µs
[2026-09-14 17:10:44:771] INFO Block 2555 final weights: BouncerWeights { l1_gas: 0, message_segment_length: 0, n_events: 0, state_diff_size: 0, sierra_gas: GasAmount(0), n_txs: 0, proving_gas: GasAmount(0), receipt_l2_gas: GasAmount(0) }.
[2026-09-14 17:10:44:778] INFO Block hash 0x29007618e5c6ebb793ef4b17693ec6617563662d4773e7b3da938cb81f8d93f computed for #2555
{"timestamp":"2026-09-14T17:10:44.796211237Z","level":"INFO","target":"close_block","message":"close_block_complete","block_number":2555,"tx_count":0,"event_count":0,"close_block_total_ms":21.501438,"block_close_ms":21.501438,"close_preconfirmed_ms":21.493965,"block_production_ms":21.508632,"batches_executed":0,"txs_added_to_block":0,"txs_executed":0,"txs_reverted":0,"txs_rejected":0,"classes_declared":0,"l2_gas_consumed":0,"state_diff_len":1,"declared_classes":0,"deployed_contracts":0,"storage_diffs":1,"nonce_updates":0,"consumed_l1_nonces":0,"bouncer_l1_gas":0,"bouncer_sierra_gas":0,"bouncer_n_events":0,"bouncer_message_segment_length":0,"bouncer_state_diff_size":0,"get_full_block_ms":0.003772,"commitments_ms":0.092959,"merklization_ms":9.478864,"contract_trie_ms":0.957253,"class_trie_ms":0.034083,"contract_storage_trie_commit_ms":3.120953,"contract_trie_commit_ms":2.894525,"class_trie_commit_ms":2.359048,"block_hash_ms":0.094845,"db_write_ms":7.150338}
[2026-09-14 17:10:44:796] INFO ⛏️  Closed block #2555 with 0 transactions - 21.501438ms
[2026-09-14 17:10:44:796] RPC starknet_V0_10_2_getBlockWithReceipts 200 871 bytes - 65.000µs
[2026-09-14 17:10:44:796] RPC starknet_V0_10_2_getBlockWithReceipts 200 870 bytes - 79.000µs
[2026-09-14 17:10:44:801] RPC starknet_V0_10_2_getBlockWithReceipts 200 369 bytes - 38.000µs
[2026-09-14 17:10:44:801] RPC starknet_V0_10_2_getBlockWithReceipts 200 368 bytes - 34.000µs
[2026-09-14 17:10:44:924] RPC starknet_V0_10_2_getBlockWithTxHashes 200 369 bytes - 57.000µs
[2026-09-14 17:10:45:424] RPC starknet_V0_10_2_getBlockWithTxHashes 200 369 bytes - 67.000µs
[2026-09-14 17:10:45:925] RPC starknet_V0_10_2_getBlockWithTxHashes 200 369 bytes - 84.000µs
[2026-09-14 17:10:45:966] RPC starknet_V0_10_2_blockNumber 200 38 bytes - 11.000µs
[2026-09-14 17:10:46:426] RPC starknet_V0_10_2_getBlockWithTxHashes 200 369 bytes - 57.000µs
[2026-09-14 17:10:46:773] INFO Block 2556 final weights: BouncerWeights { l1_gas: 0, message_segment_length: 0, n_events: 0, state_diff_size: 0, sierra_gas: GasAmount(0), n_txs: 0, proving_gas: GasAmount(0), receipt_l2_gas: GasAmount(0) }.
[2026-09-14 17:10:46:780] INFO Block hash 0x551f5c16486f8bbfb0026a4530b1eb54157a0667ace124da0359f5d6b8c5001 computed for #2556
{"timestamp":"2026-09-14T17:10:46.797078538Z","level":"INFO","target":"close_block","message":"close_block_complete","block_number":2556,"tx_count":0,"event_count":0,"close_block_total_ms":20.385226,"block_close_ms":20.385226,"close_preconfirmed_ms":20.376565,"block_production_ms":20.39193,"batches_executed":0,"txs_added_to_block":0,"txs_executed":0,"txs_reverted":0,"txs_rejected":0,"classes_declared":0,"l2_gas_consumed":0,"state_diff_len":1,"declared_classes":0,"deployed_contracts":0,"storage_diffs":1,"nonce_updates":0,"consumed_l1_nonces":0,"bouncer_l1_gas":0,"bouncer_sierra_gas":0,"bouncer_n_events":0,"bouncer_message_segment_length":0,"bouncer_state_diff_size":0,"get_full_block_ms":0.003771,"commitments_ms":0.109651,"merklization_ms":9.000657,"contract_trie_ms":1.0211569999999999,"class_trie_ms":0.031708,"contract_storage_trie_commit_ms":2.978825,"contract_trie_commit_ms":2.63653,"class_trie_commit_ms":2.212031,"block_hash_ms":0.09715,"db_write_ms":6.859935}
[2026-09-14 17:10:46:797] INFO ⛏️  Closed block #2556 with 0 transactions - 20.385226ms
[2026-09-14 17:10:46:797] RPC starknet_V0_10_2_getBlockWithReceipts 200 872 bytes - 66.000µs
[2026-09-14 17:10:46:797] RPC starknet_V0_10_2_getBlockWithReceipts 200 871 bytes - 60.000µs
[2026-09-14 17:10:46:802] RPC starknet_V0_10_2_getBlockWithReceipts 200 368 bytes - 36.000µs
[2026-09-14 17:10:46:803] RPC starknet_V0_10_2_getBlockWithReceipts 200 369 bytes - 48.000µs
[2026-09-14 17:10:46:927] RPC starknet_V0_10_2_getBlockWithTxHashes 200 369 bytes - 93.000µs
[2026-09-14 17:10:47:427] RPC starknet_V0_10_2_getBlockWithTxHashes 200 369 bytes - 71.000µs
[2026-09-14 17:10:47:927] RPC starknet_V0_10_2_getBlockWithTxHashes 200 369 bytes - 60.000µs
[2026-09-14 17:10:48:005] RPC starknet_V0_10_2_blockNumber 200 38 bytes - 10.000µs
[2026-09-14 17:10:48:429] RPC starknet_V0_10_2_getBlockWithTxHashes 200 369 bytes - 96.000µs
[2026-09-14 17:10:48:775] INFO Block 2557 final weights: BouncerWeights { l1_gas: 0, message_segment_length: 0, n_events: 0, state_diff_size: 0, sierra_gas: GasAmount(0), n_txs: 0, proving_gas: GasAmount(0), receipt_l2_gas: GasAmount(0) }.
[2026-09-14 17:10:48:782] INFO Block hash 0x2b93a007805a61b607885e9290c450a71a8cd908a8becc3f6b15c1299383e52 computed for #2557
{"timestamp":"2026-09-14T17:10:48.799198172Z","level":"INFO","target":"close_block","message":"close_block_complete","block_number":2557,"tx_count":0,"event_count":0,"close_block_total_ms":20.572542,"block_close_ms":20.572542,"close_preconfirmed_ms":20.5643,"block_production_ms":20.579177,"batches_executed":0,"txs_added_to_block":0,"txs_executed":0,"txs_reverted":0,"txs_rejected":0,"classes_declared":0,"l2_gas_consumed":0,"state_diff_len":1,"declared_classes":0,"deployed_contracts":0,"storage_diffs":1,"nonce_updates":0,"consumed_l1_nonces":0,"bouncer_l1_gas":0,"bouncer_sierra_gas":0,"bouncer_n_events":0,"bouncer_message_segment_length":0,"bouncer_state_diff_size":0,"get_full_block_ms":0.0038410000000000002,"commitments_ms":0.221049,"merklization_ms":9.311733,"contract_trie_ms":1.1789999999999998,"class_trie_ms":0.050145999999999996,"contract_storage_trie_commit_ms":3.011371,"contract_trie_commit_ms":2.723831,"class_trie_commit_ms":2.2065829999999997,"block_hash_ms":0.12662299999999999,"db_write_ms":6.712848}
[2026-09-14 17:10:48:799] INFO ⛏️  Closed block #2557 with 0 transactions - 20.572542ms
[2026-09-14 17:10:48:799] RPC starknet_V0_10_2_getBlockWithReceipts 200 872 bytes - 64.000µs
[2026-09-14 17:10:48:799] RPC starknet_V0_10_2_getBlockWithReceipts 200 871 bytes - 69.000µs
[2026-09-14 17:10:48:805] RPC starknet_V0_10_2_getBlockWithReceipts 200 369 bytes - 40.000µs
[2026-09-14 17:10:48:806] RPC starknet_V0_10_2_getBlockWithReceipts 200 368 bytes - 27.000µs
[2026-09-14 17:10:48:929] RPC starknet_V0_10_2_getBlockWithTxHashes 200 369 bytes - 94.000µs
[2026-09-14 17:10:49:431] RPC starknet_V0_10_2_getBlockWithTxHashes 200 369 bytes - 64.000µs
[2026-09-14 17:10:49:932] RPC starknet_V0_10_2_getBlockWithTxHashes 200 369 bytes - 137.000µs
[2026-09-14 17:10:50:040] RPC starknet_V0_10_2_blockNumber 200 38 bytes - 10.000µs
[2026-09-14 17:10:50:433] RPC starknet_V0_10_2_getBlockWithTxHashes 200 369 bytes - 68.000µs
[2026-09-14 17:10:50:777] INFO Block 2558 final weights: BouncerWeights { l1_gas: 0, message_segment_length: 0, n_events: 0, state_diff_size: 0, sierra_gas: GasAmount(0), n_txs: 0, proving_gas: GasAmount(0), receipt_l2_gas: GasAmount(0) }.
[2026-09-14 17:10:50:784] INFO Block hash 0x33b21b3ff1f4e947cc16ea30c1225d80cfedb88fb4d0c66ff5a82ca6cab0f99 computed for #2558
{"timestamp":"2026-09-14T17:10:50.800871937Z","level":"INFO","target":"close_block","message":"close_block_complete","block_number":2558,"tx_count":0,"event_count":0,"close_block_total_ms":20.331029,"block_close_ms":20.331029,"close_preconfirmed_ms":20.324393999999998,"block_production_ms":20.339829,"batches_executed":0,"txs_added_to_block":0,"txs_executed":0,"txs_reverted":0,"txs_rejected":0,"classes_declared":0,"l2_gas_consumed":0,"state_diff_len":1,"declared_classes":0,"deployed_contracts":0,"storage_diffs":1,"nonce_updates":0,"consumed_l1_nonces":0,"bouncer_l1_gas":0,"bouncer_sierra_gas":0,"bouncer_n_events":0,"bouncer_message_segment_length":0,"bouncer_state_diff_size":0,"get_full_block_ms":0.003772,"commitments_ms":0.109232,"merklization_ms":8.967971,"contract_trie_ms":0.9652839999999999,"class_trie_ms":0.029892000000000002,"contract_storage_trie_commit_ms":2.88782,"contract_trie_commit_ms":2.720549,"class_trie_commit_ms":2.2389200000000002,"block_hash_ms":0.098057,"db_write_ms":6.842056}
[2026-09-14 17:10:50:800] INFO ⛏️  Closed block #2558 with 0 transactions - 20.331029ms
[2026-09-14 17:10:50:801] RPC starknet_V0_10_2_getBlockWithReceipts 200 871 bytes - 84.000µs
[2026-09-14 17:10:50:801] RPC starknet_V0_10_2_getBlockWithReceipts 200 872 bytes - 83.000µs
[2026-09-14 17:10:50:805] RPC starknet_V0_10_2_getBlockWithReceipts 200 369 bytes - 46.000µs
[2026-09-14 17:10:50:807] RPC starknet_V0_10_2_getBlockWithReceipts 200 368 bytes - 27.000µs
[2026-09-14 17:10:50:933] RPC starknet_V0_10_2_getBlockWithTxHashes 200 369 bytes - 80.000µs
[2026-09-14 17:10:51:434] RPC starknet_V0_10_2_getBlockWithTxHashes 200 369 bytes - 132.000µs
[2026-09-14 17:10:51:935] RPC starknet_V0_10_2_getBlockWithTxHashes 200 369 bytes - 127.000µs
[2026-09-14 17:10:52:081] RPC starknet_V0_10_2_blockNumber 200 38 bytes - 10.000µs
[2026-09-14 17:10:52:435] RPC starknet_V0_10_2_getBlockWithTxHashes 200 369 bytes - 72.000µs
[2026-09-14 17:10:52:778] INFO Block 2559 final weights: BouncerWeights { l1_gas: 0, message_segment_length: 0, n_events: 0, state_diff_size: 0, sierra_gas: GasAmount(0), n_txs: 0, proving_gas: GasAmount(0), receipt_l2_gas: GasAmount(0) }.
[2026-09-14 17:10:52:784] INFO Block hash 0x3fe5f5668341c92dfc7a335e0f9b538927f00870f06ed5242d37c50f3978ab5 computed for #2559
{"timestamp":"2026-09-14T17:10:52.801389889Z","level":"INFO","target":"close_block","message":"close_block_complete","block_number":2559,"tx_count":0,"event_count":0,"close_block_total_ms":20.354495,"block_close_ms":20.354495,"close_preconfirmed_ms":20.346324,"block_production_ms":20.362179,"batches_executed":0,"txs_added_to_block":0,"txs_executed":0,"txs_reverted":0,"txs_rejected":0,"classes_declared":0,"l2_gas_consumed":0,"state_diff_len":1,"declared_classes":0,"deployed_contracts":0,"storage_diffs":1,"nonce_updates":0,"consumed_l1_nonces":0,"bouncer_l1_gas":0,"bouncer_sierra_gas":0,"bouncer_n_events":0,"bouncer_message_segment_length":0,"bouncer_state_diff_size":0,"get_full_block_ms":0.00426,"commitments_ms":0.09833800000000001,"merklization_ms":9.154379,"contract_trie_ms":1.008726,"class_trie_ms":0.027727,"contract_storage_trie_commit_ms":2.997821,"contract_trie_commit_ms":2.779565,"class_trie_commit_ms":2.224742,"block_hash_ms":0.096592,"db_write_ms":6.819775999999999}
[2026-09-14 17:10:52:801] INFO ⛏️  Closed block #2559 with 0 transactions - 20.354495ms
[2026-09-14 17:10:52:801] RPC starknet_V0_10_2_getBlockWithReceipts 200 871 bytes - 84.000µs
[2026-09-14 17:10:52:802] RPC starknet_V0_10_2_getBlockWithReceipts 200 872 bytes - 83.000µs
[2026-09-14 17:10:52:807] RPC starknet_V0_10_2_getBlockWithReceipts 200 368 bytes - 39.000µs
[2026-09-14 17:10:52:808] RPC starknet_V0_10_2_getBlockWithReceipts 200 369 bytes - 27.000µs
[2026-09-14 17:10:52:936] RPC starknet_V0_10_2_getBlockWithTxHashes 200 369 bytes - 95.000µs
[2026-09-14 17:10:53:438] RPC starknet_V0_10_2_getBlockWithTxHashes 200 369 bytes - 62.000µs
[2026-09-14 17:10:53:939] RPC starknet_V0_10_2_getBlockWithTxHashes 200 369 bytes - 121.000µs
[2026-09-14 17:10:54:120] RPC starknet_V0_10_2_blockNumber 200 38 bytes - 11.000µs
[2026-09-14 17:10:54:440] RPC starknet_V0_10_2_getBlockWithTxHashes 200 369 bytes - 88.000µs
[2026-09-14 17:10:54:780] INFO Block 2560 final weights: BouncerWeights { l1_gas: 0, message_segment_length: 0, n_events: 0, state_diff_size: 0, sierra_gas: GasAmount(0), n_txs: 0, proving_gas: GasAmount(0), receipt_l2_gas: GasAmount(0) }.
[2026-09-14 17:10:54:785] INFO Block hash 0x35c6bb2b21432c5a957c59225b91a9e9fff8fecce6efa82feae615eb8b7e195 computed for #2560
{"timestamp":"2026-09-14T17:10:54.802476214Z","level":"INFO","target":"close_block","message":"close_block_complete","block_number":2560,"tx_count":0,"event_count":0,"close_block_total_ms":20.340318,"block_close_ms":20.340318,"close_preconfirmed_ms":20.335499,"block_production_ms":20.345626,"batches_executed":0,"txs_added_to_block":0,"txs_executed":0,"txs_reverted":0,"txs_rejected":0,"classes_declared":0,"l2_gas_consumed":0,"state_diff_len":1,"declared_classes":0,"deployed_contracts":0,"storage_diffs":1,"nonce_updates":0,"consumed_l1_nonces":0,"bouncer_l1_gas":0,"bouncer_sierra_gas":0,"bouncer_n_events":0,"bouncer_message_segment_length":0,"bouncer_state_diff_size":0,"get_full_block_ms":0.0032830000000000003,"commitments_ms":0.115379,"merklization_ms":9.157452,"contract_trie_ms":0.955716,"class_trie_ms":0.027168,"contract_storage_trie_commit_ms":3.086102,"contract_trie_commit_ms":2.7476480000000003,"class_trie_commit_ms":2.221041,"block_hash_ms":0.097569,"db_write_ms":6.966095}
[2026-09-14 17:10:54:802] INFO ⛏️  Closed block #2560 with 0 transactions - 20.340318ms
[2026-09-14 17:10:54:802] RPC starknet_V0_10_2_getBlockWithReceipts 200 871 bytes - 62.000µs
[2026-09-14 17:10:54:802] RPC starknet_V0_10_2_getBlockWithReceipts 200 872 bytes - 57.000µs
[2026-09-14 17:10:54:807] RPC starknet_V0_10_2_getBlockWithReceipts 200 368 bytes - 31.000µs
[2026-09-14 17:10:54:809] RPC starknet_V0_10_2_getBlockWithReceipts 200 369 bytes - 26.000µs
[2026-09-14 17:10:54:941] RPC starknet_V0_10_2_getBlockWithTxHashes 200 369 bytes - 68.000µs
[2026-09-14 17:10:55:442] RPC starknet_V0_10_2_getBlockWithTxHashes 200 369 bytes - 146.000µs
[2026-09-14 17:10:55:942] RPC starknet_V0_10_2_getBlockWithTxHashes 200 369 bytes - 210.000µs
[2026-09-14 17:10:56:159] RPC starknet_V0_10_2_blockNumber 200 38 bytes - 9.000µs
[2026-09-14 17:10:56:444] RPC starknet_V0_10_2_getBlockWithTxHashes 200 369 bytes - 117.000µs
[2026-09-14 17:10:56:781] INFO Block 2561 final weights: BouncerWeights { l1_gas: 0, message_segment_length: 0, n_events: 0, state_diff_size: 0, sierra_gas: GasAmount(0), n_txs: 0, proving_gas: GasAmount(0), receipt_l2_gas: GasAmount(0) }.
[2026-09-14 17:10:56:786] INFO Block hash 0xf5348ef307e02f0574609d7efad451bf710642f70da27a5cb1ce825a462dea computed for #2561
{"timestamp":"2026-09-14T17:10:56.80283325Z","level":"INFO","target":"close_block","message":"close_block_complete","block_number":2561,"tx_count":0,"event_count":0,"close_block_total_ms":19.680313,"block_close_ms":19.680313,"close_preconfirmed_ms":19.672280999999998,"block_production_ms":19.687994,"batches_executed":0,"txs_added_to_block":0,"txs_executed":0,"txs_reverted":0,"txs_rejected":0,"classes_declared":0,"l2_gas_consumed":0,"state_diff_len":1,"declared_classes":0,"deployed_contracts":0,"storage_diffs":1,"nonce_updates":0,"consumed_l1_nonces":0,"bouncer_l1_gas":0,"bouncer_sierra_gas":0,"bouncer_n_events":0,"bouncer_message_segment_length":0,"bouncer_state_diff_size":0,"get_full_block_ms":0.00468,"commitments_ms":0.12802000000000002,"merklization_ms":8.888841,"contract_trie_ms":1.0641800000000001,"class_trie_ms":0.034851,"contract_storage_trie_commit_ms":2.921693,"contract_trie_commit_ms":2.5606109999999997,"class_trie_commit_ms":2.194081,"block_hash_ms":0.09631100000000001,"db_write_ms":6.617653000000001}
[2026-09-14 17:10:56:802] INFO ⛏️  Closed block #2561 with 0 transactions - 19.680313ms
[2026-09-14 17:10:56:803] RPC starknet_V0_10_2_getBlockWithReceipts 200 870 bytes - 54.000µs
[2026-09-14 17:10:56:803] RPC starknet_V0_10_2_getBlockWithReceipts 200 871 bytes - 30.000µs
[2026-09-14 17:10:56:808] RPC starknet_V0_10_2_getBlockWithReceipts 200 369 bytes - 64.000µs
[2026-09-14 17:10:56:809] RPC starknet_V0_10_2_getBlockWithReceipts 200 368 bytes - 30.000µs
[2026-09-14 17:10:56:945] RPC starknet_V0_10_2_getBlockWithTxHashes 200 369 bytes - 102.000µs
[2026-09-14 17:10:57:446] RPC starknet_V0_10_2_getBlockWithTxHashes 200 369 bytes - 65.000µs
[2026-09-14 17:10:57:947] RPC starknet_V0_10_2_getBlockWithTxHashes 200 369 bytes - 95.000µs
[2026-09-14 17:10:58:199] RPC starknet_V0_10_2_blockNumber 200 38 bytes - 26.000µs
[2026-09-14 17:10:58:448] RPC starknet_V0_10_2_getBlockWithTxHashes 200 369 bytes - 67.000µs
[2026-09-14 17:10:58:782] INFO Block 2562 final weights: BouncerWeights { l1_gas: 0, message_segment_length: 0, n_events: 0, state_diff_size: 0, sierra_gas: GasAmount(0), n_txs: 0, proving_gas: GasAmount(0), receipt_l2_gas: GasAmount(0) }.
[2026-09-14 17:10:58:790] INFO Block hash 0x4de5dd06f0fc769187432d34af569d2754b430141bd70aa4e4bb36dcd0ed330 computed for #2562
{"timestamp":"2026-09-14T17:10:58.8068757Z","level":"INFO","target":"close_block","message":"close_block_complete","block_number":2562,"tx_count":0,"event_count":0,"close_block_total_ms":20.791425999999998,"block_close_ms":20.791425999999998,"close_preconfirmed_ms":20.785141,"block_production_ms":20.800576,"batches_executed":0,"txs_added_to_block":0,"txs_executed":0,"txs_reverted":0,"txs_rejected":0,"classes_declared":0,"l2_gas_consumed":0,"state_diff_len":1,"declared_classes":0,"deployed_contracts":0,"storage_diffs":1,"nonce_updates":0,"consumed_l1_nonces":0,"bouncer_l1_gas":0,"bouncer_sierra_gas":0,"bouncer_n_events":0,"bouncer_message_segment_length":0,"bouncer_state_diff_size":0,"get_full_block_ms":0.0044,"commitments_ms":0.11007,"merklization_ms":9.131681,"contract_trie_ms":0.9631190000000001,"class_trie_ms":0.031918,"contract_storage_trie_commit_ms":2.968837,"contract_trie_commit_ms":2.784315,"class_trie_commit_ms":2.26518,"block_hash_ms":0.096871,"db_write_ms":6.994102000000001}
[2026-09-14 17:10:58:806] INFO ⛏️  Closed block #2562 with 0 transactions - 20.791426ms
[2026-09-14 17:10:58:807] RPC starknet_V0_10_2_getBlockWithReceipts 200 871 bytes - 83.000µs
[2026-09-14 17:10:58:807] RPC starknet_V0_10_2_getBlockWithReceipts 200 870 bytes - 46.000µs
[2026-09-14 17:10:58:812] RPC starknet_V0_10_2_getBlockWithReceipts 200 369 bytes - 36.000µs
[2026-09-14 17:10:58:813] RPC starknet_V0_10_2_getBlockWithReceipts 200 368 bytes - 28.000µs
[2026-09-14 17:10:58:949] RPC starknet_V0_10_2_getBlockWithTxHashes 200 369 bytes - 68.000µs
[2026-09-14 17:10:59:449] RPC starknet_V0_10_2_getBlockWithTxHashes 200 369 bytes - 88.000µs
[2026-09-14 17:10:59:949] RPC starknet_V0_10_2_getBlockWithTxHashes 200 369 bytes - 67.000µs
[2026-09-14 17:11:00:238] RPC starknet_V0_10_2_blockNumber 200 38 bytes - 10.000µs
[2026-09-14 17:11:00:451] RPC starknet_V0_10_2_getBlockWithTxHashes 200 369 bytes - 67.000µs
[2026-09-14 17:11:00:785] INFO Block 2563 final weights: BouncerWeights { l1_gas: 0, message_segment_length: 0, n_events: 0, state_diff_size: 0, sierra_gas: GasAmount(0), n_txs: 0, proving_gas: GasAmount(0), receipt_l2_gas: GasAmount(0) }.
[2026-09-14 17:11:00:792] INFO Block hash 0x1dc2551ba60036be449441d2e1a7bf8ab7db499bf2f5c9f82b1e056425d9c79 computed for #2563
{"timestamp":"2026-09-14T17:11:00.810221339Z","level":"INFO","target":"close_block","message":"close_block_complete","block_number":2563,"tx_count":0,"event_count":0,"close_block_total_ms":21.830883,"block_close_ms":21.830883,"close_preconfirmed_ms":21.821174,"block_production_ms":21.839053,"batches_executed":0,"txs_added_to_block":0,"txs_executed":0,"txs_reverted":0,"txs_rejected":0,"classes_declared":0,"l2_gas_consumed":0,"state_diff_len":1,"declared_classes":0,"deployed_contracts":0,"storage_diffs":1,"nonce_updates":0,"consumed_l1_nonces":0,"bouncer_l1_gas":0,"bouncer_sierra_gas":0,"bouncer_n_events":0,"bouncer_message_segment_length":0,"bouncer_state_diff_size":0,"get_full_block_ms":0.0032830000000000003,"commitments_ms":0.093449,"merklization_ms":9.900081,"contract_trie_ms":1.001532,"class_trie_ms":0.031778,"contract_storage_trie_commit_ms":3.323913,"contract_trie_commit_ms":2.9796620000000003,"class_trie_commit_ms":2.444115,"block_hash_ms":0.095963,"db_write_ms":7.388218999999999}
[2026-09-14 17:11:00:810] INFO ⛏️  Closed block #2563 with 0 transactions - 21.830883ms
[2026-09-14 17:11:00:810] RPC starknet_V0_10_2_getBlockWithReceipts 200 871 bytes - 65.000µs
[2026-09-14 17:11:00:810] RPC starknet_V0_10_2_getBlockWithReceipts 200 872 bytes - 68.000µs
[2026-09-14 17:11:00:815] RPC starknet_V0_10_2_getBlockWithReceipts 200 368 bytes - 39.000µs
[2026-09-14 17:11:00:815] RPC starknet_V0_10_2_getBlockWithReceipts 200 369 bytes - 34.000µs
[2026-09-14 17:11:00:951] RPC starknet_V0_10_2_getBlockWithTxHashes 200 369 bytes - 55.000µs
[2026-09-14 17:11:01:454] RPC starknet_V0_10_2_getBlockWithTxHashes 200 369 bytes - 122.000µs
[2026-09-14 17:11:01:955] RPC starknet_V0_10_2_getBlockWithTxHashes 200 369 bytes - 93.000µs
[2026-09-14 17:11:02:279] RPC starknet_V0_10_2_blockNumber 200 38 bytes - 10.000µs
[2026-09-14 17:11:02:455] RPC starknet_V0_10_2_getBlockWithTxHashes 200 369 bytes - 58.000µs
[2026-09-14 17:11:02:786] INFO Block 2564 final weights: BouncerWeights { l1_gas: 0, message_segment_length: 0, n_events: 0, state_diff_size: 0, sierra_gas: GasAmount(0), n_txs: 0, proving_gas: GasAmount(0), receipt_l2_gas: GasAmount(0) }.
[2026-09-14 17:11:02:792] INFO Block hash 0x109192b5acfc60cf074d97d678a100d905d5faf48e37a4b891edcdea560b090 computed for #2564
{"timestamp":"2026-09-14T17:11:02.808947289Z","level":"INFO","target":"close_block","message":"close_block_complete","block_number":2564,"tx_count":0,"event_count":0,"close_block_total_ms":20.153421,"block_close_ms":20.153421,"close_preconfirmed_ms":20.147135,"block_production_ms":20.160125,"batches_executed":0,"txs_added_to_block":0,"txs_executed":0,"txs_reverted":0,"txs_rejected":0,"classes_declared":0,"l2_gas_consumed":0,"state_diff_len":1,"declared_classes":0,"deployed_contracts":0,"storage_diffs":1,"nonce_updates":0,"consumed_l1_nonces":0,"bouncer_l1_gas":0,"bouncer_sierra_gas":0,"bouncer_n_events":0,"bouncer_message_segment_length":0,"bouncer_state_diff_size":0,"get_full_block_ms":0.002794,"commitments_ms":0.08534699999999999,"merklization_ms":8.700966,"contract_trie_ms":0.707777,"class_trie_ms":0.029543000000000003,"contract_storage_trie_commit_ms":2.842842,"contract_trie_commit_ms":2.658808,"class_trie_commit_ms":2.383702,"block_hash_ms":0.06837499999999999,"db_write_ms":7.194757}
[2026-09-14 17:11:02:809] INFO ⛏️  Closed block #2564 with 0 transactions - 20.153421ms
[2026-09-14 17:11:02:809] RPC starknet_V0_10_2_getBlockWithReceipts 200 871 bytes - 49.000µs
[2026-09-14 17:11:02:809] RPC starknet_V0_10_2_getBlockWithReceipts 200 872 bytes - 59.000µs
[2026-09-14 17:11:02:813] RPC starknet_V0_10_2_getBlockWithReceipts 200 368 bytes - 31.000µs
[2026-09-14 17:11:02:815] RPC starknet_V0_10_2_getBlockWithReceipts 200 369 bytes - 28.000µs
[2026-09-14 17:11:02:956] RPC starknet_V0_10_2_getBlockWithTxHashes 200 369 bytes - 94.000µs
[2026-09-14 17:11:03:456] RPC starknet_V0_10_2_getBlockWithTxHashes 200 369 bytes - 94.000µs
[2026-09-14 17:11:03:957] RPC starknet_V0_10_2_getBlockWithTxHashes 200 369 bytes - 131.000µs
[2026-09-14 17:11:04:318] RPC starknet_V0_10_2_blockNumber 200 38 bytes - 11.000µs
[2026-09-14 17:11:04:457] RPC starknet_V0_10_2_getBlockWithTxHashes 200 369 bytes - 92.000µs
[2026-09-14 17:11:04:788] INFO Block 2565 final weights: BouncerWeights { l1_gas: 0, message_segment_length: 0, n_events: 0, state_diff_size: 0, sierra_gas: GasAmount(0), n_txs: 0, proving_gas: GasAmount(0), receipt_l2_gas: GasAmount(0) }.
[2026-09-14 17:11:04:796] INFO Block hash 0x46281789ebf9e44f2f4c85cdeeeb3236277a00bfa29d80943e5e4980fdb291f computed for #2565
{"timestamp":"2026-09-14T17:11:04.813887905Z","level":"INFO","target":"close_block","message":"close_block_complete","block_number":2565,"tx_count":0,"event_count":0,"close_block_total_ms":21.868177999999997,"block_close_ms":21.868177999999997,"close_preconfirmed_ms":21.860215999999998,"block_production_ms":21.875721000000002,"batches_executed":0,"txs_added_to_block":0,"txs_executed":0,"txs_reverted":0,"txs_rejected":0,"classes_declared":0,"l2_gas_consumed":0,"state_diff_len":1,"declared_classes":0,"deployed_contracts":0,"storage_diffs":1,"nonce_updates":0,"consumed_l1_nonces":0,"bouncer_l1_gas":0,"bouncer_sierra_gas":0,"bouncer_n_events":0,"bouncer_message_segment_length":0,"bouncer_state_diff_size":0,"get_full_block_ms":0.003353,"commitments_ms":0.092471,"merklization_ms":9.608421,"contract_trie_ms":1.039875,"class_trie_ms":0.045747,"contract_storage_trie_commit_ms":3.2685280000000003,"contract_trie_commit_ms":2.7478569999999998,"class_trie_commit_ms":2.3978099999999998,"block_hash_ms":0.098058,"db_write_ms":7.529509}
[2026-09-14 17:11:04:813] INFO ⛏️  Closed block #2565 with 0 transactions - 21.868178ms
[2026-09-14 17:11:04:814] RPC starknet_V0_10_2_getBlockWithReceipts 200 871 bytes - 71.000µs
[2026-09-14 17:11:04:814] RPC starknet_V0_10_2_getBlockWithReceipts 200 870 bytes - 49.000µs
[2026-09-14 17:11:04:820] RPC starknet_V0_10_2_getBlockWithReceipts 200 368 bytes - 67.000µs
[2026-09-14 17:11:04:821] RPC starknet_V0_10_2_getBlockWithReceipts 200 369 bytes - 36.000µs
[2026-09-14 17:11:04:957] RPC starknet_V0_10_2_getBlockWithTxHashes 200 369 bytes - 66.000µs
[2026-09-14 17:11:05:458] RPC starknet_V0_10_2_getBlockWithTxHashes 200 369 bytes - 151.000µs
[2026-09-14 17:11:05:958] RPC starknet_V0_10_2_getBlockWithTxHashes 200 369 bytes - 64.000µs
[2026-09-14 17:11:06:360] RPC starknet_V0_10_2_blockNumber 200 38 bytes - 10.000µs
[2026-09-14 17:11:06:459] RPC starknet_V0_10_2_getBlockWithTxHashes 200 369 bytes - 90.000µs
[2026-09-14 17:11:06:790] INFO Block 2566 final weights: BouncerWeights { l1_gas: 0, message_segment_length: 0, n_events: 0, state_diff_size: 0, sierra_gas: GasAmount(0), n_txs: 0, proving_gas: GasAmount(0), receipt_l2_gas: GasAmount(0) }.
[2026-09-14 17:11:06:796] INFO Block hash 0x660398661120e6820b0e790cb6a7d5fa7b31c6bbc1e83205ae83325fa31d767 computed for #2566
{"timestamp":"2026-09-14T17:11:06.814357038Z","level":"INFO","target":"close_block","message":"close_block_complete","block_number":2566,"tx_count":0,"event_count":0,"close_block_total_ms":21.771866,"block_close_ms":21.771866,"close_preconfirmed_ms":21.763834,"block_production_ms":21.778501,"batches_executed":0,"txs_added_to_block":0,"txs_executed":0,"txs_reverted":0,"txs_rejected":0,"classes_declared":0,"l2_gas_consumed":0,"state_diff_len":1,"declared_classes":0,"deployed_contracts":0,"storage_diffs":1,"nonce_updates":0,"consumed_l1_nonces":0,"bouncer_l1_gas":0,"bouncer_sierra_gas":0,"bouncer_n_events":0,"bouncer_message_segment_length":0,"bouncer_state_diff_size":0,"get_full_block_ms":0.003911,"commitments_ms":0.116496,"merklization_ms":9.774155,"contract_trie_ms":0.946217,"class_trie_ms":0.026749000000000002,"contract_storage_trie_commit_ms":3.1350610000000003,"contract_trie_commit_ms":3.02932,"class_trie_commit_ms":2.515144,"block_hash_ms":0.094915,"db_write_ms":7.308109999999999}
[2026-09-14 17:11:06:814] INFO ⛏️  Closed block #2566 with 0 transactions - 21.771866ms
[2026-09-14 17:11:06:814] RPC starknet_V0_10_2_getBlockWithReceipts 200 872 bytes - 62.000µs
[2026-09-14 17:11:06:815] RPC starknet_V0_10_2_getBlockWithReceipts 200 871 bytes - 43.000µs
[2026-09-14 17:11:06:820] RPC starknet_V0_10_2_getBlockWithReceipts 200 369 bytes - 60.000µs
[2026-09-14 17:11:06:821] RPC starknet_V0_10_2_getBlockWithReceipts 200 368 bytes - 28.000µs
[2026-09-14 17:11:06:958] RPC starknet_V0_10_2_getBlockWithTxHashes 200 369 bytes - 64.000µs
[2026-09-14 17:11:07:459] RPC starknet_V0_10_2_getBlockWithTxHashes 200 369 bytes - 103.000µs
[2026-09-14 17:11:07:959] RPC starknet_V0_10_2_getBlockWithTxHashes 200 369 bytes - 54.000µs
[2026-09-14 17:11:08:399] RPC starknet_V0_10_2_blockNumber 200 38 bytes - 15.000µs
[2026-09-14 17:11:08:459] RPC starknet_V0_10_2_getBlockWithTxHashes 200 369 bytes - 65.000µs
[2026-09-14 17:11:08:791] INFO Block 2567 final weights: BouncerWeights { l1_gas: 0, message_segment_length: 0, n_events: 0, state_diff_size: 0, sierra_gas: GasAmount(0), n_txs: 0, proving_gas: GasAmount(0), receipt_l2_gas: GasAmount(0) }.
[2026-09-14 17:11:08:797] INFO Block hash 0x71198731d03bfadc1bd5000bb2c93eca6934e9b51f0645423a4d319279d9d87 computed for #2567
{"timestamp":"2026-09-14T17:11:08.814630753Z","level":"INFO","target":"close_block","message":"close_block_complete","block_number":2567,"tx_count":0,"event_count":0,"close_block_total_ms":21.132044999999998,"block_close_ms":21.132044999999998,"close_preconfirmed_ms":21.126387,"block_production_ms":21.137771,"batches_executed":0,"txs_added_to_block":0,"txs_executed":0,"txs_reverted":0,"txs_rejected":0,"classes_declared":0,"l2_gas_consumed":0,"state_diff_len":1,"declared_classes":0,"deployed_contracts":0,"storage_diffs":1,"nonce_updates":0,"consumed_l1_nonces":0,"bouncer_l1_gas":0,"bouncer_sierra_gas":0,"bouncer_n_events":0,"bouncer_message_segment_length":0,"bouncer_state_diff_size":0,"get_full_block_ms":0.0027930000000000003,"commitments_ms":0.12348,"merklization_ms":9.914677000000001,"contract_trie_ms":0.978764,"class_trie_ms":0.027657,"contract_storage_trie_commit_ms":3.331036,"contract_trie_commit_ms":3.0327420000000003,"class_trie_commit_ms":2.426236,"block_hash_ms":0.09589199999999999,"db_write_ms":6.971054}
[2026-09-14 17:11:08:814] INFO ⛏️  Closed block #2567 with 0 transactions - 21.132045ms
[2026-09-14 17:11:08:814] RPC starknet_V0_10_2_getBlockWithReceipts 200 872 bytes - 46.000µs
[2026-09-14 17:11:08:815] RPC starknet_V0_10_2_getBlockWithReceipts 200 871 bytes - 31.000µs
[2026-09-14 17:11:08:818] RPC starknet_V0_10_2_getBlockWithReceipts 200 369 bytes - 31.000µs
[2026-09-14 17:11:08:820] RPC starknet_V0_10_2_getBlockWithReceipts 200 368 bytes - 20.000µs
[2026-09-14 17:11:08:960] RPC starknet_V0_10_2_getBlockWithTxHashes 200 369 bytes - 120.000µs
[2026-09-14 17:11:09:460] RPC starknet_V0_10_2_getBlockWithTxHashes 200 369 bytes - 99.000µs
[2026-09-14 17:11:09:961] RPC starknet_V0_10_2_getBlockWithTxHashes 200 369 bytes - 131.000µs
[2026-09-14 17:11:10:439] RPC starknet_V0_10_2_blockNumber 200 38 bytes - 10.000µs
[2026-09-14 17:11:10:461] RPC starknet_V0_10_2_getBlockWithTxHashes 200 369 bytes - 64.000µs
[2026-09-14 17:11:10:793] INFO Block 2568 final weights: BouncerWeights { l1_gas: 0, message_segment_length: 0, n_events: 0, state_diff_size: 0, sierra_gas: GasAmount(0), n_txs: 0, proving_gas: GasAmount(0), receipt_l2_gas: GasAmount(0) }.
[2026-09-14 17:11:10:800] INFO Block hash 0x351f9fa9be83bcb4d6bd9db0e6db6d4e689d6e095288c6bac3d6d48ae48d12c computed for #2568
{"timestamp":"2026-09-14T17:11:10.818115656Z","level":"INFO","target":"close_block","message":"close_block_complete","block_number":2568,"tx_count":0,"event_count":0,"close_block_total_ms":22.192034,"block_close_ms":22.192034,"close_preconfirmed_ms":22.185889,"block_production_ms":22.197272,"batches_executed":0,"txs_added_to_block":0,"txs_executed":0,"txs_reverted":0,"txs_rejected":0,"classes_declared":0,"l2_gas_consumed":0,"state_diff_len":1,"declared_classes":0,"deployed_contracts":0,"storage_diffs":1,"nonce_updates":0,"consumed_l1_nonces":0,"bouncer_l1_gas":0,"bouncer_sierra_gas":0,"bouncer_n_events":0,"bouncer_message_segment_length":0,"bouncer_state_diff_size":0,"get_full_block_ms":0.003352,"commitments_ms":0.09016600000000001,"merklization_ms":9.782676,"contract_trie_ms":0.9849800000000001,"class_trie_ms":0.043232,"contract_storage_trie_commit_ms":3.214121,"contract_trie_commit_ms":2.997961,"class_trie_commit_ms":2.44202,"block_hash_ms":0.096801,"db_write_ms":7.518404}
[2026-09-14 17:11:10:818] INFO ⛏️  Closed block #2568 with 0 transactions - 22.192034ms
[2026-09-14 17:11:10:818] RPC starknet_V0_10_2_getBlockWithReceipts 200 872 bytes - 64.000µs
[2026-09-14 17:11:10:818] RPC starknet_V0_10_2_getBlockWithReceipts 200 871 bytes - 44.000µs
[2026-09-14 17:11:10:824] RPC starknet_V0_10_2_getBlockWithReceipts 200 369 bytes - 43.000µs
[2026-09-14 17:11:10:824] RPC starknet_V0_10_2_getBlockWithReceipts 200 368 bytes - 36.000µs
[2026-09-14 17:11:10:961] RPC starknet_V0_10_2_getBlockWithTxHashes 200 369 bytes - 73.000µs
[2026-09-14 17:11:11:461] RPC starknet_V0_10_2_getBlockWithTxHashes 200 369 bytes - 81.000µs
[2026-09-14 17:11:11:962] RPC starknet_V0_10_2_getBlockWithTxHashes 200 369 bytes - 67.000µs
[2026-09-14 17:11:12:462] RPC starknet_V0_10_2_getBlockWithTxHashes 200 369 bytes - 57.000µs
[2026-09-14 17:11:12:479] RPC starknet_V0_10_2_blockNumber 200 38 bytes - 10.000µs
[2026-09-14 17:11:12:794] INFO Block 2569 final weights: BouncerWeights { l1_gas: 0, message_segment_length: 0, n_events: 0, state_diff_size: 0, sierra_gas: GasAmount(0), n_txs: 0, proving_gas: GasAmount(0), receipt_l2_gas: GasAmount(0) }.
[2026-09-14 17:11:12:801] INFO Block hash 0x6ebb2a5596e5ed6dc70c2686aac6918e36c6ead3015c71bd09730e01e9b5a97 computed for #2569
{"timestamp":"2026-09-14T17:11:12.819297664Z","level":"INFO","target":"close_block","message":"close_block_complete","block_number":2569,"tx_count":0,"event_count":0,"close_block_total_ms":22.190428,"block_close_ms":22.190428,"close_preconfirmed_ms":22.182815,"block_production_ms":22.196085,"batches_executed":0,"txs_added_to_block":0,"txs_executed":0,"txs_reverted":0,"txs_rejected":0,"classes_declared":0,"l2_gas_consumed":0,"state_diff_len":1,"declared_classes":0,"deployed_contracts":0,"storage_diffs":1,"nonce_updates":0,"consumed_l1_nonces":0,"bouncer_l1_gas":0,"bouncer_sierra_gas":0,"bouncer_n_events":0,"bouncer_message_segment_length":0,"bouncer_state_diff_size":0,"get_full_block_ms":0.00433,"commitments_ms":0.10846399999999999,"merklization_ms":9.836523999999999,"contract_trie_ms":1.0331,"class_trie_ms":0.027588,"contract_storage_trie_commit_ms":3.1437209999999998,"contract_trie_commit_ms":3.036932,"class_trie_commit_ms":2.457944,"block_hash_ms":0.108604,"db_write_ms":7.445069999999999}
[2026-09-14 17:11:12:819] INFO ⛏️  Closed block #2569 with 0 transactions - 22.190428ms
[2026-09-14 17:11:12:819] RPC starknet_V0_10_2_getBlockWithReceipts 200 870 bytes - 70.000µs
[2026-09-14 17:11:12:819] RPC starknet_V0_10_2_getBlockWithReceipts 200 871 bytes - 60.000µs
[2026-09-14 17:11:12:825] RPC starknet_V0_10_2_getBlockWithReceipts 200 368 bytes - 47.000µs
[2026-09-14 17:11:12:827] RPC starknet_V0_10_2_getBlockWithReceipts 200 369 bytes - 31.000µs
[2026-09-14 17:11:12:962] RPC starknet_V0_10_2_getBlockWithTxHashes 200 369 bytes - 57.000µs
[2026-09-14 17:11:13:462] RPC starknet_V0_10_2_getBlockWithTxHashes 200 369 bytes - 74.000µs
[2026-09-14 17:11:13:963] RPC starknet_V0_10_2_getBlockWithTxHashes 200 369 bytes - 66.000µs
[2026-09-14 17:11:14:463] RPC starknet_V0_10_2_getBlockWithTxHashes 200 369 bytes - 56.000µs
[2026-09-14 17:11:14:520] RPC starknet_V0_10_2_blockNumber 200 38 bytes - 10.000µs
[2026-09-14 17:11:14:796] INFO Block 2570 final weights: BouncerWeights { l1_gas: 0, message_segment_length: 0, n_events: 0, state_diff_size: 0, sierra_gas: GasAmount(0), n_txs: 0, proving_gas: GasAmount(0), receipt_l2_gas: GasAmount(0) }.
[2026-09-14 17:11:14:803] INFO Block hash 0x31eb8bc2415cda90085facdbf8821ce8edd071c20f3ccef27e8cd9e7efdc3a2 computed for #2570
{"timestamp":"2026-09-14T17:11:14.821895366Z","level":"INFO","target":"close_block","message":"close_block_complete","block_number":2570,"tx_count":0,"event_count":0,"close_block_total_ms":22.353508,"block_close_ms":22.353508,"close_preconfirmed_ms":22.346314999999997,"block_production_ms":22.360633,"batches_executed":0,"txs_added_to_block":0,"txs_executed":0,"txs_reverted":0,"txs_rejected":0,"classes_declared":0,"l2_gas_consumed":0,"state_diff_len":1,"declared_classes":0,"deployed_contracts":0,"storage_diffs":1,"nonce_updates":0,"consumed_l1_nonces":0,"bouncer_l1_gas":0,"bouncer_sierra_gas":0,"bouncer_n_events":0,"bouncer_message_segment_length":0,"bouncer_state_diff_size":0,"get_full_block_ms":0.010197000000000001,"commitments_ms":0.12075699999999999,"merklization_ms":9.807260999999999,"contract_trie_ms":0.727053,"class_trie_ms":0.029543000000000003,"contract_storage_trie_commit_ms":3.141207,"contract_trie_commit_ms":3.200363,"class_trie_commit_ms":2.571227,"block_hash_ms":0.10867399999999999,"db_write_ms":7.624842}
[2026-09-14 17:11:14:821] INFO ⛏️  Closed block #2570 with 0 transactions - 22.353508ms
[2026-09-14 17:11:14:822] RPC starknet_V0_10_2_getBlockWithReceipts 200 871 bytes - 87.000µs
[2026-09-14 17:11:14:822] RPC starknet_V0_10_2_getBlockWithReceipts 200 872 bytes - 56.000µs
[2026-09-14 17:11:14:828] RPC starknet_V0_10_2_getBlockWithReceipts 200 368 bytes - 38.000µs
[2026-09-14 17:11:14:829] RPC starknet_V0_10_2_getBlockWithReceipts 200 369 bytes - 24.000µs
[2026-09-14 17:11:14:964] RPC starknet_V0_10_2_getBlockWithTxHashes 200 369 bytes - 93.000µs
[2026-09-14 17:11:15:463] RPC starknet_V0_10_2_getBlockWithTxHashes 200 369 bytes - 63.000µs
[2026-09-14 17:11:15:964] RPC starknet_V0_10_2_getBlockWithTxHashes 200 369 bytes - 91.000µs
[2026-09-14 17:11:16:464] RPC starknet_V0_10_2_getBlockWithTxHashes 200 369 bytes - 81.000µs
[2026-09-14 17:11:16:556] RPC starknet_V0_10_2_blockNumber 200 38 bytes - 11.000µs
[2026-09-14 17:11:16:798] INFO Block 2571 final weights: BouncerWeights { l1_gas: 0, message_segment_length: 0, n_events: 0, state_diff_size: 0, sierra_gas: GasAmount(0), n_txs: 0, proving_gas: GasAmount(0), receipt_l2_gas: GasAmount(0) }.
[2026-09-14 17:11:16:804] INFO Block hash 0x3f2f04f6a20b5649315d038c26e17d534e19826e853b3e641abd879b3dcb1ec computed for #2571
{"timestamp":"2026-09-14T17:11:16.820567329Z","level":"INFO","target":"close_block","message":"close_block_complete","block_number":2571,"tx_count":0,"event_count":0,"close_block_total_ms":19.644832,"block_close_ms":19.644832,"close_preconfirmed_ms":19.637639,"block_production_ms":19.651887,"batches_executed":0,"txs_added_to_block":0,"txs_executed":0,"txs_reverted":0,"txs_rejected":0,"classes_declared":0,"l2_gas_consumed":0,"state_diff_len":1,"declared_classes":0,"deployed_contracts":0,"storage_diffs":1,"nonce_updates":0,"consumed_l1_nonces":0,"bouncer_l1_gas":0,"bouncer_sierra_gas":0,"bouncer_n_events":0,"bouncer_message_segment_length":0,"bouncer_state_diff_size":0,"get_full_block_ms":0.006216,"commitments_ms":0.10692800000000001,"merklization_ms":8.516654,"contract_trie_ms":0.796546,"class_trie_ms":0.03527,"contract_storage_trie_commit_ms":2.714822,"contract_trie_commit_ms":2.6941479999999998,"class_trie_commit_ms":2.15483,"block_hash_ms":0.09882600000000001,"db_write_ms":6.719552999999999}
[2026-09-14 17:11:16:820] INFO ⛏️  Closed block #2571 with 0 transactions - 19.644832ms
[2026-09-14 17:11:16:821] RPC starknet_V0_10_2_getBlockWithReceipts 200 871 bytes - 72.000µs
[2026-09-14 17:11:16:821] RPC starknet_V0_10_2_getBlockWithReceipts 200 872 bytes - 75.000µs
[2026-09-14 17:11:16:826] RPC starknet_V0_10_2_getBlockWithReceipts 200 369 bytes - 38.000µs
[2026-09-14 17:11:16:827] RPC starknet_V0_10_2_getBlockWithReceipts 200 368 bytes - 25.000µs
[2026-09-14 17:11:16:964] RPC starknet_V0_10_2_getBlockWithTxHashes 200 369 bytes - 98.000µs
[2026-09-14 17:11:17:465] RPC starknet_V0_10_2_getBlockWithTxHashes 200 369 bytes - 62.000µs
[2026-09-14 17:11:17:966] RPC starknet_V0_10_2_getBlockWithTxHashes 200 369 bytes - 91.000µs
[2026-09-14 17:11:18:467] RPC starknet_V0_10_2_getBlockWithTxHashes 200 369 bytes - 127.000µs
[2026-09-14 17:11:18:596] RPC starknet_V0_10_2_blockNumber 200 38 bytes - 11.000µs
[2026-09-14 17:11:18:799] INFO Block 2572 final weights: BouncerWeights { l1_gas: 0, message_segment_length: 0, n_events: 0, state_diff_size: 0, sierra_gas: GasAmount(0), n_txs: 0, proving_gas: GasAmount(0), receipt_l2_gas: GasAmount(0) }.
[2026-09-14 17:11:18:805] INFO Block hash 0x6aad0b21ff6e24427ba0c5b37f625656be4db55350d0ff10bbc8c7d31e646b6 computed for #2572
{"timestamp":"2026-09-14T17:11:18.821987707Z","level":"INFO","target":"close_block","message":"close_block_complete","block_number":2572,"tx_count":0,"event_count":0,"close_block_total_ms":20.154678,"block_close_ms":20.154678,"close_preconfirmed_ms":20.147554000000003,"block_production_ms":20.16229,"batches_executed":0,"txs_added_to_block":0,"txs_executed":0,"txs_reverted":0,"txs_rejected":0,"classes_declared":0,"l2_gas_consumed":0,"state_diff_len":1,"declared_classes":0,"deployed_contracts":0,"storage_diffs":1,"nonce_updates":0,"consumed_l1_nonces":0,"bouncer_l1_gas":0,"bouncer_sierra_gas":0,"bouncer_n_events":0,"bouncer_message_segment_length":0,"bouncer_state_diff_size":0,"get_full_block_ms":0.003701,"commitments_ms":0.105531,"merklization_ms":8.924111,"contract_trie_ms":1.105108,"class_trie_ms":0.031499,"contract_storage_trie_commit_ms":2.826429,"contract_trie_commit_ms":2.6007000000000002,"class_trie_commit_ms":2.238431,"block_hash_ms":0.096801,"db_write_ms":6.810557}
[2026-09-14 17:11:18:822] INFO ⛏️  Closed block #2572 with 0 transactions - 20.154678ms
[2026-09-14 17:11:18:822] RPC starknet_V0_10_2_getBlockWithReceipts 200 872 bytes - 91.000µs
[2026-09-14 17:11:18:822] RPC starknet_V0_10_2_getBlockWithReceipts 200 871 bytes - 66.000µs
[2026-09-14 17:11:18:827] RPC starknet_V0_10_2_getBlockWithReceipts 200 369 bytes - 41.000µs
[2026-09-14 17:11:18:829] RPC starknet_V0_10_2_getBlockWithReceipts 200 368 bytes - 30.000µs
[2026-09-14 17:11:18:967] RPC starknet_V0_10_2_getBlockWithTxHashes 200 369 bytes - 65.000µs
[2026-09-14 17:11:19:467] RPC starknet_V0_10_2_getBlockWithTxHashes 200 369 bytes - 60.000µs
[2026-09-14 17:11:19:968] RPC starknet_V0_10_2_getBlockWithTxHashes 200 369 bytes - 61.000µs
[2026-09-14 17:11:20:469] RPC starknet_V0_10_2_getBlockWithTxHashes 200 369 bytes - 72.000µs
[2026-09-14 17:11:20:636] RPC starknet_V0_10_2_blockNumber 200 38 bytes - 11.000µs
[2026-09-14 17:11:20:800] INFO Block 2573 final weights: BouncerWeights { l1_gas: 0, message_segment_length: 0, n_events: 0, state_diff_size: 0, sierra_gas: GasAmount(0), n_txs: 0, proving_gas: GasAmount(0), receipt_l2_gas: GasAmount(0) }.
[2026-09-14 17:11:20:806] INFO Block hash 0x3a9dfb506fd91103a9f46b7707b979ebe4ba9191bcd7d2f76a118e866f41681 computed for #2573
{"timestamp":"2026-09-14T17:11:20.822872748Z","level":"INFO","target":"close_block","message":"close_block_complete","block_number":2573,"tx_count":0,"event_count":0,"close_block_total_ms":19.930346,"block_close_ms":19.930346,"close_preconfirmed_ms":19.923572,"block_production_ms":19.935515000000002,"batches_executed":0,"txs_added_to_block":0,"txs_executed":0,"txs_reverted":0,"txs_rejected":0,"classes_declared":0,"l2_gas_consumed":0,"state_diff_len":1,"declared_classes":0,"deployed_contracts":0,"storage_diffs":1,"nonce_updates":0,"consumed_l1_nonces":0,"bouncer_l1_gas":0,"bouncer_sierra_gas":0,"bouncer_n_events":0,"bouncer_message_segment_length":0,"bouncer_state_diff_size":0,"get_full_block_ms":0.004261,"commitments_ms":0.091632,"merklization_ms":8.607936,"contract_trie_ms":0.842642,"class_trie_ms":0.02647,"contract_storage_trie_commit_ms":2.7359139999999997,"contract_trie_commit_ms":2.603215,"class_trie_commit_ms":2.2818729999999996,"block_hash_ms":0.09582299999999999,"db_write_ms":6.899744999999999}
[2026-09-14 17:11:20:822] INFO ⛏️  Closed block #2573 with 0 transactions - 19.930346ms
[2026-09-14 17:11:20:823] RPC starknet_V0_10_2_getBlockWithReceipts 200 872 bytes - 77.000µs
[2026-09-14 17:11:20:823] RPC starknet_V0_10_2_getBlockWithReceipts 200 871 bytes - 57.000µs
[2026-09-14 17:11:20:827] RPC starknet_V0_10_2_getBlockWithReceipts 200 369 bytes - 40.000µs
[2026-09-14 17:11:20:828] RPC starknet_V0_10_2_getBlockWithReceipts 200 368 bytes - 32.000µs
[2026-09-14 17:11:20:970] RPC starknet_V0_10_2_getBlockWithTxHashes 200 369 bytes - 67.000µs
[2026-09-14 17:11:21:471] RPC starknet_V0_10_2_getBlockWithTxHashes 200 369 bytes - 66.000µs
[2026-09-14 17:11:21:972] RPC starknet_V0_10_2_getBlockWithTxHashes 200 369 bytes - 124.000µs
[2026-09-14 17:11:22:474] RPC starknet_V0_10_2_getBlockWithTxHashes 200 369 bytes - 56.000µs
[2026-09-14 17:11:22:672] RPC starknet_V0_10_2_blockNumber 200 38 bytes - 10.000µs
[2026-09-14 17:11:22:802] INFO Block 2574 final weights: BouncerWeights { l1_gas: 0, message_segment_length: 0, n_events: 0, state_diff_size: 0, sierra_gas: GasAmount(0), n_txs: 0, proving_gas: GasAmount(0), receipt_l2_gas: GasAmount(0) }.
[2026-09-14 17:11:22:808] INFO Block hash 0x189735ed2da2d37d45aa65b8de1373fac39e87ee2aae36c502e4a4bfae76c9e computed for #2574
{"timestamp":"2026-09-14T17:11:22.824100502Z","level":"INFO","target":"close_block","message":"close_block_complete","block_number":2574,"tx_count":0,"event_count":0,"close_block_total_ms":19.517720999999998,"block_close_ms":19.517720999999998,"close_preconfirmed_ms":19.511574,"block_production_ms":19.524356,"batches_executed":0,"txs_added_to_block":0,"txs_executed":0,"txs_reverted":0,"txs_rejected":0,"classes_declared":0,"l2_gas_consumed":0,"state_diff_len":1,"declared_classes":0,"deployed_contracts":0,"storage_diffs":1,"nonce_updates":0,"consumed_l1_nonces":0,"bouncer_l1_gas":0,"bouncer_sierra_gas":0,"bouncer_n_events":0,"bouncer_message_segment_length":0,"bouncer_state_diff_size":0,"get_full_block_ms":0.003772,"commitments_ms":0.110211,"merklization_ms":8.434799,"contract_trie_ms":0.767422,"class_trie_ms":0.027168,"contract_storage_trie_commit_ms":2.658529,"contract_trie_commit_ms":2.623958,"class_trie_commit_ms":2.240805,"block_hash_ms":0.094846,"db_write_ms":6.84869}
[2026-09-14 17:11:22:824] INFO ⛏️  Closed block #2574 with 0 transactions - 19.517721ms
[2026-09-14 17:11:22:824] RPC starknet_V0_10_2_getBlockWithReceipts 200 872 bytes - 77.000µs
[2026-09-14 17:11:22:824] RPC starknet_V0_10_2_getBlockWithReceipts 200 871 bytes - 85.000µs
[2026-09-14 17:11:22:831] RPC starknet_V0_10_2_getBlockWithReceipts 200 368 bytes - 59.000µs
[2026-09-14 17:11:22:831] RPC starknet_V0_10_2_getBlockWithReceipts 200 369 bytes - 50.000µs
[2026-09-14 17:11:22:974] RPC starknet_V0_10_2_getBlockWithTxHashes 200 369 bytes - 128.000µs
[2026-09-14 17:11:23:474] RPC starknet_V0_10_2_getBlockWithTxHashes 200 369 bytes - 61.000µs
[2026-09-14 17:11:23:975] RPC starknet_V0_10_2_getBlockWithTxHashes 200 369 bytes - 107.000µs
[2026-09-14 17:11:24:477] RPC starknet_V0_10_2_getBlockWithTxHashes 200 369 bytes - 108.000µs
[2026-09-14 17:11:24:712] RPC starknet_V0_10_2_blockNumber 200 38 bytes - 10.000µs
[2026-09-14 17:11:24:803] INFO Block 2575 final weights: BouncerWeights { l1_gas: 0, message_segment_length: 0, n_events: 0, state_diff_size: 0, sierra_gas: GasAmount(0), n_txs: 0, proving_gas: GasAmount(0), receipt_l2_gas: GasAmount(0) }.
[2026-09-14 17:11:24:808] INFO Block hash 0x3b85ed249190a238113211c1e12db698317d10813927720225d7df2df1d954c computed for #2575
{"timestamp":"2026-09-14T17:11:24.82423621Z","level":"INFO","target":"close_block","message":"close_block_complete","block_number":2575,"tx_count":0,"event_count":0,"close_block_total_ms":18.681086,"block_close_ms":18.681086,"close_preconfirmed_ms":18.672983000000002,"block_production_ms":18.686812,"batches_executed":0,"txs_added_to_block":0,"txs_executed":0,"txs_reverted":0,"txs_rejected":0,"classes_declared":0,"l2_gas_consumed":0,"state_diff_len":1,"declared_classes":0,"deployed_contracts":0,"storage_diffs":1,"nonce_updates":0,"consumed_l1_nonces":0,"bouncer_l1_gas":0,"bouncer_sierra_gas":0,"bouncer_n_events":0,"bouncer_message_segment_length":0,"bouncer_state_diff_size":0,"get_full_block_ms":0.0029330000000000003,"commitments_ms":0.091632,"merklization_ms":8.052555,"contract_trie_ms":0.648132,"class_trie_ms":0.021651,"contract_storage_trie_commit_ms":2.483995,"contract_trie_commit_ms":2.596859,"class_trie_commit_ms":2.215313,"block_hash_ms":0.069144,"db_write_ms":6.7592229999999995}
[2026-09-14 17:11:24:824] INFO ⛏️  Closed block #2575 with 0 transactions - 18.681086ms
[2026-09-14 17:11:24:824] RPC starknet_V0_10_2_getBlockWithReceipts 200 872 bytes - 49.000µs
[2026-09-14 17:11:24:824] RPC starknet_V0_10_2_getBlockWithReceipts 200 871 bytes - 32.000µs
[2026-09-14 17:11:24:829] RPC starknet_V0_10_2_getBlockWithReceipts 200 369 bytes - 30.000µs
[2026-09-14 17:11:24:830] RPC starknet_V0_10_2_getBlockWithReceipts 200 368 bytes - 20.000µs
[2026-09-14 17:11:24:977] RPC starknet_V0_10_2_getBlockWithTxHashes 200 369 bytes - 99.000µs
[2026-09-14 17:11:25:479] RPC starknet_V0_10_2_getBlockWithTxHashes 200 369 bytes - 67.000µs
[2026-09-14 17:11:25:979] RPC starknet_V0_10_2_getBlockWithTxHashes 200 369 bytes - 77.000µs
[2026-09-14 17:11:26:481] RPC starknet_V0_10_2_getBlockWithTxHashes 200 369 bytes - 54.000µs
[2026-09-14 17:11:26:753] RPC starknet_V0_10_2_blockNumber 200 38 bytes - 10.000µs
[2026-09-14 17:11:26:805] INFO Block 2576 final weights: BouncerWeights { l1_gas: 0, message_segment_length: 0, n_events: 0, state_diff_size: 0, sierra_gas: GasAmount(0), n_txs: 0, proving_gas: GasAmount(0), receipt_l2_gas: GasAmount(0) }.
[2026-09-14 17:11:26:810] INFO Block hash 0x6d8bc2c03ccee386e10fa0c9b89de3144bf97bb5265aea4635cf2f9dccf1134 computed for #2576
{"timestamp":"2026-09-14T17:11:26.827576261Z","level":"INFO","target":"close_block","message":"close_block_complete","block_number":2576,"tx_count":0,"event_count":0,"close_block_total_ms":20.272781,"block_close_ms":20.272781,"close_preconfirmed_ms":20.265657,"block_production_ms":20.278926,"batches_executed":0,"txs_added_to_block":0,"txs_executed":0,"txs_reverted":0,"txs_rejected":0,"classes_declared":0,"l2_gas_consumed":0,"state_diff_len":1,"declared_classes":0,"deployed_contracts":0,"storage_diffs":1,"nonce_updates":0,"consumed_l1_nonces":0,"bouncer_l1_gas":0,"bouncer_sierra_gas":0,"bouncer_n_events":0,"bouncer_message_segment_length":0,"bouncer_state_diff_size":0,"get_full_block_ms":0.003282,"commitments_ms":0.091493,"merklization_ms":9.091940999999998,"contract_trie_ms":0.805555,"class_trie_ms":0.02633,"contract_storage_trie_commit_ms":2.8910329999999997,"contract_trie_commit_ms":2.7358450000000003,"class_trie_commit_ms":2.518287,"block_hash_ms":0.095473,"db_write_ms":6.771446}
[2026-09-14 17:11:26:827] INFO ⛏️  Closed block #2576 with 0 transactions - 20.272781ms
[2026-09-14 17:11:26:827] RPC starknet_V0_10_2_getBlockWithReceipts 200 871 bytes - 53.000µs
[2026-09-14 17:11:26:828] RPC starknet_V0_10_2_getBlockWithReceipts 200 872 bytes - 53.000µs
[2026-09-14 17:11:26:834] RPC starknet_V0_10_2_getBlockWithReceipts 200 369 bytes - 52.000µs
[2026-09-14 17:11:26:834] RPC starknet_V0_10_2_getBlockWithReceipts 200 368 bytes - 58.000µs
[2026-09-14 17:11:26:981] RPC starknet_V0_10_2_getBlockWithTxHashes 200 369 bytes - 90.000µs
[2026-09-14 17:11:27:481] RPC starknet_V0_10_2_getBlockWithTxHashes 200 369 bytes - 87.000µs
[2026-09-14 17:11:27:981] RPC starknet_V0_10_2_getBlockWithTxHashes 200 369 bytes - 64.000µs
[2026-09-14 17:11:28:483] RPC starknet_V0_10_2_getBlockWithTxHashes 200 369 bytes - 107.000µs
[2026-09-14 17:11:28:791] RPC starknet_V0_10_2_blockNumber 200 38 bytes - 10.000µs
[2026-09-14 17:11:28:806] INFO Block 2577 final weights: BouncerWeights { l1_gas: 0, message_segment_length: 0, n_events: 0, state_diff_size: 0, sierra_gas: GasAmount(0), n_txs: 0, proving_gas: GasAmount(0), receipt_l2_gas: GasAmount(0) }.
[2026-09-14 17:11:28:812] INFO Block hash 0x252b005549ec68b7965474a6f16c28390be36e6171fd1cac731149326f24473 computed for #2577
{"timestamp":"2026-09-14T17:11:28.829117954Z","level":"INFO","target":"close_block","message":"close_block_complete","block_number":2577,"tx_count":0,"event_count":0,"close_block_total_ms":20.085674,"block_close_ms":20.085674,"close_preconfirmed_ms":20.078899,"block_production_ms":20.091891,"batches_executed":0,"txs_added_to_block":0,"txs_executed":0,"txs_reverted":0,"txs_rejected":0,"classes_declared":0,"l2_gas_consumed":0,"state_diff_len":1,"declared_classes":0,"deployed_contracts":0,"storage_diffs":1,"nonce_updates":0,"consumed_l1_nonces":0,"bouncer_l1_gas":0,"bouncer_sierra_gas":0,"bouncer_n_events":0,"bouncer_message_segment_length":0,"bouncer_state_diff_size":0,"get_full_block_ms":0.003772,"commitments_ms":0.118451,"merklization_ms":8.855666,"contract_trie_ms":0.9787629999999999,"class_trie_ms":0.028146,"contract_storage_trie_commit_ms":2.788365,"contract_trie_commit_ms":2.657063,"class_trie_commit_ms":2.258056,"block_hash_ms":0.120337,"db_write_ms":6.984952}
[2026-09-14 17:11:28:829] INFO ⛏️  Closed block #2577 with 0 transactions - 20.085674ms
[2026-09-14 17:11:28:829] RPC starknet_V0_10_2_getBlockWithReceipts 200 871 bytes - 64.000µs
[2026-09-14 17:11:28:829] RPC starknet_V0_10_2_getBlockWithReceipts 200 872 bytes - 64.000µs
[2026-09-14 17:11:28:833] RPC starknet_V0_10_2_getBlockWithReceipts 200 369 bytes - 37.000µs
[2026-09-14 17:11:28:833] RPC starknet_V0_10_2_getBlockWithReceipts 200 368 bytes - 22.000µs
[2026-09-14 17:11:28:983] RPC starknet_V0_10_2_getBlockWithTxHashes 200 369 bytes - 54.000µs
[2026-09-14 17:11:29:485] RPC starknet_V0_10_2_getBlockWithTxHashes 200 369 bytes - 59.000µs
[2026-09-14 17:11:29:986] RPC starknet_V0_10_2_getBlockWithTxHashes 200 369 bytes - 60.000µs
[2026-09-14 17:11:30:487] RPC starknet_V0_10_2_getBlockWithTxHashes 200 369 bytes - 64.000µs
[2026-09-14 17:11:30:808] INFO Block 2578 final weights: BouncerWeights { l1_gas: 0, message_segment_length: 0, n_events: 0, state_diff_size: 0, sierra_gas: GasAmount(0), n_txs: 0, proving_gas: GasAmount(0), receipt_l2_gas: GasAmount(0) }.
[2026-09-14 17:11:30:812] INFO Block hash 0x41f3424eca165426e8d5efc874c39c200c2688389370996d35444e37c5a393c computed for #2578
[2026-09-14 17:11:30:827] RPC starknet_V0_10_2_blockNumber 200 38 bytes - 9.000µs
{"timestamp":"2026-09-14T17:11:30.828751778Z","level":"INFO","target":"close_block","message":"close_block_complete","block_number":2578,"tx_count":0,"event_count":0,"close_block_total_ms":18.82929,"block_close_ms":18.82929,"close_preconfirmed_ms":18.823143,"block_production_ms":18.835506,"batches_executed":0,"txs_added_to_block":0,"txs_executed":0,"txs_reverted":0,"txs_rejected":0,"classes_declared":0,"l2_gas_consumed":0,"state_diff_len":1,"declared_classes":0,"deployed_contracts":0,"storage_diffs":1,"nonce_updates":0,"consumed_l1_nonces":0,"bouncer_l1_gas":0,"bouncer_sierra_gas":0,"bouncer_n_events":0,"bouncer_message_segment_length":0,"bouncer_state_diff_size":0,"get_full_block_ms":0.0028640000000000002,"commitments_ms":0.085277,"merklization_ms":8.088313999999999,"contract_trie_ms":0.586182,"class_trie_ms":0.030591,"contract_storage_trie_commit_ms":2.53903,"contract_trie_commit_ms":2.604891,"class_trie_commit_ms":2.2520499999999997,"block_hash_ms":0.069493,"db_write_ms":6.684772000000001}
[2026-09-14 17:11:30:828] INFO ⛏️  Closed block #2578 with 0 transactions - 18.82929ms
[2026-09-14 17:11:30:829] RPC starknet_V0_10_2_getBlockWithReceipts 200 871 bytes - 52.000µs
[2026-09-14 17:11:30:829] RPC starknet_V0_10_2_getBlockWithReceipts 200 870 bytes - 50.000µs
[2026-09-14 17:11:30:833] RPC starknet_V0_10_2_getBlockWithReceipts 200 369 bytes - 31.000µs
[2026-09-14 17:11:30:834] RPC starknet_V0_10_2_getBlockWithReceipts 200 368 bytes - 18.000µs
[2026-09-14 17:11:30:988] RPC starknet_V0_10_2_getBlockWithTxHashes 200 369 bytes - 87.000µs
[2026-09-14 17:11:31:488] RPC starknet_V0_10_2_getBlockWithTxHashes 200 369 bytes - 93.000µs
[2026-09-14 17:11:31:989] RPC starknet_V0_10_2_getBlockWithTxHashes 200 369 bytes - 92.000µs
[2026-09-14 17:11:32:490] RPC starknet_V0_10_2_getBlockWithTxHashes 200 369 bytes - 65.000µs
[2026-09-14 17:11:32:809] INFO Block 2579 final weights: BouncerWeights { l1_gas: 0, message_segment_length: 0, n_events: 0, state_diff_size: 0, sierra_gas: GasAmount(0), n_txs: 0, proving_gas: GasAmount(0), receipt_l2_gas: GasAmount(0) }.
[2026-09-14 17:11:32:816] INFO Block hash 0x55a66e488ed44917c9bbecfd48d4c65088e21d35c770809cfb967f793567044 computed for #2579
{"timestamp":"2026-09-14T17:11:32.833991039Z","level":"INFO","target":"close_block","message":"close_block_complete","block_number":2579,"tx_count":0,"event_count":0,"close_block_total_ms":21.593909,"block_close_ms":21.593909,"close_preconfirmed_ms":21.586645,"block_production_ms":21.602011,"batches_executed":0,"txs_added_to_block":0,"txs_executed":0,"txs_reverted":0,"txs_rejected":0,"classes_declared":0,"l2_gas_consumed":0,"state_diff_len":1,"declared_classes":0,"deployed_contracts":0,"storage_diffs":1,"nonce_updates":0,"consumed_l1_nonces":0,"bouncer_l1_gas":0,"bouncer_sierra_gas":0,"bouncer_n_events":0,"bouncer_message_segment_length":0,"bouncer_state_diff_size":0,"get_full_block_ms":0.003842,"commitments_ms":0.092471,"merklization_ms":9.425226,"contract_trie_ms":0.880356,"class_trie_ms":0.030032,"contract_storage_trie_commit_ms":2.886494,"contract_trie_commit_ms":3.06026,"class_trie_commit_ms":2.446769,"block_hash_ms":0.097779,"db_write_ms":7.575603999999999}
[2026-09-14 17:11:32:834] INFO ⛏️  Closed block #2579 with 0 transactions - 21.593909ms
[2026-09-14 17:11:32:834] RPC starknet_V0_10_2_getBlockWithReceipts 200 872 bytes - 64.000µs
[2026-09-14 17:11:32:834] RPC starknet_V0_10_2_getBlockWithReceipts 200 871 bytes - 38.000µs
[2026-09-14 17:11:32:839] RPC starknet_V0_10_2_getBlockWithReceipts 200 369 bytes - 55.000µs
[2026-09-14 17:11:32:840] RPC starknet_V0_10_2_getBlockWithReceipts 200 368 bytes - 25.000µs
[2026-09-14 17:11:32:863] RPC starknet_V0_10_2_blockNumber 200 38 bytes - 10.000µs
[2026-09-14 17:11:32:990] RPC starknet_V0_10_2_getBlockWithTxHashes 200 369 bytes - 66.000µs
[2026-09-14 17:11:33:491] RPC starknet_V0_10_2_getBlockWithTxHashes 200 369 bytes - 91.000µs
[2026-09-14 17:11:33:991] RPC starknet_V0_10_2_getBlockWithTxHashes 200 369 bytes - 65.000µs
[2026-09-14 17:11:34:492] RPC starknet_V0_10_2_getBlockWithTxHashes 200 369 bytes - 93.000µs
[2026-09-14 17:11:34:811] INFO Block 2580 final weights: BouncerWeights { l1_gas: 0, message_segment_length: 0, n_events: 0, state_diff_size: 0, sierra_gas: GasAmount(0), n_txs: 0, proving_gas: GasAmount(0), receipt_l2_gas: GasAmount(0) }.
[2026-09-14 17:11:34:816] INFO Block hash 0x5871bef538cc2bc24bf0c065aa0212aa2f58fca8b5b4f3f1fdd888ab31fe0bb computed for #2580
{"timestamp":"2026-09-14T17:11:34.833607542Z","level":"INFO","target":"close_block","message":"close_block_complete","block_number":2580,"tx_count":0,"event_count":0,"close_block_total_ms":20.42727,"block_close_ms":20.42727,"close_preconfirmed_ms":20.420566,"block_production_ms":20.433486000000002,"batches_executed":0,"txs_added_to_block":0,"txs_executed":0,"txs_reverted":0,"txs_rejected":0,"classes_declared":0,"l2_gas_consumed":0,"state_diff_len":1,"declared_classes":0,"deployed_contracts":0,"storage_diffs":1,"nonce_updates":0,"consumed_l1_nonces":0,"bouncer_l1_gas":0,"bouncer_sierra_gas":0,"bouncer_n_events":0,"bouncer_message_segment_length":0,"bouncer_state_diff_size":0,"get_full_block_ms":0.003352,"commitments_ms":0.115728,"merklization_ms":9.053946999999999,"contract_trie_ms":0.820292,"class_trie_ms":0.026050999999999998,"contract_storage_trie_commit_ms":2.8471719999999996,"contract_trie_commit_ms":2.826289,"class_trie_commit_ms":2.413175,"block_hash_ms":0.097569,"db_write_ms":7.086571}
[2026-09-14 17:11:34:833] INFO ⛏️  Closed block #2580 with 0 transactions - 20.42727ms
[2026-09-14 17:11:34:833] RPC starknet_V0_10_2_getBlockWithReceipts 200 871 bytes - 61.000µs
[2026-09-14 17:11:34:834] RPC starknet_V0_10_2_getBlockWithReceipts 200 870 bytes - 44.000µs
[2026-09-14 17:11:34:839] RPC starknet_V0_10_2_getBlockWithReceipts 200 369 bytes - 43.000µs
[2026-09-14 17:11:34:840] RPC starknet_V0_10_2_getBlockWithReceipts 200 368 bytes - 26.000µs
[2026-09-14 17:11:34:903] RPC starknet_V0_10_2_blockNumber 200 38 bytes - 11.000µs
[2026-09-14 17:11:34:992] RPC starknet_V0_10_2_getBlockWithTxHashes 200 369 bytes - 106.000µs
[2026-09-14 17:11:35:493] RPC starknet_V0_10_2_getBlockWithTxHashes 200 369 bytes - 65.000µs
[2026-09-14 17:11:35:993] RPC starknet_V0_10_2_getBlockWithTxHashes 200 369 bytes - 66.000µs
[2026-09-14 17:11:36:494] RPC starknet_V0_10_2_getBlockWithTxHashes 200 369 bytes - 107.000µs
[2026-09-14 17:11:36:812] INFO Block 2581 final weights: BouncerWeights { l1_gas: 0, message_segment_length: 0, n_events: 0, state_diff_size: 0, sierra_gas: GasAmount(0), n_txs: 0, proving_gas: GasAmount(0), receipt_l2_gas: GasAmount(0) }.
[2026-09-14 17:11:36:819] INFO Block hash 0x73d86fce23a04fccbb1f0221ce1f5b04280cf63396acf4b166e7184b4c30af7 computed for #2581
{"timestamp":"2026-09-14T17:11:36.837827391Z","level":"INFO","target":"close_block","message":"close_block_complete","block_number":2581,"tx_count":0,"event_count":0,"close_block_total_ms":22.40596,"block_close_ms":22.40596,"close_preconfirmed_ms":22.398766000000002,"block_production_ms":22.412036,"batches_executed":0,"txs_added_to_block":0,"txs_executed":0,"txs_reverted":0,"txs_rejected":0,"classes_declared":0,"l2_gas_consumed":0,"state_diff_len":1,"declared_classes":0,"deployed_contracts":0,"storage_diffs":1,"nonce_updates":0,"consumed_l1_nonces":0,"bouncer_l1_gas":0,"bouncer_sierra_gas":0,"bouncer_n_events":0,"bouncer_message_segment_length":0,"bouncer_state_diff_size":0,"get_full_block_ms":0.0032830000000000003,"commitments_ms":0.091074,"merklization_ms":9.712485,"contract_trie_ms":0.9221919999999999,"class_trie_ms":0.031917,"contract_storage_trie_commit_ms":3.138902,"contract_trie_commit_ms":2.94544,"class_trie_commit_ms":2.552999,"block_hash_ms":0.096312,"db_write_ms":7.652151}
[2026-09-14 17:11:36:837] INFO ⛏️  Closed block #2581 with 0 transactions - 22.40596ms
[2026-09-14 17:11:36:838] RPC starknet_V0_10_2_getBlockWithReceipts 200 872 bytes - 59.000µs
[2026-09-14 17:11:36:838] RPC starknet_V0_10_2_getBlockWithReceipts 200 871 bytes - 67.000µs
[2026-09-14 17:11:36:843] RPC starknet_V0_10_2_getBlockWithReceipts 200 368 bytes - 47.000µs
[2026-09-14 17:11:36:844] RPC starknet_V0_10_2_getBlockWithReceipts 200 369 bytes - 20.000µs
[2026-09-14 17:11:36:943] RPC starknet_V0_10_2_blockNumber 200 38 bytes - 11.000µs
[2026-09-14 17:11:36:994] RPC starknet_V0_10_2_getBlockWithTxHashes 200 369 bytes - 56.000µs
[2026-09-14 17:11:37:495] RPC starknet_V0_10_2_getBlockWithTxHashes 200 369 bytes - 92.000µs
[2026-09-14 17:11:37:995] RPC starknet_V0_10_2_getBlockWithTxHashes 200 369 bytes - 81.000µs
[2026-09-14 17:11:38:496] RPC starknet_V0_10_2_getBlockWithTxHashes 200 369 bytes - 153.000µs
[2026-09-14 17:11:38:814] INFO Block 2582 final weights: BouncerWeights { l1_gas: 0, message_segment_length: 0, n_events: 0, state_diff_size: 0, sierra_gas: GasAmount(0), n_txs: 0, proving_gas: GasAmount(0), receipt_l2_gas: GasAmount(0) }.
[2026-09-14 17:11:38:822] INFO Block hash 0x23dfcc082646576c8fdfe944ab681816cf73a2d9cc8a11f632bdd8802bbf753 computed for #2582
{"timestamp":"2026-09-14T17:11:38.84005542Z","level":"INFO","target":"close_block","message":"close_block_complete","block_number":2582,"tx_count":0,"event_count":0,"close_block_total_ms":22.587339,"block_close_ms":22.587339,"close_preconfirmed_ms":22.572113,"block_production_ms":22.602914000000002,"batches_executed":0,"txs_added_to_block":0,"txs_executed":0,"txs_reverted":0,"txs_rejected":0,"classes_declared":0,"l2_gas_consumed":0,"state_diff_len":1,"declared_classes":0,"deployed_contracts":0,"storage_diffs":1,"nonce_updates":0,"consumed_l1_nonces":0,"bouncer_l1_gas":0,"bouncer_sierra_gas":0,"bouncer_n_events":0,"bouncer_message_segment_length":0,"bouncer_state_diff_size":0,"get_full_block_ms":0.003352,"commitments_ms":0.090654,"merklization_ms":9.791267,"contract_trie_ms":1.07724,"class_trie_ms":0.03087,"contract_storage_trie_commit_ms":3.064241,"contract_trie_commit_ms":2.96744,"class_trie_commit_ms":2.495518,"block_hash_ms":0.121525,"db_write_ms":7.558632}
[2026-09-14 17:11:38:840] INFO ⛏️  Closed block #2582 with 0 transactions - 22.587339ms
[2026-09-14 17:11:38:840] RPC starknet_V0_10_2_getBlockWithReceipts 200 871 bytes - 73.000µs
[2026-09-14 17:11:38:840] RPC starknet_V0_10_2_getBlockWithReceipts 200 872 bytes - 97.000µs
[2026-09-14 17:11:38:844] RPC starknet_V0_10_2_getBlockWithReceipts 200 369 bytes - 39.000µs
[2026-09-14 17:11:38:846] RPC starknet_V0_10_2_getBlockWithReceipts 200 368 bytes - 29.000µs
[2026-09-14 17:11:38:978] RPC starknet_V0_10_2_blockNumber 200 38 bytes - 9.000µs
[2026-09-14 17:11:38:995] RPC starknet_V0_10_2_getBlockWithTxHashes 200 369 bytes - 64.000µs
[2026-09-14 17:11:39:496] RPC starknet_V0_10_2_getBlockWithTxHashes 200 369 bytes - 106.000µs
[2026-09-14 17:11:39:996] RPC starknet_V0_10_2_getBlockWithTxHashes 200 369 bytes - 53.000µs
[2026-09-14 17:11:40:497] RPC starknet_V0_10_2_getBlockWithTxHashes 200 369 bytes - 100.000µs
[2026-09-14 17:11:40:817] INFO Block 2583 final weights: BouncerWeights { l1_gas: 0, message_segment_length: 0, n_events: 0, state_diff_size: 0, sierra_gas: GasAmount(0), n_txs: 0, proving_gas: GasAmount(0), receipt_l2_gas: GasAmount(0) }.
[2026-09-14 17:11:40:823] INFO Block hash 0x11b759619e269bbf4c4c8ab160c80bf1b6548dd6d23370e4d110eb3984a693b computed for #2583
{"timestamp":"2026-09-14T17:11:40.841917408Z","level":"INFO","target":"close_block","message":"close_block_complete","block_number":2583,"tx_count":0,"event_count":0,"close_block_total_ms":22.447236,"block_close_ms":22.447236,"close_preconfirmed_ms":22.440461,"block_production_ms":22.452545,"batches_executed":0,"txs_added_to_block":0,"txs_executed":0,"txs_reverted":0,"txs_rejected":0,"classes_declared":0,"l2_gas_consumed":0,"state_diff_len":1,"declared_classes":0,"deployed_contracts":0,"storage_diffs":1,"nonce_updates":0,"consumed_l1_nonces":0,"bouncer_l1_gas":0,"bouncer_sierra_gas":0,"bouncer_n_events":0,"bouncer_message_segment_length":0,"bouncer_state_diff_size":0,"get_full_block_ms":0.003772,"commitments_ms":0.101619,"merklization_ms":9.947433,"contract_trie_ms":0.882173,"class_trie_ms":0.02675,"contract_storage_trie_commit_ms":3.187581,"contract_trie_commit_ms":3.172775,"class_trie_commit_ms":2.5435000000000003,"block_hash_ms":0.108324,"db_write_ms":7.677783}
[2026-09-14 17:11:40:841] INFO ⛏️  Closed block #2583 with 0 transactions - 22.447236ms
[2026-09-14 17:11:40:842] RPC starknet_V0_10_2_getBlockWithReceipts 200 872 bytes - 77.000µs
[2026-09-14 17:11:40:842] RPC starknet_V0_10_2_getBlockWithReceipts 200 871 bytes - 54.000µs
[2026-09-14 17:11:40:846] RPC starknet_V0_10_2_getBlockWithReceipts 200 369 bytes - 44.000µs
[2026-09-14 17:11:40:848] RPC starknet_V0_10_2_getBlockWithReceipts 200 368 bytes - 25.000µs
[2026-09-14 17:11:40:996] RPC starknet_V0_10_2_getBlockWithTxHashes 200 369 bytes - 60.000µs
[2026-09-14 17:11:41:017] RPC starknet_V0_10_2_blockNumber 200 38 bytes - 10.000µs
[2026-09-14 17:11:41:497] RPC starknet_V0_10_2_getBlockWithTxHashes 200 369 bytes - 123.000µs
[2026-09-14 17:11:41:998] RPC starknet_V0_10_2_getBlockWithTxHashes 200 369 bytes - 60.000µs
[2026-09-14 17:11:42:497] RPC starknet_V0_10_2_getBlockWithTxHashes 200 369 bytes - 67.000µs
[2026-09-14 17:11:42:818] INFO Block 2584 final weights: BouncerWeights { l1_gas: 0, message_segment_length: 0, n_events: 0, state_diff_size: 0, sierra_gas: GasAmount(0), n_txs: 0, proving_gas: GasAmount(0), receipt_l2_gas: GasAmount(0) }.
[2026-09-14 17:11:42:824] INFO Block hash 0x41dd168ea7dd407367ffd8cc761fc91bd2366ca555d97ef4f814120960a2a7b computed for #2584
{"timestamp":"2026-09-14T17:11:42.842268927Z","level":"INFO","target":"close_block","message":"close_block_complete","block_number":2584,"tx_count":0,"event_count":0,"close_block_total_ms":21.782481999999998,"block_close_ms":21.782481999999998,"close_preconfirmed_ms":21.775916,"block_production_ms":21.78779,"batches_executed":0,"txs_added_to_block":0,"txs_executed":0,"txs_reverted":0,"txs_rejected":0,"classes_declared":0,"l2_gas_consumed":0,"state_diff_len":1,"declared_classes":0,"deployed_contracts":0,"storage_diffs":1,"nonce_updates":0,"consumed_l1_nonces":0,"bouncer_l1_gas":0,"bouncer_sierra_gas":0,"bouncer_n_events":0,"bouncer_message_segment_length":0,"bouncer_state_diff_size":0,"get_full_block_ms":0.003771,"commitments_ms":0.11705499999999999,"merklization_ms":9.652491,"contract_trie_ms":0.8499059999999999,"class_trie_ms":0.028565,"contract_storage_trie_commit_ms":3.0700369999999997,"contract_trie_commit_ms":3.021218,"class_trie_commit_ms":2.555652,"block_hash_ms":0.097569,"db_write_ms":7.538449}
[2026-09-14 17:11:42:842] INFO ⛏️  Closed block #2584 with 0 transactions - 21.782482ms
[2026-09-14 17:11:42:842] RPC starknet_V0_10_2_getBlockWithReceipts 200 871 bytes - 53.000µs
[2026-09-14 17:11:42:842] RPC starknet_V0_10_2_getBlockWithReceipts 200 870 bytes - 52.000µs
[2026-09-14 17:11:42:847] RPC starknet_V0_10_2_getBlockWithReceipts 200 369 bytes - 39.000µs
[2026-09-14 17:11:42:849] RPC starknet_V0_10_2_getBlockWithReceipts 200 368 bytes - 23.000µs
[2026-09-14 17:11:42:998] RPC starknet_V0_10_2_getBlockWithTxHashes 200 369 bytes - 87.000µs
[2026-09-14 17:11:43:055] RPC starknet_V0_10_2_blockNumber 200 38 bytes - 10.000µs
[2026-09-14 17:11:43:498] RPC starknet_V0_10_2_getBlockWithTxHashes 200 369 bytes - 60.000µs
[2026-09-14 17:11:43:999] RPC starknet_V0_10_2_getBlockWithTxHashes 200 369 bytes - 104.000µs
[2026-09-14 17:11:44:498] RPC starknet_V0_10_2_getBlockWithTxHashes 200 369 bytes - 68.000µs
[2026-09-14 17:11:44:819] INFO Block 2585 final weights: BouncerWeights { l1_gas: 0, message_segment_length: 0, n_events: 0, state_diff_size: 0, sierra_gas: GasAmount(0), n_txs: 0, proving_gas: GasAmount(0), receipt_l2_gas: GasAmount(0) }.
[2026-09-14 17:11:44:826] INFO Block hash 0x9b6c5262444f7974f0f3e27bb7cb84511ac7b513a73ffb4db2592f36873a0e computed for #2585
{"timestamp":"2026-09-14T17:11:44.844695028Z","level":"INFO","target":"close_block","message":"close_block_complete","block_number":2585,"tx_count":0,"event_count":0,"close_block_total_ms":22.785201,"block_close_ms":22.785201,"close_preconfirmed_ms":22.777588,"block_production_ms":22.792394,"batches_executed":0,"txs_added_to_block":0,"txs_executed":0,"txs_reverted":0,"txs_rejected":0,"classes_declared":0,"l2_gas_consumed":0,"state_diff_len":1,"declared_classes":0,"deployed_contracts":0,"storage_diffs":1,"nonce_updates":0,"consumed_l1_nonces":0,"bouncer_l1_gas":0,"bouncer_sierra_gas":0,"bouncer_n_events":0,"bouncer_message_segment_length":0,"bouncer_state_diff_size":0,"get_full_block_ms":0.003772,"commitments_ms":0.091074,"merklization_ms":10.227499,"contract_trie_ms":0.9050809999999999,"class_trie_ms":0.034293,"contract_storage_trie_commit_ms":3.244852,"contract_trie_commit_ms":3.3200719999999997,"class_trie_commit_ms":2.606637,"block_hash_ms":0.09617300000000001,"db_write_ms":7.653548}
[2026-09-14 17:11:44:844] INFO ⛏️  Closed block #2585 with 0 transactions - 22.785201ms
[2026-09-14 17:11:44:845] RPC starknet_V0_10_2_getBlockWithReceipts 200 871 bytes - 82.000µs
[2026-09-14 17:11:44:845] RPC starknet_V0_10_2_getBlockWithReceipts 200 870 bytes - 76.000µs
[2026-09-14 17:11:44:849] RPC starknet_V0_10_2_getBlockWithReceipts 200 369 bytes - 38.000µs
[2026-09-14 17:11:44:850] RPC starknet_V0_10_2_getBlockWithReceipts 200 368 bytes - 25.000µs
[2026-09-14 17:11:44:999] RPC starknet_V0_10_2_getBlockWithTxHashes 200 369 bytes - 65.000µs
[2026-09-14 17:11:45:096] RPC starknet_V0_10_2_blockNumber 200 38 bytes - 10.000µs
[2026-09-14 17:11:45:500] RPC starknet_V0_10_2_getBlockWithTxHashes 200 369 bytes - 69.000µs
[2026-09-14 17:11:46:001] RPC starknet_V0_10_2_getBlockWithTxHashes 200 369 bytes - 71.000µs
[2026-09-14 17:11:46:502] RPC starknet_V0_10_2_getBlockWithTxHashes 200 369 bytes - 64.000µs
[2026-09-14 17:11:46:820] INFO Block 2586 final weights: BouncerWeights { l1_gas: 0, message_segment_length: 0, n_events: 0, state_diff_size: 0, sierra_gas: GasAmount(0), n_txs: 0, proving_gas: GasAmount(0), receipt_l2_gas: GasAmount(0) }.
[2026-09-14 17:11:46:826] INFO Block hash 0x47b94185aa5ebe21d4c9fd745a3318518169fc9d8b4aae83a52fa2b034b9dc3 computed for #2586
{"timestamp":"2026-09-14T17:11:46.84251045Z","level":"INFO","target":"close_block","message":"close_block_complete","block_number":2586,"tx_count":0,"event_count":0,"close_block_total_ms":19.747361,"block_close_ms":19.747361,"close_preconfirmed_ms":19.740795,"block_production_ms":19.753506,"batches_executed":0,"txs_added_to_block":0,"txs_executed":0,"txs_reverted":0,"txs_rejected":0,"classes_declared":0,"l2_gas_consumed":0,"state_diff_len":1,"declared_classes":0,"deployed_contracts":0,"storage_diffs":1,"nonce_updates":0,"consumed_l1_nonces":0,"bouncer_l1_gas":0,"bouncer_sierra_gas":0,"bouncer_n_events":0,"bouncer_message_segment_length":0,"bouncer_state_diff_size":0,"get_full_block_ms":0.003701,"commitments_ms":0.138845,"merklization_ms":8.530062999999998,"contract_trie_ms":0.757714,"class_trie_ms":0.027168,"contract_storage_trie_commit_ms":2.709235,"contract_trie_commit_ms":2.689469,"class_trie_commit_ms":2.2249510000000003,"block_hash_ms":0.09826800000000001,"db_write_ms":6.935225}
[2026-09-14 17:11:46:842] INFO ⛏️  Closed block #2586 with 0 transactions - 19.747361ms
[2026-09-14 17:11:46:843] RPC starknet_V0_10_2_getBlockWithReceipts 200 869 bytes - 86.000µs
[2026-09-14 17:11:46:843] RPC starknet_V0_10_2_getBlockWithReceipts 200 868 bytes - 90.000µs
[2026-09-14 17:11:46:849] RPC starknet_V0_10_2_getBlockWithReceipts 200 368 bytes - 36.000µs
[2026-09-14 17:11:46:849] RPC starknet_V0_10_2_getBlockWithReceipts 200 369 bytes - 30.000µs
[2026-09-14 17:11:47:002] RPC starknet_V0_10_2_getBlockWithTxHashes 200 369 bytes - 84.000µs
[2026-09-14 17:11:47:136] RPC starknet_V0_10_2_blockNumber 200 38 bytes - 10.000µs
[2026-09-14 17:11:47:502] RPC starknet_V0_10_2_getBlockWithTxHashes 200 369 bytes - 65.000µs
[2026-09-14 17:11:48:003] RPC starknet_V0_10_2_getBlockWithTxHashes 200 369 bytes - 91.000µs
[2026-09-14 17:11:48:504] RPC starknet_V0_10_2_getBlockWithTxHashes 200 369 bytes - 107.000µs
[2026-09-14 17:11:48:821] INFO Block 2587 final weights: BouncerWeights { l1_gas: 0, message_segment_length: 0, n_events: 0, state_diff_size: 0, sierra_gas: GasAmount(0), n_txs: 0, proving_gas: GasAmount(0), receipt_l2_gas: GasAmount(0) }.
[2026-09-14 17:11:48:829] INFO Block hash 0x7cff780e49a30127829e4fbf90b143cdc7734ae82dc2c0a3fe4586e2146fa89 computed for #2587
{"timestamp":"2026-09-14T17:11:48.846852382Z","level":"INFO","target":"close_block","message":"close_block_complete","block_number":2587,"tx_count":0,"event_count":0,"close_block_total_ms":21.733872,"block_close_ms":21.733872,"close_preconfirmed_ms":21.724792,"block_production_ms":21.740996,"batches_executed":0,"txs_added_to_block":0,"txs_executed":0,"txs_reverted":0,"txs_rejected":0,"classes_declared":0,"l2_gas_consumed":0,"state_diff_len":1,"declared_classes":0,"deployed_contracts":0,"storage_diffs":1,"nonce_updates":0,"consumed_l1_nonces":0,"bouncer_l1_gas":0,"bouncer_sierra_gas":0,"bouncer_n_events":0,"bouncer_message_segment_length":0,"bouncer_state_diff_size":0,"get_full_block_ms":0.003701,"commitments_ms":0.108394,"merklization_ms":9.588725,"contract_trie_ms":0.9746429999999999,"class_trie_ms":0.038133,"contract_storage_trie_commit_ms":3.023034,"contract_trie_commit_ms":2.8826519999999998,"class_trie_commit_ms":2.5322560000000003,"block_hash_ms":0.123062,"db_write_ms":7.343799}
[2026-09-14 17:11:48:846] INFO ⛏️  Closed block #2587 with 0 transactions - 21.733872ms
[2026-09-14 17:11:48:847] RPC starknet_V0_10_2_getBlockWithReceipts 200 872 bytes - 87.000µs
[2026-09-14 17:11:48:847] RPC starknet_V0_10_2_getBlockWithReceipts 200 871 bytes - 84.000µs
[2026-09-14 17:11:48:852] RPC starknet_V0_10_2_getBlockWithReceipts 200 369 bytes - 40.000µs
[2026-09-14 17:11:48:854] RPC starknet_V0_10_2_getBlockWithReceipts 200 368 bytes - 28.000µs
[2026-09-14 17:11:49:004] RPC starknet_V0_10_2_getBlockWithTxHashes 200 369 bytes - 121.000µs
[2026-09-14 17:11:49:175] RPC starknet_V0_10_2_blockNumber 200 38 bytes - 11.000µs
[2026-09-14 17:11:49:506] RPC starknet_V0_10_2_getBlockWithTxHashes 200 369 bytes - 72.000µs
[2026-09-14 17:11:50:007] RPC starknet_V0_10_2_getBlockWithTxHashes 200 369 bytes - 90.000µs
[2026-09-14 17:11:50:508] RPC starknet_V0_10_2_getBlockWithTxHashes 200 369 bytes - 54.000µs
[2026-09-14 17:11:50:823] INFO Block 2588 final weights: BouncerWeights { l1_gas: 0, message_segment_length: 0, n_events: 0, state_diff_size: 0, sierra_gas: GasAmount(0), n_txs: 0, proving_gas: GasAmount(0), receipt_l2_gas: GasAmount(0) }.
[2026-09-14 17:11:50:829] INFO Block hash 0xecfa93ac70ddd56fbcf8ddaa1dc33e9945846dd169b725cad570d464408d5b computed for #2588
{"timestamp":"2026-09-14T17:11:50.846140559Z","level":"INFO","target":"close_block","message":"close_block_complete","block_number":2588,"tx_count":0,"event_count":0,"close_block_total_ms":20.566885,"block_close_ms":20.566885,"close_preconfirmed_ms":20.560249,"block_production_ms":20.573659000000003,"batches_executed":0,"txs_added_to_block":0,"txs_executed":0,"txs_reverted":0,"txs_rejected":0,"classes_declared":0,"l2_gas_consumed":0,"state_diff_len":1,"declared_classes":0,"deployed_contracts":0,"storage_diffs":1,"nonce_updates":0,"consumed_l1_nonces":0,"bouncer_l1_gas":0,"bouncer_sierra_gas":0,"bouncer_n_events":0,"bouncer_message_segment_length":0,"bouncer_state_diff_size":0,"get_full_block_ms":0.004261,"commitments_ms":0.090795,"merklization_ms":8.745595,"contract_trie_ms":0.8041590000000001,"class_trie_ms":0.027169,"contract_storage_trie_commit_ms":2.837045,"contract_trie_commit_ms":2.6824850000000002,"class_trie_commit_ms":2.2764249999999997,"block_hash_ms":0.09729,"db_write_ms":7.086851}
[2026-09-14 17:11:50:846] INFO ⛏️  Closed block #2588 with 0 transactions - 20.566885ms
[2026-09-14 17:11:50:846] RPC starknet_V0_10_2_getBlockWithReceipts 200 871 bytes - 83.000µs
[2026-09-14 17:11:50:846] RPC starknet_V0_10_2_getBlockWithReceipts 200 870 bytes - 81.000µs
[2026-09-14 17:11:50:851] RPC starknet_V0_10_2_getBlockWithReceipts 200 369 bytes - 37.000µs
[2026-09-14 17:11:50:852] RPC starknet_V0_10_2_getBlockWithReceipts 200 368 bytes - 23.000µs
[2026-09-14 17:11:51:009] RPC starknet_V0_10_2_getBlockWithTxHashes 200 369 bytes - 77.000µs
[2026-09-14 17:11:51:214] RPC starknet_V0_10_2_blockNumber 200 38 bytes - 10.000µs
[2026-09-14 17:11:51:509] RPC starknet_V0_10_2_getBlockWithTxHashes 200 369 bytes - 66.000µs
[2026-09-14 17:11:52:010] RPC starknet_V0_10_2_getBlockWithTxHashes 200 369 bytes - 65.000µs
[2026-09-14 17:11:52:511] RPC starknet_V0_10_2_getBlockWithTxHashes 200 369 bytes - 90.000µs
[2026-09-14 17:11:52:823] INFO Block 2589 final weights: BouncerWeights { l1_gas: 0, message_segment_length: 0, n_events: 0, state_diff_size: 0, sierra_gas: GasAmount(0), n_txs: 0, proving_gas: GasAmount(0), receipt_l2_gas: GasAmount(0) }.
[2026-09-14 17:11:52:828] INFO Block hash 0x1fb1425c270113616af8fa4ed1b9dd70b86c4bc401582d9cc993250a3361690 computed for #2589
{"timestamp":"2026-09-14T17:11:52.844644691Z","level":"INFO","target":"close_block","message":"close_block_complete","block_number":2589,"tx_count":0,"event_count":0,"close_block_total_ms":18.964154,"block_close_ms":18.964154,"close_preconfirmed_ms":18.956961,"block_production_ms":18.967576,"batches_executed":0,"txs_added_to_block":0,"txs_executed":0,"txs_reverted":0,"txs_rejected":0,"classes_declared":0,"l2_gas_consumed":0,"state_diff_len":1,"declared_classes":0,"deployed_contracts":0,"storage_diffs":1,"nonce_updates":0,"consumed_l1_nonces":0,"bouncer_l1_gas":0,"bouncer_sierra_gas":0,"bouncer_n_events":0,"bouncer_message_segment_length":0,"bouncer_state_diff_size":0,"get_full_block_ms":0.0028640000000000002,"commitments_ms":0.075849,"merklization_ms":8.113666,"contract_trie_ms":0.651555,"class_trie_ms":0.025841,"contract_storage_trie_commit_ms":2.643443,"contract_trie_commit_ms":2.554605,"class_trie_commit_ms":2.152456,"block_hash_ms":0.068096,"db_write_ms":6.925586}
[2026-09-14 17:11:52:844] INFO ⛏️  Closed block #2589 with 0 transactions - 18.964154ms
[2026-09-14 17:11:52:845] RPC starknet_V0_10_2_getBlockWithReceipts 200 871 bytes - 42.000µs
[2026-09-14 17:11:52:845] RPC starknet_V0_10_2_getBlockWithReceipts 200 870 bytes - 44.000µs
[2026-09-14 17:11:52:849] RPC starknet_V0_10_2_getBlockWithReceipts 200 369 bytes - 31.000µs
[2026-09-14 17:11:52:850] RPC starknet_V0_10_2_getBlockWithReceipts 200 368 bytes - 20.000µs
[2026-09-14 17:11:53:012] RPC starknet_V0_10_2_getBlockWithTxHashes 200 369 bytes - 81.000µs
[2026-09-14 17:11:53:252] RPC starknet_V0_10_2_blockNumber 200 38 bytes - 10.000µs
[2026-09-14 17:11:53:514] RPC starknet_V0_10_2_getBlockWithTxHashes 200 369 bytes - 69.000µs
[2026-09-14 17:11:54:015] RPC starknet_V0_10_2_getBlockWithTxHashes 200 369 bytes - 53.000µs
[2026-09-14 17:11:54:515] RPC starknet_V0_10_2_getBlockWithTxHashes 200 369 bytes - 51.000µs
[2026-09-14 17:11:54:825] INFO Block 2590 final weights: BouncerWeights { l1_gas: 0, message_segment_length: 0, n_events: 0, state_diff_size: 0, sierra_gas: GasAmount(0), n_txs: 0, proving_gas: GasAmount(0), receipt_l2_gas: GasAmount(0) }.
[2026-09-14 17:11:54:832] INFO Block hash 0x54fec91f87864040d64654feb53844a896c5b031669cd59012f41962d7bac42 computed for #2590
{"timestamp":"2026-09-14T17:11:54.850015115Z","level":"INFO","target":"close_block","message":"close_block_complete","block_number":2590,"tx_count":0,"event_count":0,"close_block_total_ms":21.243373,"block_close_ms":21.243373,"close_preconfirmed_ms":21.23576,"block_production_ms":21.251614,"batches_executed":0,"txs_added_to_block":0,"txs_executed":0,"txs_reverted":0,"txs_rejected":0,"classes_declared":0,"l2_gas_consumed":0,"state_diff_len":1,"declared_classes":0,"deployed_contracts":0,"storage_diffs":1,"nonce_updates":0,"consumed_l1_nonces":0,"bouncer_l1_gas":0,"bouncer_sierra_gas":0,"bouncer_n_events":0,"bouncer_message_segment_length":0,"bouncer_state_diff_size":0,"get_full_block_ms":0.003352,"commitments_ms":0.0931,"merklization_ms":9.495626999999999,"contract_trie_ms":1.1319270000000001,"class_trie_ms":0.030521000000000003,"contract_storage_trie_commit_ms":3.021148,"contract_trie_commit_ms":2.924697,"class_trie_commit_ms":2.2233449999999997,"block_hash_ms":0.134097,"db_write_ms":7.167798}
[2026-09-14 17:11:54:850] INFO ⛏️  Closed block #2590 with 0 transactions - 21.243373ms
[2026-09-14 17:11:54:850] RPC starknet_V0_10_2_getBlockWithReceipts 200 872 bytes - 82.000µs
[2026-09-14 17:11:54:850] RPC starknet_V0_10_2_getBlockWithReceipts 200 871 bytes - 43.000µs
[2026-09-14 17:11:54:855] RPC starknet_V0_10_2_getBlockWithReceipts 200 369 bytes - 38.000µs
[2026-09-14 17:11:54:856] RPC starknet_V0_10_2_getBlockWithReceipts 200 368 bytes - 24.000µs
[2026-09-14 17:11:55:016] RPC starknet_V0_10_2_getBlockWithTxHashes 200 369 bytes - 77.000µs
[2026-09-14 17:11:55:293] RPC starknet_V0_10_2_blockNumber 200 38 bytes - 10.000µs
[2026-09-14 17:11:55:516] RPC starknet_V0_10_2_getBlockWithTxHashes 200 369 bytes - 67.000µs
[2026-09-14 17:11:56:017] RPC starknet_V0_10_2_getBlockWithTxHashes 200 369 bytes - 93.000µs
[2026-09-14 17:11:56:519] RPC starknet_V0_10_2_getBlockWithTxHashes 200 369 bytes - 92.000µs
[2026-09-14 17:11:56:827] INFO Block 2591 final weights: BouncerWeights { l1_gas: 0, message_segment_length: 0, n_events: 0, state_diff_size: 0, sierra_gas: GasAmount(0), n_txs: 0, proving_gas: GasAmount(0), receipt_l2_gas: GasAmount(0) }.
[2026-09-14 17:11:56:833] INFO Block hash 0x6093e17eb6fcb5767f22921a8606f949dd204b002f10f6548e4c79001025693 computed for #2591
{"timestamp":"2026-09-14T17:11:56.850508971Z","level":"INFO","target":"close_block","message":"close_block_complete","block_number":2591,"tx_count":0,"event_count":0,"close_block_total_ms":20.287447,"block_close_ms":20.287447,"close_preconfirmed_ms":20.279695,"block_production_ms":20.292686,"batches_executed":0,"txs_added_to_block":0,"txs_executed":0,"txs_reverted":0,"txs_rejected":0,"classes_declared":0,"l2_gas_consumed":0,"state_diff_len":1,"declared_classes":0,"deployed_contracts":0,"storage_diffs":1,"nonce_updates":0,"consumed_l1_nonces":0,"bouncer_l1_gas":0,"bouncer_sierra_gas":0,"bouncer_n_events":0,"bouncer_message_segment_length":0,"bouncer_state_diff_size":0,"get_full_block_ms":0.003771,"commitments_ms":0.092471,"merklization_ms":8.849589,"contract_trie_ms":0.898096,"class_trie_ms":0.026959,"contract_storage_trie_commit_ms":2.8478700000000003,"contract_trie_commit_ms":2.69792,"class_trie_commit_ms":2.2591040000000002,"block_hash_ms":0.099665,"db_write_ms":6.940044}
[2026-09-14 17:11:56:850] INFO ⛏️  Closed block #2591 with 0 transactions - 20.287447ms
[2026-09-14 17:11:56:850] RPC starknet_V0_10_2_getBlockWithReceipts 200 872 bytes - 108.000µs
[2026-09-14 17:11:56:851] RPC starknet_V0_10_2_getBlockWithReceipts 200 871 bytes - 72.000µs
[2026-09-14 17:11:56:855] RPC starknet_V0_10_2_getBlockWithReceipts 200 369 bytes - 55.000µs
[2026-09-14 17:11:56:855] RPC starknet_V0_10_2_getBlockWithReceipts 200 368 bytes - 42.000µs
[2026-09-14 17:11:57:018] RPC starknet_V0_10_2_getBlockWithTxHashes 200 369 bytes - 66.000µs
[2026-09-14 17:11:57:334] RPC starknet_V0_10_2_blockNumber 200 38 bytes - 11.000µs
[2026-09-14 17:11:57:522] RPC starknet_V0_10_2_getBlockWithTxHashes 200 369 bytes - 142.000µs
[2026-09-14 17:11:58:022] RPC starknet_V0_10_2_getBlockWithTxHashes 200 369 bytes - 57.000µs
[2026-09-14 17:11:58:524] RPC starknet_V0_10_2_getBlockWithTxHashes 200 369 bytes - 101.000µs
[2026-09-14 17:11:58:828] INFO Block 2592 final weights: BouncerWeights { l1_gas: 0, message_segment_length: 0, n_events: 0, state_diff_size: 0, sierra_gas: GasAmount(0), n_txs: 0, proving_gas: GasAmount(0), receipt_l2_gas: GasAmount(0) }.
[2026-09-14 17:11:58:834] INFO Block hash 0x3cc7943f523d5c983df158d2b613cb0aa5efc3f99418aacfbb2e34ca1c204d1 computed for #2592
{"timestamp":"2026-09-14T17:11:58.851152848Z","level":"INFO","target":"close_block","message":"close_block_complete","block_number":2592,"tx_count":0,"event_count":0,"close_block_total_ms":20.412604,"block_close_ms":20.412604,"close_preconfirmed_ms":20.406457999999997,"block_production_ms":20.418261,"batches_executed":0,"txs_added_to_block":0,"txs_executed":0,"txs_reverted":0,"txs_rejected":0,"classes_declared":0,"l2_gas_consumed":0,"state_diff_len":1,"declared_classes":0,"deployed_contracts":0,"storage_diffs":1,"nonce_updates":0,"consumed_l1_nonces":0,"bouncer_l1_gas":0,"bouncer_sierra_gas":0,"bouncer_n_events":0,"bouncer_message_segment_length":0,"bouncer_state_diff_size":0,"get_full_block_ms":0.0038410000000000002,"commitments_ms":0.117265,"merklization_ms":9.171491,"contract_trie_ms":0.856331,"class_trie_ms":0.038762,"contract_storage_trie_commit_ms":3.09078,"contract_trie_commit_ms":2.80848,"class_trie_commit_ms":2.272304,"block_hash_ms":0.09589299999999999,"db_write_ms":7.03426}
[2026-09-14 17:11:58:851] INFO ⛏️  Closed block #2592 with 0 transactions - 20.412604ms
[2026-09-14 17:11:58:851] RPC starknet_V0_10_2_getBlockWithReceipts 200 872 bytes - 65.000µs
[2026-09-14 17:11:58:851] RPC starknet_V0_10_2_getBlockWithReceipts 200 871 bytes - 65.000µs
[2026-09-14 17:11:58:856] RPC starknet_V0_10_2_getBlockWithReceipts 200 369 bytes - 36.000µs
[2026-09-14 17:11:58:857] RPC starknet_V0_10_2_getBlockWithReceipts 200 368 bytes - 22.000µs
[2026-09-14 17:11:59:025] RPC starknet_V0_10_2_getBlockWithTxHashes 200 369 bytes - 120.000µs
[2026-09-14 17:11:59:370] RPC starknet_V0_10_2_blockNumber 200 38 bytes - 10.000µs
[2026-09-14 17:11:59:524] RPC starknet_V0_10_2_getBlockWithTxHashes 200 369 bytes - 65.000µs
[2026-09-14 17:12:00:025] RPC starknet_V0_10_2_getBlockWithTxHashes 200 369 bytes - 94.000µs
[2026-09-14 17:12:00:527] RPC starknet_V0_10_2_getBlockWithTxHashes 200 369 bytes - 57.000µs
[2026-09-14 17:12:00:830] INFO Block 2593 final weights: BouncerWeights { l1_gas: 0, message_segment_length: 0, n_events: 0, state_diff_size: 0, sierra_gas: GasAmount(0), n_txs: 0, proving_gas: GasAmount(0), receipt_l2_gas: GasAmount(0) }.
[2026-09-14 17:12:00:837] INFO Block hash 0x3d1198dc6cbe0f14124ba6430950a7ab52d61f15d9ecb0a6f35dafe4bb20e69 computed for #2593
{"timestamp":"2026-09-14T17:12:00.854045562Z","level":"INFO","target":"close_block","message":"close_block_complete","block_number":2593,"tx_count":0,"event_count":0,"close_block_total_ms":20.819503,"block_close_ms":20.819503,"close_preconfirmed_ms":20.813357,"block_production_ms":20.825229,"batches_executed":0,"txs_added_to_block":0,"txs_executed":0,"txs_reverted":0,"txs_rejected":0,"classes_declared":0,"l2_gas_consumed":0,"state_diff_len":1,"declared_classes":0,"deployed_contracts":0,"storage_diffs":1,"nonce_updates":0,"consumed_l1_nonces":0,"bouncer_l1_gas":0,"bouncer_sierra_gas":0,"bouncer_n_events":0,"bouncer_message_segment_length":0,"bouncer_state_diff_size":0,"get_full_block_ms":0.002375,"commitments_ms":0.090655,"merklization_ms":9.113451999999999,"contract_trie_ms":0.944191,"class_trie_ms":0.032267000000000004,"contract_storage_trie_commit_ms":3.041962,"contract_trie_commit_ms":2.7285809999999997,"class_trie_commit_ms":2.253727,"block_hash_ms":0.095404,"db_write_ms":7.241481}
[2026-09-14 17:12:00:854] INFO ⛏️  Closed block #2593 with 0 transactions - 20.819503ms
[2026-09-14 17:12:00:854] RPC starknet_V0_10_2_getBlockWithReceipts 200 872 bytes - 53.000µs
[2026-09-14 17:12:00:854] RPC starknet_V0_10_2_getBlockWithReceipts 200 871 bytes - 33.000µs
[2026-09-14 17:12:00:859] RPC starknet_V0_10_2_getBlockWithReceipts 200 369 bytes - 29.000µs
[2026-09-14 17:12:00:860] RPC starknet_V0_10_2_getBlockWithReceipts 200 368 bytes - 60.000µs
[2026-09-14 17:12:01:028] RPC starknet_V0_10_2_getBlockWithTxHashes 200 369 bytes - 94.000µs
[2026-09-14 17:12:01:409] RPC starknet_V0_10_2_blockNumber 200 38 bytes - 10.000µs
[2026-09-14 17:12:01:528] RPC starknet_V0_10_2_getBlockWithTxHashes 200 369 bytes - 117.000µs
[2026-09-14 17:12:02:028] RPC starknet_V0_10_2_getBlockWithTxHashes 200 369 bytes - 60.000µs
[2026-09-14 17:12:02:529] RPC starknet_V0_10_2_getBlockWithTxHashes 200 369 bytes - 103.000µs
[2026-09-14 17:12:02:830] INFO Block 2594 final weights: BouncerWeights { l1_gas: 0, message_segment_length: 0, n_events: 0, state_diff_size: 0, sierra_gas: GasAmount(0), n_txs: 0, proving_gas: GasAmount(0), receipt_l2_gas: GasAmount(0) }.
[2026-09-14 17:12:02:835] INFO Block hash 0x6533cbeecb46891cc5b7dea6f2284ff769d897a015241a03e6b58350edb3c43 computed for #2594
{"timestamp":"2026-09-14T17:12:02.851663401Z","level":"INFO","target":"close_block","message":"close_block_complete","block_number":2594,"tx_count":0,"event_count":0,"close_block_total_ms":19.00103,"block_close_ms":19.00103,"close_preconfirmed_ms":18.995373,"block_production_ms":19.004802,"batches_executed":0,"txs_added_to_block":0,"txs_executed":0,"txs_reverted":0,"txs_rejected":0,"classes_declared":0,"l2_gas_consumed":0,"state_diff_len":1,"declared_classes":0,"deployed_contracts":0,"storage_diffs":1,"nonce_updates":0,"consumed_l1_nonces":0,"bouncer_l1_gas":0,"bouncer_sierra_gas":0,"bouncer_n_events":0,"bouncer_message_segment_length":0,"bouncer_state_diff_size":0,"get_full_block_ms":0.003422,"commitments_ms":0.085277,"merklization_ms":8.094809,"contract_trie_ms":0.744095,"class_trie_ms":0.020254,"contract_storage_trie_commit_ms":2.619837,"contract_trie_commit_ms":2.4374100000000003,"class_trie_commit_ms":2.167401,"block_hash_ms":0.084857,"db_write_ms":6.896043}
[2026-09-14 17:12:02:851] INFO ⛏️  Closed block #2594 with 0 transactions - 19.00103ms
[2026-09-14 17:12:02:851] RPC starknet_V0_10_2_getBlockWithReceipts 200 871 bytes - 53.000µs
[2026-09-14 17:12:02:852] RPC starknet_V0_10_2_getBlockWithReceipts 200 872 bytes - 36.000µs
[2026-09-14 17:12:02:856] RPC starknet_V0_10_2_getBlockWithReceipts 200 369 bytes - 33.000µs
[2026-09-14 17:12:02:858] RPC starknet_V0_10_2_getBlockWithReceipts 200 368 bytes - 25.000µs
[2026-09-14 17:12:03:029] RPC starknet_V0_10_2_getBlockWithTxHashes 200 369 bytes - 109.000µs
[2026-09-14 17:12:03:449] RPC starknet_V0_10_2_blockNumber 200 38 bytes - 10.000µs
[2026-09-14 17:12:03:530] RPC starknet_V0_10_2_getBlockWithTxHashes 200 369 bytes - 154.000µs
[2026-09-14 17:12:04:030] RPC starknet_V0_10_2_getBlockWithTxHashes 200 369 bytes - 68.000µs
[2026-09-14 17:12:04:530] RPC starknet_V0_10_2_getBlockWithTxHashes 200 369 bytes - 60.000µs
[2026-09-14 17:12:04:832] INFO Block 2595 final weights: BouncerWeights { l1_gas: 0, message_segment_length: 0, n_events: 0, state_diff_size: 0, sierra_gas: GasAmount(0), n_txs: 0, proving_gas: GasAmount(0), receipt_l2_gas: GasAmount(0) }.
[2026-09-14 17:12:04:838] INFO Block hash 0x15c9eec99cf7420d7bee142d1815670daf40a943503cead357a57ac2bf056f4 computed for #2595
{"timestamp":"2026-09-14T17:12:04.854343796Z","level":"INFO","target":"close_block","message":"close_block_complete","block_number":2595,"tx_count":0,"event_count":0,"close_block_total_ms":19.326424,"block_close_ms":19.326424,"close_preconfirmed_ms":19.320138,"block_production_ms":19.332988999999998,"batches_executed":0,"txs_added_to_block":0,"txs_executed":0,"txs_reverted":0,"txs_rejected":0,"classes_declared":0,"l2_gas_consumed":0,"state_diff_len":1,"declared_classes":0,"deployed_contracts":0,"storage_diffs":1,"nonce_updates":0,"consumed_l1_nonces":0,"bouncer_l1_gas":0,"bouncer_sierra_gas":0,"bouncer_n_events":0,"bouncer_message_segment_length":0,"bouncer_state_diff_size":0,"get_full_block_ms":0.0029340000000000004,"commitments_ms":0.088769,"merklization_ms":8.223108,"contract_trie_ms":0.6491100000000001,"class_trie_ms":0.025842,"contract_storage_trie_commit_ms":2.701413,"contract_trie_commit_ms":2.608732,"class_trie_commit_ms":2.142188,"block_hash_ms":0.068584,"db_write_ms":6.918392}
[2026-09-14 17:12:04:854] INFO ⛏️  Closed block #2595 with 0 transactions - 19.326424ms
[2026-09-14 17:12:04:854] RPC starknet_V0_10_2_getBlockWithReceipts 200 869 bytes - 47.000µs
[2026-09-14 17:12:04:854] RPC starknet_V0_10_2_getBlockWithReceipts 200 870 bytes - 31.000µs
[2026-09-14 17:12:04:859] RPC starknet_V0_10_2_getBlockWithReceipts 200 368 bytes - 28.000µs
[2026-09-14 17:12:04:860] RPC starknet_V0_10_2_getBlockWithReceipts 200 369 bytes - 17.000µs
[2026-09-14 17:12:05:030] RPC starknet_V0_10_2_getBlockWithTxHashes 200 369 bytes - 57.000µs
[2026-09-14 17:12:05:486] RPC starknet_V0_10_2_blockNumber 200 38 bytes - 11.000µs
[2026-09-14 17:12:05:531] RPC starknet_V0_10_2_getBlockWithTxHashes 200 369 bytes - 59.000µs
[2026-09-14 17:12:06:031] RPC starknet_V0_10_2_getBlockWithTxHashes 200 369 bytes - 68.000µs
[2026-09-14 17:12:06:531] RPC starknet_V0_10_2_getBlockWithTxHashes 200 369 bytes - 67.000µs
[2026-09-14 17:12:06:833] INFO Block 2596 final weights: BouncerWeights { l1_gas: 0, message_segment_length: 0, n_events: 0, state_diff_size: 0, sierra_gas: GasAmount(0), n_txs: 0, proving_gas: GasAmount(0), receipt_l2_gas: GasAmount(0) }.
[2026-09-14 17:12:06:839] INFO Block hash 0x7f63fe6632d91f228fa4848ebedaccc15c2385f8548796bb5c8d0b2d4c57300 computed for #2596
{"timestamp":"2026-09-14T17:12:06.856408745Z","level":"INFO","target":"close_block","message":"close_block_complete","block_number":2596,"tx_count":0,"event_count":0,"close_block_total_ms":20.342832,"block_close_ms":20.342832,"close_preconfirmed_ms":20.337105,"block_production_ms":20.348489,"batches_executed":0,"txs_added_to_block":0,"txs_executed":0,"txs_reverted":0,"txs_rejected":0,"classes_declared":0,"l2_gas_consumed":0,"state_diff_len":1,"declared_classes":0,"deployed_contracts":0,"storage_diffs":1,"nonce_updates":0,"consumed_l1_nonces":0,"bouncer_l1_gas":0,"bouncer_sierra_gas":0,"bouncer_n_events":0,"bouncer_message_segment_length":0,"bouncer_state_diff_size":0,"get_full_block_ms":0.003772,"commitments_ms":0.093378,"merklization_ms":9.254812,"contract_trie_ms":1.0048139999999999,"class_trie_ms":0.024305,"contract_storage_trie_commit_ms":2.916386,"contract_trie_commit_ms":2.890405,"class_trie_commit_ms":2.287041,"block_hash_ms":0.108534,"db_write_ms":6.839821000000001}
[2026-09-14 17:12:06:856] INFO ⛏️  Closed block #2596 with 0 transactions - 20.342832ms
[2026-09-14 17:12:06:856] RPC starknet_V0_10_2_getBlockWithReceipts 200 872 bytes - 56.000µs
[2026-09-14 17:12:06:857] RPC starknet_V0_10_2_getBlockWithReceipts 200 871 bytes - 26.000µs
[2026-09-14 17:12:06:860] RPC starknet_V0_10_2_getBlockWithReceipts 200 368 bytes - 31.000µs
[2026-09-14 17:12:06:860] RPC starknet_V0_10_2_getBlockWithReceipts 200 369 bytes - 27.000µs
[2026-09-14 17:12:07:031] RPC starknet_V0_10_2_getBlockWithTxHashes 200 369 bytes - 61.000µs
[2026-09-14 17:12:07:522] RPC starknet_V0_10_2_blockNumber 200 38 bytes - 11.000µs
[2026-09-14 17:12:07:531] RPC starknet_V0_10_2_getBlockWithTxHashes 200 369 bytes - 58.000µs
[2026-09-14 17:12:08:032] RPC starknet_V0_10_2_getBlockWithTxHashes 200 369 bytes - 66.000µs
[2026-09-14 17:12:08:532] RPC starknet_V0_10_2_getBlockWithTxHashes 200 369 bytes - 60.000µs
[2026-09-14 17:12:08:835] INFO Block 2597 final weights: BouncerWeights { l1_gas: 0, message_segment_length: 0, n_events: 0, state_diff_size: 0, sierra_gas: GasAmount(0), n_txs: 0, proving_gas: GasAmount(0), receipt_l2_gas: GasAmount(0) }.
[2026-09-14 17:12:08:842] INFO Block hash 0x7edb077d70f87492754f7a1696e97fb786290e7a54d8c9d71fa3472a652c2dc computed for #2597
{"timestamp":"2026-09-14T17:12:08.859593817Z","level":"INFO","target":"close_block","message":"close_block_complete","block_number":2597,"tx_count":0,"event_count":0,"close_block_total_ms":21.288280999999998,"block_close_ms":21.288280999999998,"close_preconfirmed_ms":21.280807999999997,"block_production_ms":21.293589,"batches_executed":0,"txs_added_to_block":0,"txs_executed":0,"txs_reverted":0,"txs_rejected":0,"classes_declared":0,"l2_gas_consumed":0,"state_diff_len":1,"declared_classes":0,"deployed_contracts":0,"storage_diffs":1,"nonce_updates":0,"consumed_l1_nonces":0,"bouncer_l1_gas":0,"bouncer_sierra_gas":0,"bouncer_n_events":0,"bouncer_message_segment_length":0,"bouncer_state_diff_size":0,"get_full_block_ms":0.0032830000000000003,"commitments_ms":0.090654,"merklization_ms":9.452534,"contract_trie_ms":0.935601,"class_trie_ms":0.042534,"contract_storage_trie_commit_ms":3.094971,"contract_trie_commit_ms":2.89697,"class_trie_commit_ms":2.382584,"block_hash_ms":0.095404,"db_write_ms":7.398765}
[2026-09-14 17:12:08:859] INFO ⛏️  Closed block #2597 with 0 transactions - 21.288281ms
[2026-09-14 17:12:08:860] RPC starknet_V0_10_2_getBlockWithReceipts 200 872 bytes - 82.000µs
[2026-09-14 17:12:08:860] RPC starknet_V0_10_2_getBlockWithReceipts 200 871 bytes - 84.000µs
[2026-09-14 17:12:08:864] RPC starknet_V0_10_2_getBlockWithReceipts 200 369 bytes - 37.000µs
[2026-09-14 17:12:08:865] RPC starknet_V0_10_2_getBlockWithReceipts 200 368 bytes - 44.000µs
[2026-09-14 17:12:09:032] RPC starknet_V0_10_2_getBlockWithTxHashes 200 369 bytes - 59.000µs
[2026-09-14 17:12:09:533] RPC starknet_V0_10_2_getBlockWithTxHashes 200 369 bytes - 66.000µs
[2026-09-14 17:12:09:561] RPC starknet_V0_10_2_blockNumber 200 38 bytes - 10.000µs
[2026-09-14 17:12:10:034] RPC starknet_V0_10_2_getBlockWithTxHashes 200 369 bytes - 121.000µs
[2026-09-14 17:12:10:533] RPC starknet_V0_10_2_getBlockWithTxHashes 200 369 bytes - 74.000µs
[2026-09-14 17:12:10:837] INFO Block 2598 final weights: BouncerWeights { l1_gas: 0, message_segment_length: 0, n_events: 0, state_diff_size: 0, sierra_gas: GasAmount(0), n_txs: 0, proving_gas: GasAmount(0), receipt_l2_gas: GasAmount(0) }.
[2026-09-14 17:12:10:844] INFO Block hash 0x6ccdf0eea07c65e01064b3dae420579d0928d8f9e4b46c74fece95de0401a83 computed for #2598
{"timestamp":"2026-09-14T17:12:10.86133449Z","level":"INFO","target":"close_block","message":"close_block_complete","block_number":2598,"tx_count":0,"event_count":0,"close_block_total_ms":21.178140000000003,"block_close_ms":21.178140000000003,"close_preconfirmed_ms":21.171506,"block_production_ms":21.182330999999998,"batches_executed":0,"txs_added_to_block":0,"txs_executed":0,"txs_reverted":0,"txs_rejected":0,"classes_declared":0,"l2_gas_consumed":0,"state_diff_len":1,"declared_classes":0,"deployed_contracts":0,"storage_diffs":1,"nonce_updates":0,"consumed_l1_nonces":0,"bouncer_l1_gas":0,"bouncer_sierra_gas":0,"bouncer_n_events":0,"bouncer_message_segment_length":0,"bouncer_state_diff_size":0,"get_full_block_ms":0.003282,"commitments_ms":0.089677,"merklization_ms":9.484661000000001,"contract_trie_ms":0.978694,"class_trie_ms":0.04414,"contract_storage_trie_commit_ms":2.997961,"contract_trie_commit_ms":2.978545,"class_trie_commit_ms":2.383632,"block_hash_ms":0.09610199999999999,"db_write_ms":7.025111}
[2026-09-14 17:12:10:861] INFO ⛏️  Closed block #2598 with 0 transactions - 21.17814ms
[2026-09-14 17:12:10:861] RPC starknet_V0_10_2_getBlockWithReceipts 200 871 bytes - 93.000µs
[2026-09-14 17:12:10:862] RPC starknet_V0_10_2_getBlockWithReceipts 200 872 bytes - 66.000µs
[2026-09-14 17:12:10:866] RPC starknet_V0_10_2_getBlockWithReceipts 200 368 bytes - 35.000µs
[2026-09-14 17:12:10:867] RPC starknet_V0_10_2_getBlockWithReceipts 200 369 bytes - 29.000µs
[2026-09-14 17:12:11:034] RPC starknet_V0_10_2_getBlockWithTxHashes 200 369 bytes - 122.000µs
[2026-09-14 17:12:11:534] RPC starknet_V0_10_2_getBlockWithTxHashes 200 369 bytes - 81.000µs
[2026-09-14 17:12:11:600] RPC starknet_V0_10_2_blockNumber 200 38 bytes - 11.000µs
[2026-09-14 17:12:12:035] RPC starknet_V0_10_2_getBlockWithTxHashes 200 369 bytes - 70.000µs
[2026-09-14 17:12:12:534] RPC starknet_V0_10_2_getBlockWithTxHashes 200 369 bytes - 57.000µs
[2026-09-14 17:12:12:839] INFO Block 2599 final weights: BouncerWeights { l1_gas: 0, message_segment_length: 0, n_events: 0, state_diff_size: 0, sierra_gas: GasAmount(0), n_txs: 0, proving_gas: GasAmount(0), receipt_l2_gas: GasAmount(0) }.
[2026-09-14 17:12:12:845] INFO Block hash 0x719449c7a2c11dbf88ff3ba0a90120916db934e1623a2b108657f9f6acc8834 computed for #2599
{"timestamp":"2026-09-14T17:12:12.862612531Z","level":"INFO","target":"close_block","message":"close_block_complete","block_number":2599,"tx_count":0,"event_count":0,"close_block_total_ms":21.02379,"block_close_ms":21.02379,"close_preconfirmed_ms":21.016526,"block_production_ms":21.029098,"batches_executed":0,"txs_added_to_block":0,"txs_executed":0,"txs_reverted":0,"txs_rejected":0,"classes_declared":0,"l2_gas_consumed":0,"state_diff_len":1,"declared_classes":0,"deployed_contracts":0,"storage_diffs":1,"nonce_updates":0,"consumed_l1_nonces":0,"bouncer_l1_gas":0,"bouncer_sierra_gas":0,"bouncer_n_events":0,"bouncer_message_segment_length":0,"bouncer_state_diff_size":0,"get_full_block_ms":0.003422,"commitments_ms":0.091004,"merklization_ms":9.466502,"contract_trie_ms":1.099939,"class_trie_ms":0.062438,"contract_storage_trie_commit_ms":3.026037,"contract_trie_commit_ms":2.835858,"class_trie_commit_ms":2.327549,"block_hash_ms":0.124389,"db_write_ms":7.097118}
[2026-09-14 17:12:12:862] INFO ⛏️  Closed block #2599 with 0 transactions - 21.02379ms
[2026-09-14 17:12:12:863] RPC starknet_V0_10_2_getBlockWithReceipts 200 871 bytes - 61.000µs
[2026-09-14 17:12:12:863] RPC starknet_V0_10_2_getBlockWithReceipts 200 872 bytes - 63.000µs
[2026-09-14 17:12:12:868] RPC starknet_V0_10_2_getBlockWithReceipts 200 369 bytes - 42.000µs
[2026-09-14 17:12:12:869] RPC starknet_V0_10_2_getBlockWithReceipts 200 368 bytes - 29.000µs
[2026-09-14 17:12:13:035] RPC starknet_V0_10_2_getBlockWithTxHashes 200 369 bytes - 67.000µs
[2026-09-14 17:12:13:536] RPC starknet_V0_10_2_getBlockWithTxHashes 200 369 bytes - 182.000µs
[2026-09-14 17:12:13:636] RPC starknet_V0_10_2_blockNumber 200 38 bytes - 11.000µs
[2026-09-14 17:12:14:037] RPC starknet_V0_10_2_getBlockWithTxHashes 200 369 bytes - 92.000µs
[2026-09-14 17:12:14:539] RPC starknet_V0_10_2_getBlockWithTxHashes 200 369 bytes - 86.000µs
[2026-09-14 17:12:14:840] INFO Block 2600 final weights: BouncerWeights { l1_gas: 0, message_segment_length: 0, n_events: 0, state_diff_size: 0, sierra_gas: GasAmount(0), n_txs: 0, proving_gas: GasAmount(0), receipt_l2_gas: GasAmount(0) }.
[2026-09-14 17:12:14:846] INFO Block hash 0x31ce97e83c5e458a94a161c5d9774bc968d90ae7072bc46dcf93ceb01638714 computed for #2600
{"timestamp":"2026-09-14T17:12:14.864457478Z","level":"INFO","target":"close_block","message":"close_block_complete","block_number":2600,"tx_count":0,"event_count":0,"close_block_total_ms":22.019944,"block_close_ms":22.019944,"close_preconfirmed_ms":22.012332,"block_production_ms":22.025741,"batches_executed":0,"txs_added_to_block":0,"txs_executed":0,"txs_reverted":0,"txs_rejected":0,"classes_declared":0,"l2_gas_consumed":0,"state_diff_len":1,"declared_classes":0,"deployed_contracts":0,"storage_diffs":1,"nonce_updates":0,"consumed_l1_nonces":0,"bouncer_l1_gas":0,"bouncer_sierra_gas":0,"bouncer_n_events":0,"bouncer_message_segment_length":0,"bouncer_state_diff_size":0,"get_full_block_ms":0.015365,"commitments_ms":0.12794999999999998,"merklization_ms":9.794898,"contract_trie_ms":1.020459,"class_trie_ms":0.027169,"contract_storage_trie_commit_ms":3.233188,"contract_trie_commit_ms":3.0375609999999997,"class_trie_commit_ms":2.3571619999999998,"block_hash_ms":0.09582299999999999,"db_write_ms":7.460365}
[2026-09-14 17:12:14:864] INFO ⛏️  Closed block #2600 with 0 transactions - 22.019944ms
[2026-09-14 17:12:14:864] RPC starknet_V0_10_2_getBlockWithReceipts 200 872 bytes - 54.000µs
[2026-09-14 17:12:14:865] RPC starknet_V0_10_2_getBlockWithReceipts 200 871 bytes - 38.000µs
[2026-09-14 17:12:14:869] RPC starknet_V0_10_2_getBlockWithReceipts 200 369 bytes - 33.000µs
[2026-09-14 17:12:14:870] RPC starknet_V0_10_2_getBlockWithReceipts 200 368 bytes - 33.000µs
[2026-09-14 17:12:15:039] RPC starknet_V0_10_2_getBlockWithTxHashes 200 369 bytes - 64.000µs
[2026-09-14 17:12:15:540] RPC starknet_V0_10_2_getBlockWithTxHashes 200 369 bytes - 72.000µs
[2026-09-14 17:12:15:672] RPC starknet_V0_10_2_blockNumber 200 38 bytes - 10.000µs
[2026-09-14 17:12:16:040] RPC starknet_V0_10_2_getBlockWithTxHashes 200 369 bytes - 139.000µs
[2026-09-14 17:12:16:542] RPC starknet_V0_10_2_getBlockWithTxHashes 200 369 bytes - 80.000µs
[2026-09-14 17:12:16:841] INFO Block 2601 final weights: BouncerWeights { l1_gas: 0, message_segment_length: 0, n_events: 0, state_diff_size: 0, sierra_gas: GasAmount(0), n_txs: 0, proving_gas: GasAmount(0), receipt_l2_gas: GasAmount(0) }.
[2026-09-14 17:12:16:846] INFO Block hash 0x5ca4f43a302bdde3d73b223bfecfcd5011295eb127d8f1a1b8dd0b9cca09efc computed for #2601
{"timestamp":"2026-09-14T17:12:16.86350023Z","level":"INFO","target":"close_block","message":"close_block_complete","block_number":2601,"tx_count":0,"event_count":0,"close_block_total_ms":20.289543000000002,"block_close_ms":20.289543000000002,"close_preconfirmed_ms":20.283885,"block_production_ms":20.295827999999997,"batches_executed":0,"txs_added_to_block":0,"txs_executed":0,"txs_reverted":0,"txs_rejected":0,"classes_declared":0,"l2_gas_consumed":0,"state_diff_len":1,"declared_classes":0,"deployed_contracts":0,"storage_diffs":1,"nonce_updates":0,"consumed_l1_nonces":0,"bouncer_l1_gas":0,"bouncer_sierra_gas":0,"bouncer_n_events":0,"bouncer_message_segment_length":0,"bouncer_state_diff_size":0,"get_full_block_ms":0.0028640000000000002,"commitments_ms":0.11922,"merklization_ms":8.721011,"contract_trie_ms":0.921912,"class_trie_ms":0.026121,"contract_storage_trie_commit_ms":2.820004,"contract_trie_commit_ms":2.6227709999999997,"class_trie_commit_ms":2.2093770000000004,"block_hash_ms":0.09742999999999999,"db_write_ms":7.226535}
[2026-09-14 17:12:16:863] INFO ⛏️  Closed block #2601 with 0 transactions - 20.289543ms
[2026-09-14 17:12:16:863] RPC starknet_V0_10_2_getBlockWithReceipts 200 872 bytes - 50.000µs
[2026-09-14 17:12:16:864] RPC starknet_V0_10_2_getBlockWithReceipts 200 871 bytes - 60.000µs
[2026-09-14 17:12:16:869] RPC starknet_V0_10_2_getBlockWithReceipts 200 369 bytes - 39.000µs
[2026-09-14 17:12:16:870] RPC starknet_V0_10_2_getBlockWithReceipts 200 368 bytes - 28.000µs
[2026-09-14 17:12:17:042] RPC starknet_V0_10_2_getBlockWithTxHashes 200 369 bytes - 101.000µs
[2026-09-14 17:12:17:545] RPC starknet_V0_10_2_getBlockWithTxHashes 200 369 bytes - 104.000µs
[2026-09-14 17:12:17:712] RPC starknet_V0_10_2_blockNumber 200 38 bytes - 12.000µs
[2026-09-14 17:12:18:045] RPC starknet_V0_10_2_getBlockWithTxHashes 200 369 bytes - 56.000µs
[2026-09-14 17:12:18:546] RPC starknet_V0_10_2_getBlockWithTxHashes 200 369 bytes - 58.000µs
[2026-09-14 17:12:18:842] INFO Block 2602 final weights: BouncerWeights { l1_gas: 0, message_segment_length: 0, n_events: 0, state_diff_size: 0, sierra_gas: GasAmount(0), n_txs: 0, proving_gas: GasAmount(0), receipt_l2_gas: GasAmount(0) }.
[2026-09-14 17:12:18:846] INFO Block hash 0x5dc4d8a882976c2abe9e5565cfba707795e8e88ca3d56f14b465df5cf5a2067 computed for #2602
{"timestamp":"2026-09-14T17:12:18.863432Z","level":"INFO","target":"close_block","message":"close_block_complete","block_number":2602,"tx_count":0,"event_count":0,"close_block_total_ms":19.635543,"block_close_ms":19.635543,"close_preconfirmed_ms":19.629397,"block_production_ms":19.640852,"batches_executed":0,"txs_added_to_block":0,"txs_executed":0,"txs_reverted":0,"txs_rejected":0,"classes_declared":0,"l2_gas_consumed":0,"state_diff_len":1,"declared_classes":0,"deployed_contracts":0,"storage_diffs":1,"nonce_updates":0,"consumed_l1_nonces":0,"bouncer_l1_gas":0,"bouncer_sierra_gas":0,"bouncer_n_events":0,"bouncer_message_segment_length":0,"bouncer_state_diff_size":0,"get_full_block_ms":0.002863,"commitments_ms":0.089188,"merklization_ms":8.989413,"contract_trie_ms":0.646736,"class_trie_ms":0.022978,"contract_storage_trie_commit_ms":3.418129,"contract_trie_commit_ms":2.5789099999999996,"class_trie_commit_ms":2.194151,"block_hash_ms":0.09379799999999999,"db_write_ms":6.731566}
[2026-09-14 17:12:18:863] INFO ⛏️  Closed block #2602 with 0 transactions - 19.635543ms
[2026-09-14 17:12:18:863] RPC starknet_V0_10_2_getBlockWithReceipts 200 872 bytes - 46.000µs
[2026-09-14 17:12:18:863] RPC starknet_V0_10_2_getBlockWithReceipts 200 871 bytes - 33.000µs
[2026-09-14 17:12:18:868] RPC starknet_V0_10_2_getBlockWithReceipts 200 369 bytes - 34.000µs
[2026-09-14 17:12:18:869] RPC starknet_V0_10_2_getBlockWithReceipts 200 368 bytes - 17.000µs
[2026-09-14 17:12:19:047] RPC starknet_V0_10_2_getBlockWithTxHashes 200 369 bytes - 66.000µs
[2026-09-14 17:12:19:547] RPC starknet_V0_10_2_getBlockWithTxHashes 200 369 bytes - 67.000µs
[2026-09-14 17:12:19:752] RPC starknet_V0_10_2_blockNumber 200 38 bytes - 10.000µs
[2026-09-14 17:12:20:048] RPC starknet_V0_10_2_getBlockWithTxHashes 200 369 bytes - 94.000µs
[2026-09-14 17:12:20:548] RPC starknet_V0_10_2_getBlockWithTxHashes 200 369 bytes - 69.000µs
[2026-09-14 17:12:20:843] INFO Block 2603 final weights: BouncerWeights { l1_gas: 0, message_segment_length: 0, n_events: 0, state_diff_size: 0, sierra_gas: GasAmount(0), n_txs: 0, proving_gas: GasAmount(0), receipt_l2_gas: GasAmount(0) }.
[2026-09-14 17:12:20:848] INFO Block hash 0x1cb61f12db7868f46991e9411558b0fa5c3f259b6365ecae838f5e283ffac3 computed for #2603
{"timestamp":"2026-09-14T17:12:20.864456514Z","level":"INFO","target":"close_block","message":"close_block_complete","block_number":2603,"tx_count":0,"event_count":0,"close_block_total_ms":19.272925,"block_close_ms":19.272925,"close_preconfirmed_ms":19.266289999999998,"block_production_ms":19.278512000000003,"batches_executed":0,"txs_added_to_block":0,"txs_executed":0,"txs_reverted":0,"txs_rejected":0,"classes_declared":0,"l2_gas_consumed":0,"state_diff_len":1,"declared_classes":0,"deployed_contracts":0,"storage_diffs":1,"nonce_updates":0,"consumed_l1_nonces":0,"bouncer_l1_gas":0,"bouncer_sierra_gas":0,"bouncer_n_events":0,"bouncer_message_segment_length":0,"bouncer_state_diff_size":0,"get_full_block_ms":0.003771,"commitments_ms":0.11111800000000001,"merklization_ms":8.83597,"contract_trie_ms":0.97171,"class_trie_ms":0.029054,"contract_storage_trie_commit_ms":2.765876,"contract_trie_commit_ms":2.787388,"class_trie_commit_ms":2.131782,"block_hash_ms":0.12355,"db_write_ms":6.483697}
[2026-09-14 17:12:20:864] INFO ⛏️  Closed block #2603 with 0 transactions - 19.272925ms
[2026-09-14 17:12:20:864] RPC starknet_V0_10_2_getBlockWithReceipts 200 871 bytes - 44.000µs
[2026-09-14 17:12:20:864] RPC starknet_V0_10_2_getBlockWithReceipts 200 870 bytes - 44.000µs
[2026-09-14 17:12:20:869] RPC starknet_V0_10_2_getBlockWithReceipts 200 369 bytes - 33.000µs
[2026-09-14 17:12:20:870] RPC starknet_V0_10_2_getBlockWithReceipts 200 368 bytes - 21.000µs
[2026-09-14 17:12:21:049] RPC starknet_V0_10_2_getBlockWithTxHashes 200 369 bytes - 163.000µs
[2026-09-14 17:12:21:551] RPC starknet_V0_10_2_getBlockWithTxHashes 200 369 bytes - 73.000µs
[2026-09-14 17:12:21:792] RPC starknet_V0_10_2_blockNumber 200 38 bytes - 10.000µs
[2026-09-14 17:12:22:052] RPC starknet_V0_10_2_getBlockWithTxHashes 200 369 bytes - 92.000µs
[2026-09-14 17:12:22:552] RPC starknet_V0_10_2_getBlockWithTxHashes 200 369 bytes - 67.000µs
[2026-09-14 17:12:22:844] INFO Block 2604 final weights: BouncerWeights { l1_gas: 0, message_segment_length: 0, n_events: 0, state_diff_size: 0, sierra_gas: GasAmount(0), n_txs: 0, proving_gas: GasAmount(0), receipt_l2_gas: GasAmount(0) }.
[2026-09-14 17:12:22:850] INFO Block hash 0x7581536b1303fc374eaf7dfb8b838dddc6b7154e3664ade15fe08f8f25861f1 computed for #2604
{"timestamp":"2026-09-14T17:12:22.867472918Z","level":"INFO","target":"close_block","message":"close_block_complete","block_number":2604,"tx_count":0,"event_count":0,"close_block_total_ms":20.708594,"block_close_ms":20.708594,"close_preconfirmed_ms":20.69679,"block_production_ms":20.713343,"batches_executed":0,"txs_added_to_block":0,"txs_executed":0,"txs_reverted":0,"txs_rejected":0,"classes_declared":0,"l2_gas_consumed":0,"state_diff_len":1,"declared_classes":0,"deployed_contracts":0,"storage_diffs":1,"nonce_updates":0,"consumed_l1_nonces":0,"bouncer_l1_gas":0,"bouncer_sierra_gas":0,"bouncer_n_events":0,"bouncer_message_segment_length":0,"bouncer_state_diff_size":0,"get_full_block_ms":0.003771,"commitments_ms":0.120198,"merklization_ms":9.077553,"contract_trie_ms":0.925264,"class_trie_ms":0.02619,"contract_storage_trie_commit_ms":2.889497,"contract_trie_commit_ms":2.783896,"class_trie_commit_ms":2.299682,"block_hash_ms":0.12229299999999999,"db_write_ms":7.088038}
[2026-09-14 17:12:22:867] INFO ⛏️  Closed block #2604 with 0 transactions - 20.708594ms
[2026-09-14 17:12:22:867] RPC starknet_V0_10_2_getBlockWithReceipts 200 870 bytes - 58.000µs
[2026-09-14 17:12:22:868] RPC starknet_V0_10_2_getBlockWithReceipts 200 871 bytes - 56.000µs
[2026-09-14 17:12:22:873] RPC starknet_V0_10_2_getBlockWithReceipts 200 368 bytes - 72.000µs
[2026-09-14 17:12:22:874] RPC starknet_V0_10_2_getBlockWithReceipts 200 369 bytes - 26.000µs
[2026-09-14 17:12:23:053] RPC starknet_V0_10_2_getBlockWithTxHashes 200 369 bytes - 70.000µs
[2026-09-14 17:12:23:553] RPC starknet_V0_10_2_getBlockWithTxHashes 200 369 bytes - 62.000µs
[2026-09-14 17:12:23:832] RPC starknet_V0_10_2_blockNumber 200 38 bytes - 11.000µs
[2026-09-14 17:12:24:054] RPC starknet_V0_10_2_getBlockWithTxHashes 200 369 bytes - 67.000µs
[2026-09-14 17:12:24:555] RPC starknet_V0_10_2_getBlockWithTxHashes 200 369 bytes - 88.000µs
[2026-09-14 17:12:24:846] INFO Block 2605 final weights: BouncerWeights { l1_gas: 0, message_segment_length: 0, n_events: 0, state_diff_size: 0, sierra_gas: GasAmount(0), n_txs: 0, proving_gas: GasAmount(0), receipt_l2_gas: GasAmount(0) }.
[2026-09-14 17:12:24:850] INFO Block hash 0x15f359300560c9e6bc679c33bbd8dc2e76f05d5d03ae2fb68d35921108cf3a9 computed for #2605
{"timestamp":"2026-09-14T17:12:24.866465734Z","level":"INFO","target":"close_block","message":"close_block_complete","block_number":2605,"tx_count":0,"event_count":0,"close_block_total_ms":18.60384,"block_close_ms":18.60384,"close_preconfirmed_ms":18.599091,"block_production_ms":18.609567000000002,"batches_executed":0,"txs_added_to_block":0,"txs_executed":0,"txs_reverted":0,"txs_rejected":0,"classes_declared":0,"l2_gas_consumed":0,"state_diff_len":1,"declared_classes":0,"deployed_contracts":0,"storage_diffs":1,"nonce_updates":0,"consumed_l1_nonces":0,"bouncer_l1_gas":0,"bouncer_sierra_gas":0,"bouncer_n_events":0,"bouncer_message_segment_length":0,"bouncer_state_diff_size":0,"get_full_block_ms":0.002863,"commitments_ms":0.07976,"merklization_ms":8.162276,"contract_trie_ms":0.667548,"class_trie_ms":0.019765,"contract_storage_trie_commit_ms":2.7284409999999997,"contract_trie_commit_ms":2.457874,"class_trie_commit_ms":2.179274,"block_hash_ms":0.084858,"db_write_ms":6.582104}
[2026-09-14 17:12:24:866] INFO ⛏️  Closed block #2605 with 0 transactions - 18.60384ms
[2026-09-14 17:12:24:866] RPC starknet_V0_10_2_getBlockWithReceipts 200 872 bytes - 44.000µs
[2026-09-14 17:12:24:866] RPC starknet_V0_10_2_getBlockWithReceipts 200 871 bytes - 45.000µs
[2026-09-14 17:12:24:871] RPC starknet_V0_10_2_getBlockWithReceipts 200 369 bytes - 39.000µs
[2026-09-14 17:12:24:872] RPC starknet_V0_10_2_getBlockWithReceipts 200 368 bytes - 20.000µs
[2026-09-14 17:12:25:055] RPC starknet_V0_10_2_getBlockWithTxHashes 200 369 bytes - 59.000µs
[2026-09-14 17:12:25:557] RPC starknet_V0_10_2_getBlockWithTxHashes 200 369 bytes - 134.000µs
[2026-09-14 17:12:25:798] RPC starknet_V0_10_2_chainId 200 78 bytes - 11.000µs
[2026-09-14 17:12:25:816] RPC starknet_V0_10_2_call 200 244 bytes - 691.000µs
[2026-09-14 17:12:25:818] RPC starknet_V0_10_2_call 200 245 bytes - 436.000µs
[2026-09-14 17:12:25:819] RPC starknet_V0_10_2_call 200 245 bytes - 428.000µs
[2026-09-14 17:12:25:821] RPC starknet_V0_10_2_call 200 245 bytes - 407.000µs
[2026-09-14 17:12:25:822] RPC starknet_V0_10_2_call 200 59 bytes - 407.000µs
[2026-09-14 17:12:25:868] RPC starknet_V0_10_2_blockNumber 200 38 bytes - 9.000µs
[2026-09-14 17:12:26:057] RPC starknet_V0_10_2_getBlockWithTxHashes 200 369 bytes - 80.000µs
[2026-09-14 17:12:26:558] RPC starknet_V0_10_2_getBlockWithTxHashes 200 369 bytes - 65.000µs
[2026-09-14 17:12:26:847] INFO Block 2606 final weights: BouncerWeights { l1_gas: 0, message_segment_length: 0, n_events: 0, state_diff_size: 0, sierra_gas: GasAmount(0), n_txs: 0, proving_gas: GasAmount(0), receipt_l2_gas: GasAmount(0) }.
[2026-09-14 17:12:26:853] INFO Block hash 0x19124564abc1806faa6300bdf7d2870235ac7b7600c8634fe78db8ffaba52f9 computed for #2606
[2026-09-14 17:12:26:859] RPC starknet_V0_9_0_chainId 200 78 bytes - 12.000µs
[2026-09-14 17:12:26:864] RPC starknet_V0_9_0_call 200 280 bytes - 618.000µs
{"timestamp":"2026-09-14T17:12:26.869823036Z","level":"INFO","target":"close_block","message":"close_block_complete","block_number":2606,"tx_count":0,"event_count":0,"close_block_total_ms":19.684433000000002,"block_close_ms":19.684433000000002,"close_preconfirmed_ms":19.678357000000002,"block_production_ms":19.691487000000002,"batches_executed":0,"txs_added_to_block":0,"txs_executed":0,"txs_reverted":0,"txs_rejected":0,"classes_declared":0,"l2_gas_consumed":0,"state_diff_len":1,"declared_classes":0,"deployed_contracts":0,"storage_diffs":1,"nonce_updates":0,"consumed_l1_nonces":0,"bouncer_l1_gas":0,"bouncer_sierra_gas":0,"bouncer_n_events":0,"bouncer_message_segment_length":0,"bouncer_state_diff_size":0,"get_full_block_ms":0.0032830000000000003,"commitments_ms":0.080108,"merklization_ms":8.471815000000001,"contract_trie_ms":0.64045,"class_trie_ms":0.034293,"contract_storage_trie_commit_ms":2.600142,"contract_trie_commit_ms":2.7935339999999997,"class_trie_commit_ms":2.306527,"block_hash_ms":0.084509,"db_write_ms":7.073931}
[2026-09-14 17:12:26:869] INFO ⛏️  Closed block #2606 with 0 transactions - 19.684433ms
[2026-09-14 17:12:26:870] RPC starknet_V0_10_2_getBlockWithReceipts 200 872 bytes - 70.000µs
[2026-09-14 17:12:26:870] RPC starknet_V0_10_2_getBlockWithReceipts 200 871 bytes - 73.000µs
[2026-09-14 17:12:26:875] RPC starknet_V0_10_2_getBlockWithReceipts 200 369 bytes - 53.000µs
[2026-09-14 17:12:26:876] RPC starknet_V0_10_2_getBlockWithReceipts 200 368 bytes - 31.000µs
[2026-09-14 17:12:26:893] RPC starknet_V0_9_0_getNonce 200 39 bytes - 80.000µs
[2026-09-14 17:12:26:895] RPC starknet_V0_9_0_simulateTransactions 41 424 bytes - 1.469ms
[2026-09-14 17:12:26:897] RPC starknet_V0_9_0_simulateTransactions 200 1368 bytes - 1.879ms
[2026-09-14 17:12:26:900] RPC starknet_V0_9_0_estimateFee 41 681 bytes - 1.810ms
[2026-09-14 17:12:26:900] RPC starknet_V0_9_0_call 40 641 bytes - 446.000µs
[2026-09-14 17:12:26:905] RPC starknet_V0_10_2_call 200 280 bytes - 479.000µs
[2026-09-14 17:12:26:906] RPC starknet_V0_10_2_getBlockWithTxHashes 200 869 bytes - 48.000µs
[2026-09-14 17:12:26:908] RPC starknet_V0_10_2_call 40 645 bytes - 440.000µs
[2026-09-14 17:12:26:911] RPC starknet_V0_10_2_call 40 645 bytes - 396.000µs
[2026-09-14 17:12:26:913] RPC starknet_V0_10_2_call 200 280 bytes - 445.000µs
[2026-09-14 17:12:26:914] RPC starknet_V0_10_2_getBlockWithTxHashes 200 869 bytes - 46.000µs
[2026-09-14 17:12:26:917] RPC starknet_V0_10_2_call 200 280 bytes - 556.000µs
[2026-09-14 17:12:26:918] RPC starknet_V0_10_2_getBlockWithTxHashes 200 869 bytes - 42.000µs
[2026-09-14 17:12:26:936] RPC starknet_V0_10_2_call 200 59 bytes - 585.000µs
[2026-09-14 17:12:26:938] RPC starknet_V0_10_2_getNonce 200 39 bytes - 44.000µs
[2026-09-14 17:12:27:040] RPC starknet_V0_9_0_call 200 59 bytes - 625.000µs
[2026-09-14 17:12:27:058] RPC starknet_V0_10_2_getBlockWithTxHashes 200 369 bytes - 54.000µs
[2026-09-14 17:12:27:559] RPC starknet_V0_10_2_getBlockWithTxHashes 200 369 bytes - 53.000µs
[2026-09-14 17:12:27:842] RPC starknet_V0_10_2_chainId 200 78 bytes - 12.000µs
[2026-09-14 17:12:27:858] RPC starknet_V0_10_2_call 200 244 bytes - 671.000µs
[2026-09-14 17:12:27:859] RPC starknet_V0_10_2_call 200 245 bytes - 444.000µs
[2026-09-14 17:12:27:859] RPC starknet_V0_10_2_call 200 245 bytes - 386.000µs
[2026-09-14 17:12:27:860] RPC starknet_V0_10_2_call 200 245 bytes - 416.000µs
[2026-09-14 17:12:27:861] RPC starknet_V0_10_2_call 200 59 bytes - 377.000µs
[2026-09-14 17:12:27:861] RPC starknet_V0_10_2_call 200 59 bytes - 392.000µs
[2026-09-14 17:12:27:867] RPC starknet_V0_10_2_call 200 59 bytes - 613.000µs
[2026-09-14 17:12:27:868] RPC starknet_V0_10_2_getTransactionStatus 29 83 bytes - 27.000µs
[2026-09-14 17:12:27:871] INFO 🔖 Inserted 1 transaction to the mempool [1/10000 transaction(s), 1 account(s), 1 ready]
[2026-09-14 17:12:27:871] RPC starknet_V0_10_2_addInvokeTransaction 200 122 bytes - 1.672ms
[2026-09-14 17:12:27:871] RPC starknet_V0_10_2_call 200 59 bytes - 500.000µs
[2026-09-14 17:12:27:872] RPC starknet_V0_10_2_getTransactionStatus 200 88 bytes - 27.000µs
{"timestamp":"2026-09-14T17:12:27.875328985Z","level":"INFO","target":"sequencer_randomness","message":"randomness_submission_checks","action":"0x1ef545fa7da330e7d146ee39258a17fa1112080f666ff4156dbe4e009bee471","order":5,"transaction":"0x7abe8268c4a13ef415ef0123dc32d1db8ca1f31b83b07c9caf95cc63d814be0","checks_ms":4.106281}
{"timestamp":"2026-09-14T17:12:27.882255968Z","level":"INFO","target":"execution_measurement","message":"execution_batch_member","transaction":"0x7abe8268c4a13ef415ef0123dc32d1db8ca1f31b83b07c9caf95cc63d814be0","batch_count":1,"batch_execution_ms":6.800638999999999,"amortized_execution_ms":6.800638999999999,"l2_gas":4409255,"reverted":false}
{"timestamp":"2026-09-14T17:12:27.883733193Z","level":"INFO","target":"execution_measurement","message":"preconfirmed_persistence","transaction":"0x7abe8268c4a13ef415ef0123dc32d1db8ca1f31b83b07c9caf95cc63d814be0","block_number":2607,"batch_count":1,"event_count":1,"batch_persistence_ms":1.377071}
[2026-09-14 17:12:27:883] INFO 🧮 Executed and added 1 transaction(s) to the preconfirmed block at height 2607 - 6.801ms
[2026-09-14 17:12:27:884] RPC starknet_V0_10_2_call 200 59 bytes - 620.000µs
[2026-09-14 17:12:27:884] RPC starknet_V0_10_2_getTransactionStatus 200 100 bytes - 11.000µs
[2026-09-14 17:12:27:896] RPC starknet_V0_10_2_call 200 244 bytes - 523.000µs
[2026-09-14 17:12:27:907] RPC starknet_V0_10_2_blockNumber 200 38 bytes - 9.000µs
[2026-09-14 17:12:27:944] RPC starknet_V0_9_0_call 200 244 bytes - 532.000µs
[2026-09-14 17:12:28:059] RPC starknet_V0_10_2_getBlockWithTxHashes 200 436 bytes - 22.000µs
[2026-09-14 17:12:28:560] RPC starknet_V0_10_2_getBlockWithTxHashes 200 436 bytes - 28.000µs
[2026-09-14 17:12:28:848] INFO Block 2607 final weights: BouncerWeights { l1_gas: 0, message_segment_length: 0, n_events: 1, state_diff_size: 26, sierra_gas: GasAmount(40837655), n_txs: 1, proving_gas: GasAmount(51353106), receipt_l2_gas: GasAmount(4409255) }.
[2026-09-14 17:12:28:852] INFO Block hash 0x107142ef59b86e68a172daf95692ec9f8cc4cc9e7bd5f7c2bc64b73f7de4fe1 computed for #2607
{"timestamp":"2026-09-14T17:12:28.872408935Z","level":"INFO","target":"close_block","message":"close_block_complete","block_number":2607,"tx_count":1,"event_count":1,"close_block_total_ms":23.557373,"block_close_ms":23.557373,"close_preconfirmed_ms":23.548642,"block_production_ms":995.58289,"batches_executed":1,"txs_added_to_block":1,"txs_executed":1,"txs_reverted":0,"txs_rejected":0,"classes_declared":0,"l2_gas_consumed":4409255,"state_diff_len":13,"declared_classes":0,"deployed_contracts":0,"storage_diffs":2,"nonce_updates":1,"consumed_l1_nonces":0,"bouncer_l1_gas":0,"bouncer_sierra_gas":40837655,"bouncer_n_events":1,"bouncer_message_segment_length":0,"bouncer_state_diff_size":26,"get_full_block_ms":0.009359,"commitments_ms":0.316104,"merklization_ms":10.292311999999999,"contract_trie_ms":1.277616,"class_trie_ms":0.025772,"contract_storage_trie_commit_ms":3.761821,"contract_trie_commit_ms":2.746041,"class_trie_commit_ms":2.341937,"block_hash_ms":0.115449,"db_write_ms":9.467899000000001}
[2026-09-14 17:12:28:872] INFO ⛏️  Closed block #2607 with 1 transactions - 23.557373ms
[2026-09-14 17:12:28:872] RPC starknet_V0_10_2_getBlockWithReceipts 200 3206 bytes - 72.000µs
[2026-09-14 17:12:28:872] RPC starknet_V0_10_2_getBlockWithReceipts 200 3207 bytes - 64.000µs
[2026-09-14 17:12:28:878] RPC starknet_V0_10_2_getBlockWithReceipts 200 368 bytes - 70.000µs
[2026-09-14 17:12:28:879] RPC starknet_V0_10_2_getBlockWithReceipts 200 369 bytes - 33.000µs
[2026-09-14 17:12:29:061] RPC starknet_V0_10_2_getBlockWithTxHashes 200 369 bytes - 150.000µs
[2026-09-14 17:12:29:561] RPC starknet_V0_10_2_getBlockWithTxHashes 200 369 bytes - 73.000µs
[2026-09-14 17:12:29:942] RPC starknet_V0_10_2_blockNumber 200 38 bytes - 10.000µs
[2026-09-14 17:12:30:062] RPC starknet_V0_10_2_getBlockWithTxHashes 200 369 bytes - 79.000µs
[2026-09-14 17:12:30:562] RPC starknet_V0_10_2_getBlockWithTxHashes 200 369 bytes - 73.000µs
[2026-09-14 17:12:30:850] INFO Block 2608 final weights: BouncerWeights { l1_gas: 0, message_segment_length: 0, n_events: 0, state_diff_size: 0, sierra_gas: GasAmount(0), n_txs: 0, proving_gas: GasAmount(0), receipt_l2_gas: GasAmount(0) }.
[2026-09-14 17:12:30:855] INFO Block hash 0x36d9418a068987e7c025849d43afc69295eb1346b7a2674b0cc158141089e7c computed for #2608
{"timestamp":"2026-09-14T17:12:30.872600167Z","level":"INFO","target":"close_block","message":"close_block_complete","block_number":2608,"tx_count":0,"event_count":0,"close_block_total_ms":20.457791999999998,"block_close_ms":20.457791999999998,"close_preconfirmed_ms":20.452624,"block_production_ms":20.461982,"batches_executed":0,"txs_added_to_block":0,"txs_executed":0,"txs_reverted":0,"txs_rejected":0,"classes_declared":0,"l2_gas_consumed":0,"state_diff_len":1,"declared_classes":0,"deployed_contracts":0,"storage_diffs":1,"nonce_updates":0,"consumed_l1_nonces":0,"bouncer_l1_gas":0,"bouncer_sierra_gas":0,"bouncer_n_events":0,"bouncer_message_segment_length":0,"bouncer_state_diff_size":0,"get_full_block_ms":0.0029330000000000003,"commitments_ms":0.090096,"merklization_ms":8.745245,"contract_trie_ms":0.6550469999999999,"class_trie_ms":0.019765,"contract_storage_trie_commit_ms":2.967509,"contract_trie_commit_ms":2.595742,"class_trie_commit_ms":2.3725270000000003,"block_hash_ms":0.090096,"db_write_ms":7.397787}
[2026-09-14 17:12:30:872] INFO ⛏️  Closed block #2608 with 0 transactions - 20.457792ms
[2026-09-14 17:12:30:873] RPC starknet_V0_10_2_getBlockWithReceipts 200 872 bytes - 68.000µs
[2026-09-14 17:12:30:873] RPC starknet_V0_10_2_getBlockWithReceipts 200 871 bytes - 37.000µs
[2026-09-14 17:12:30:878] RPC starknet_V0_10_2_getBlockWithReceipts 200 369 bytes - 48.000µs
[2026-09-14 17:12:30:879] RPC starknet_V0_10_2_getBlockWithReceipts 200 368 bytes - 24.000µs
[2026-09-14 17:12:31:063] RPC starknet_V0_10_2_getBlockWithTxHashes 200 369 bytes - 64.000µs
[2026-09-14 17:12:31:563] RPC starknet_V0_10_2_getBlockWithTxHashes 200 369 bytes - 67.000µs
[2026-09-14 17:12:31:981] RPC starknet_V0_10_2_blockNumber 200 38 bytes - 9.000µs
[2026-09-14 17:12:32:064] RPC starknet_V0_10_2_getBlockWithTxHashes 200 369 bytes - 120.000µs
[2026-09-14 17:12:32:564] RPC starknet_V0_10_2_getBlockWithTxHashes 200 369 bytes - 123.000µs
[2026-09-14 17:12:32:851] INFO Block 2609 final weights: BouncerWeights { l1_gas: 0, message_segment_length: 0, n_events: 0, state_diff_size: 0, sierra_gas: GasAmount(0), n_txs: 0, proving_gas: GasAmount(0), receipt_l2_gas: GasAmount(0) }.
[2026-09-14 17:12:32:858] INFO Block hash 0x581d376da80d3e2c8f63fde833d167b9035efe8566fa56c0a30db677159a77d computed for #2609
{"timestamp":"2026-09-14T17:12:32.876900683Z","level":"INFO","target":"close_block","message":"close_block_complete","block_number":2609,"tx_count":0,"event_count":0,"close_block_total_ms":22.003392,"block_close_ms":22.003392,"close_preconfirmed_ms":21.995359999999998,"block_production_ms":22.008699999999997,"batches_executed":0,"txs_added_to_block":0,"txs_executed":0,"txs_reverted":0,"txs_rejected":0,"classes_declared":0,"l2_gas_consumed":0,"state_diff_len":1,"declared_classes":0,"deployed_contracts":0,"storage_diffs":1,"nonce_updates":0,"consumed_l1_nonces":0,"bouncer_l1_gas":0,"bouncer_sierra_gas":0,"bouncer_n_events":0,"bouncer_message_segment_length":0,"bouncer_state_diff_size":0,"get_full_block_ms":0.0038410000000000002,"commitments_ms":0.11922,"merklization_ms":9.554084,"contract_trie_ms":0.8844770000000001,"class_trie_ms":0.028636,"contract_storage_trie_commit_ms":3.0384689999999996,"contract_trie_commit_ms":2.939503,"class_trie_commit_ms":2.5448269999999997,"block_hash_ms":0.09624200000000001,"db_write_ms":7.585313}
[2026-09-14 17:12:32:876] INFO ⛏️  Closed block #2609 with 0 transactions - 22.003392ms
[2026-09-14 17:12:32:877] RPC starknet_V0_10_2_getBlockWithReceipts 200 871 bytes - 67.000µs
[2026-09-14 17:12:32:877] RPC starknet_V0_10_2_getBlockWithReceipts 200 872 bytes - 58.000µs
[2026-09-14 17:12:32:882] RPC starknet_V0_10_2_getBlockWithReceipts 200 368 bytes - 56.000µs
[2026-09-14 17:12:32:884] RPC starknet_V0_10_2_getBlockWithReceipts 200 369 bytes - 31.000µs
[2026-09-14 17:12:33:064] RPC starknet_V0_10_2_getBlockWithTxHashes 200 369 bytes - 66.000µs
[2026-09-14 17:12:33:565] RPC starknet_V0_10_2_getBlockWithTxHashes 200 369 bytes - 93.000µs
[2026-09-14 17:12:34:021] RPC starknet_V0_10_2_blockNumber 200 38 bytes - 10.000µs
[2026-09-14 17:12:34:065] RPC starknet_V0_10_2_getBlockWithTxHashes 200 369 bytes - 87.000µs
[2026-09-14 17:12:34:566] RPC starknet_V0_10_2_getBlockWithTxHashes 200 369 bytes - 171.000µs
[2026-09-14 17:12:34:853] INFO Block 2610 final weights: BouncerWeights { l1_gas: 0, message_segment_length: 0, n_events: 0, state_diff_size: 0, sierra_gas: GasAmount(0), n_txs: 0, proving_gas: GasAmount(0), receipt_l2_gas: GasAmount(0) }.
[2026-09-14 17:12:34:859] INFO Block hash 0x7cb4d14ee8c7621c5ac8af2a85f64dc4238aa1b28ed113360cd3b5d3eb0e32c computed for #2610
{"timestamp":"2026-09-14T17:12:34.87841877Z","level":"INFO","target":"close_block","message":"close_block_complete","block_number":2610,"tx_count":0,"event_count":0,"close_block_total_ms":22.390944,"block_close_ms":22.390944,"close_preconfirmed_ms":22.382912,"block_production_ms":22.396182,"batches_executed":0,"txs_added_to_block":0,"txs_executed":0,"txs_reverted":0,"txs_rejected":0,"classes_declared":0,"l2_gas_consumed":0,"state_diff_len":1,"declared_classes":0,"deployed_contracts":0,"storage_diffs":1,"nonce_updates":0,"consumed_l1_nonces":0,"bouncer_l1_gas":0,"bouncer_sierra_gas":0,"bouncer_n_events":0,"bouncer_message_segment_length":0,"bouncer_state_diff_size":0,"get_full_block_ms":0.003912,"commitments_ms":0.091004,"merklization_ms":9.775901,"contract_trie_ms":0.8615689999999999,"class_trie_ms":0.027727,"contract_storage_trie_commit_ms":3.124864,"contract_trie_commit_ms":2.9872050000000003,"class_trie_commit_ms":2.659438,"block_hash_ms":0.095194,"db_write_ms":7.577629}
[2026-09-14 17:12:34:878] INFO ⛏️  Closed block #2610 with 0 transactions - 22.390944ms
[2026-09-14 17:12:34:878] RPC starknet_V0_10_2_getBlockWithReceipts 200 872 bytes - 51.000µs
[2026-09-14 17:12:34:878] RPC starknet_V0_10_2_getBlockWithReceipts 200 871 bytes - 69.000µs
[2026-09-14 17:12:34:883] RPC starknet_V0_10_2_getBlockWithReceipts 200 368 bytes - 33.000µs
[2026-09-14 17:12:34:884] RPC starknet_V0_10_2_getBlockWithReceipts 200 369 bytes - 24.000µs
[2026-09-14 17:12:35:065] RPC starknet_V0_10_2_getBlockWithTxHashes 200 369 bytes - 59.000µs
[2026-09-14 17:12:35:566] RPC starknet_V0_10_2_getBlockWithTxHashes 200 369 bytes - 93.000µs
[2026-09-14 17:12:36:056] RPC starknet_V0_10_2_blockNumber 200 38 bytes - 11.000µs
[2026-09-14 17:12:36:066] RPC starknet_V0_10_2_getBlockWithTxHashes 200 369 bytes - 52.000µs
[2026-09-14 17:12:36:567] RPC starknet_V0_10_2_getBlockWithTxHashes 200 369 bytes - 108.000µs
[2026-09-14 17:12:36:855] INFO Block 2611 final weights: BouncerWeights { l1_gas: 0, message_segment_length: 0, n_events: 0, state_diff_size: 0, sierra_gas: GasAmount(0), n_txs: 0, proving_gas: GasAmount(0), receipt_l2_gas: GasAmount(0) }.
[2026-09-14 17:12:36:862] INFO Block hash 0x332460d33eaf55f8e333ef8b425e299073dff0f6fc72439206c95b9a5d7f83e computed for #2611
{"timestamp":"2026-09-14T17:12:36.879977924Z","level":"INFO","target":"close_block","message":"close_block_complete","block_number":2611,"tx_count":0,"event_count":0,"close_block_total_ms":21.516944,"block_close_ms":21.516944,"close_preconfirmed_ms":21.510727,"block_production_ms":21.521203,"batches_executed":0,"txs_added_to_block":0,"txs_executed":0,"txs_reverted":0,"txs_rejected":0,"classes_declared":0,"l2_gas_consumed":0,"state_diff_len":1,"declared_classes":0,"deployed_contracts":0,"storage_diffs":1,"nonce_updates":0,"consumed_l1_nonces":0,"bouncer_l1_gas":0,"bouncer_sierra_gas":0,"bouncer_n_events":0,"bouncer_message_segment_length":0,"bouncer_state_diff_size":0,"get_full_block_ms":0.004819,"commitments_ms":0.119011,"merklization_ms":9.760537,"contract_trie_ms":0.889506,"class_trie_ms":0.024165,"contract_storage_trie_commit_ms":3.092108,"contract_trie_commit_ms":3.097066,"class_trie_commit_ms":2.517938,"block_hash_ms":0.11035,"db_write_ms":7.3129290000000005}
[2026-09-14 17:12:36:880] INFO ⛏️  Closed block #2611 with 0 transactions - 21.516944ms
[2026-09-14 17:12:36:880] RPC starknet_V0_10_2_getBlockWithReceipts 200 872 bytes - 41.000µs
[2026-09-14 17:12:36:880] RPC starknet_V0_10_2_getBlockWithReceipts 200 871 bytes - 45.000µs
[2026-09-14 17:12:36:884] RPC starknet_V0_10_2_getBlockWithReceipts 200 368 bytes - 30.000µs
[2026-09-14 17:12:36:885] RPC starknet_V0_10_2_getBlockWithReceipts 200 369 bytes - 18.000µs
[2026-09-14 17:12:37:067] RPC starknet_V0_10_2_getBlockWithTxHashes 200 369 bytes - 57.000µs
[2026-09-14 17:12:37:567] RPC starknet_V0_10_2_getBlockWithTxHashes 200 369 bytes - 69.000µs
[2026-09-14 17:12:38:067] RPC starknet_V0_10_2_getBlockWithTxHashes 200 369 bytes - 73.000µs
[2026-09-14 17:12:38:096] RPC starknet_V0_10_2_blockNumber 200 38 bytes - 11.000µs
[2026-09-14 17:12:38:567] RPC starknet_V0_10_2_getBlockWithTxHashes 200 369 bytes - 64.000µs
[2026-09-14 17:12:38:858] INFO Block 2612 final weights: BouncerWeights { l1_gas: 0, message_segment_length: 0, n_events: 0, state_diff_size: 0, sierra_gas: GasAmount(0), n_txs: 0, proving_gas: GasAmount(0), receipt_l2_gas: GasAmount(0) }.
[2026-09-14 17:12:38:864] INFO Block hash 0x2722ef928b58f400b1b508a923787733ee90131ecc42be54b16b15a97083954 computed for #2612
{"timestamp":"2026-09-14T17:12:38.882756517Z","level":"INFO","target":"close_block","message":"close_block_complete","block_number":2612,"tx_count":0,"event_count":0,"close_block_total_ms":22.181418,"block_close_ms":22.181418,"close_preconfirmed_ms":22.173317,"block_production_ms":22.185679,"batches_executed":0,"txs_added_to_block":0,"txs_executed":0,"txs_reverted":0,"txs_rejected":0,"classes_declared":0,"l2_gas_consumed":0,"state_diff_len":1,"declared_classes":0,"deployed_contracts":0,"storage_diffs":1,"nonce_updates":0,"consumed_l1_nonces":0,"bouncer_l1_gas":0,"bouncer_sierra_gas":0,"bouncer_n_events":0,"bouncer_message_segment_length":0,"bouncer_state_diff_size":0,"get_full_block_ms":0.002863,"commitments_ms":0.086534,"merklization_ms":9.90043,"contract_trie_ms":0.901239,"class_trie_ms":0.02675,"contract_storage_trie_commit_ms":3.079606,"contract_trie_commit_ms":3.099302,"class_trie_commit_ms":2.661812,"block_hash_ms":0.111607,"db_write_ms":7.6388810000000005}
[2026-09-14 17:12:38:882] INFO ⛏️  Closed block #2612 with 0 transactions - 22.181418ms
[2026-09-14 17:12:38:883] RPC starknet_V0_10_2_getBlockWithReceipts 200 871 bytes - 60.000µs
[2026-09-14 17:12:38:883] RPC starknet_V0_10_2_getBlockWithReceipts 200 872 bytes - 65.000µs
[2026-09-14 17:12:38:888] RPC starknet_V0_10_2_getBlockWithReceipts 200 368 bytes - 37.000µs
[2026-09-14 17:12:38:889] RPC starknet_V0_10_2_getBlockWithReceipts 200 369 bytes - 27.000µs
[2026-09-14 17:12:39:068] RPC starknet_V0_10_2_getBlockWithTxHashes 200 369 bytes - 88.000µs
[2026-09-14 17:12:39:568] RPC starknet_V0_10_2_getBlockWithTxHashes 200 369 bytes - 63.000µs
[2026-09-14 17:12:40:069] RPC starknet_V0_10_2_getBlockWithTxHashes 200 369 bytes - 83.000µs
[2026-09-14 17:12:40:136] RPC starknet_V0_10_2_blockNumber 200 38 bytes - 10.000µs
[2026-09-14 17:12:40:568] RPC starknet_V0_10_2_getBlockWithTxHashes 200 369 bytes - 65.000µs
[2026-09-14 17:12:40:859] INFO Block 2613 final weights: BouncerWeights { l1_gas: 0, message_segment_length: 0, n_events: 0, state_diff_size: 0, sierra_gas: GasAmount(0), n_txs: 0, proving_gas: GasAmount(0), receipt_l2_gas: GasAmount(0) }.
[2026-09-14 17:12:40:864] INFO Block hash 0x62932bf8589ccfc495236f6eb671c4e475d397a51084650d7997718dc42f8d0 computed for #2613
{"timestamp":"2026-09-14T17:12:40.882005233Z","level":"INFO","target":"close_block","message":"close_block_complete","block_number":2613,"tx_count":0,"event_count":0,"close_block_total_ms":20.444103000000002,"block_close_ms":20.444103000000002,"close_preconfirmed_ms":20.437887,"block_production_ms":20.449479999999998,"batches_executed":0,"txs_added_to_block":0,"txs_executed":0,"txs_reverted":0,"txs_rejected":0,"classes_declared":0,"l2_gas_consumed":0,"state_diff_len":1,"declared_classes":0,"deployed_contracts":0,"storage_diffs":1,"nonce_updates":0,"consumed_l1_nonces":0,"bouncer_l1_gas":0,"bouncer_sierra_gas":0,"bouncer_n_events":0,"bouncer_message_segment_length":0,"bouncer_state_diff_size":0,"get_full_block_ms":0.002863,"commitments_ms":0.085836,"merklization_ms":8.80964,"contract_trie_ms":0.774685,"class_trie_ms":0.02186,"contract_storage_trie_commit_ms":2.820772,"contract_trie_commit_ms":2.7689500000000002,"class_trie_commit_ms":2.338654,"block_hash_ms":0.067258,"db_write_ms":7.279684}
[2026-09-14 17:12:40:882] INFO ⛏️  Closed block #2613 with 0 transactions - 20.444103ms
[2026-09-14 17:12:40:882] RPC starknet_V0_10_2_getBlockWithReceipts 200 872 bytes - 58.000µs
[2026-09-14 17:12:40:882] RPC starknet_V0_10_2_getBlockWithReceipts 200 871 bytes - 73.000µs
[2026-09-14 17:12:40:886] RPC starknet_V0_10_2_getBlockWithReceipts 200 369 bytes - 38.000µs
[2026-09-14 17:12:40:888] RPC starknet_V0_10_2_getBlockWithReceipts 200 368 bytes - 26.000µs
[2026-09-14 17:12:41:069] RPC starknet_V0_10_2_getBlockWithTxHashes 200 369 bytes - 108.000µs
[2026-09-14 17:12:41:569] RPC starknet_V0_10_2_getBlockWithTxHashes 200 369 bytes - 55.000µs
[2026-09-14 17:12:42:070] RPC starknet_V0_10_2_getBlockWithTxHashes 200 369 bytes - 87.000µs
[2026-09-14 17:12:42:175] RPC starknet_V0_10_2_blockNumber 200 38 bytes - 10.000µs
[2026-09-14 17:12:42:571] RPC starknet_V0_10_2_getBlockWithTxHashes 200 369 bytes - 78.000µs
[2026-09-14 17:12:42:860] INFO Block 2614 final weights: BouncerWeights { l1_gas: 0, message_segment_length: 0, n_events: 0, state_diff_size: 0, sierra_gas: GasAmount(0), n_txs: 0, proving_gas: GasAmount(0), receipt_l2_gas: GasAmount(0) }.
[2026-09-14 17:12:42:866] INFO Block hash 0x4ee7f5f57581c70ba38b34a68aee45e2a0ed5c6425a500aff4a55b8fb825548 computed for #2614
{"timestamp":"2026-09-14T17:12:42.88516174Z","level":"INFO","target":"close_block","message":"close_block_complete","block_number":2614,"tx_count":0,"event_count":0,"close_block_total_ms":22.405261,"block_close_ms":22.405261,"close_preconfirmed_ms":22.398487000000003,"block_production_ms":22.411058,"batches_executed":0,"txs_added_to_block":0,"txs_executed":0,"txs_reverted":0,"txs_rejected":0,"classes_declared":0,"l2_gas_consumed":0,"state_diff_len":1,"declared_classes":0,"deployed_contracts":0,"storage_diffs":1,"nonce_updates":0,"consumed_l1_nonces":0,"bouncer_l1_gas":0,"bouncer_sierra_gas":0,"bouncer_n_events":0,"bouncer_message_segment_length":0,"bouncer_state_diff_size":0,"get_full_block_ms":0.003772,"commitments_ms":0.107137,"merklization_ms":9.964963000000001,"contract_trie_ms":0.99832,"class_trie_ms":0.028076,"contract_storage_trie_commit_ms":3.285011,"contract_trie_commit_ms":3.012349,"class_trie_commit_ms":2.522967,"block_hash_ms":0.096801,"db_write_ms":7.517775}
[2026-09-14 17:12:42:885] INFO ⛏️  Closed block #2614 with 0 transactions - 22.405261ms
[2026-09-14 17:12:42:885] RPC starknet_V0_10_2_getBlockWithReceipts 200 871 bytes - 56.000µs
[2026-09-14 17:12:42:885] RPC starknet_V0_10_2_getBlockWithReceipts 200 872 bytes - 72.000µs
[2026-09-14 17:12:42:889] RPC starknet_V0_10_2_getBlockWithReceipts 200 369 bytes - 40.000µs
[2026-09-14 17:12:42:891] RPC starknet_V0_10_2_getBlockWithReceipts 200 368 bytes - 28.000µs
[2026-09-14 17:12:43:071] RPC starknet_V0_10_2_getBlockWithTxHashes 200 369 bytes - 101.000µs
[2026-09-14 17:12:43:571] RPC starknet_V0_10_2_getBlockWithTxHashes 200 369 bytes - 58.000µs
[2026-09-14 17:12:44:072] RPC starknet_V0_10_2_getBlockWithTxHashes 200 369 bytes - 96.000µs
[2026-09-14 17:12:44:215] RPC starknet_V0_10_2_blockNumber 200 38 bytes - 10.000µs
[2026-09-14 17:12:44:574] RPC starknet_V0_10_2_getBlockWithTxHashes 200 369 bytes - 64.000µs
[2026-09-14 17:12:44:861] INFO Block 2615 final weights: BouncerWeights { l1_gas: 0, message_segment_length: 0, n_events: 0, state_diff_size: 0, sierra_gas: GasAmount(0), n_txs: 0, proving_gas: GasAmount(0), receipt_l2_gas: GasAmount(0) }.
[2026-09-14 17:12:44:868] INFO Block hash 0x1d977c9b1191ac8800274f1275fce4ccec3a6c7edb0b8859aaf527a8bf425a2 computed for #2615
{"timestamp":"2026-09-14T17:12:44.887222288Z","level":"INFO","target":"close_block","message":"close_block_complete","block_number":2615,"tx_count":0,"event_count":0,"close_block_total_ms":23.327662,"block_close_ms":23.327662,"close_preconfirmed_ms":23.319422,"block_production_ms":23.334856000000002,"batches_executed":0,"txs_added_to_block":0,"txs_executed":0,"txs_reverted":0,"txs_rejected":0,"classes_declared":0,"l2_gas_consumed":0,"state_diff_len":1,"declared_classes":0,"deployed_contracts":0,"storage_diffs":1,"nonce_updates":0,"consumed_l1_nonces":0,"bouncer_l1_gas":0,"bouncer_sierra_gas":0,"bouncer_n_events":0,"bouncer_message_segment_length":0,"bouncer_state_diff_size":0,"get_full_block_ms":0.006844,"commitments_ms":0.138985,"merklization_ms":10.446383,"contract_trie_ms":1.1598629999999999,"class_trie_ms":0.027239000000000003,"contract_storage_trie_commit_ms":3.333551,"contract_trie_commit_ms":3.247785,"class_trie_commit_ms":2.533932,"block_hash_ms":0.124668,"db_write_ms":7.729117}
[2026-09-14 17:12:44:887] INFO ⛏️  Closed block #2615 with 0 transactions - 23.327662ms
[2026-09-14 17:12:44:887] RPC starknet_V0_10_2_getBlockWithReceipts 200 872 bytes - 59.000µs
[2026-09-14 17:12:44:887] RPC starknet_V0_10_2_getBlockWithReceipts 200 871 bytes - 44.000µs
[2026-09-14 17:12:44:893] RPC starknet_V0_10_2_getBlockWithReceipts 200 369 bytes - 49.000µs
[2026-09-14 17:12:44:894] RPC starknet_V0_10_2_getBlockWithReceipts 200 368 bytes - 35.000µs
[2026-09-14 17:12:45:074] RPC starknet_V0_10_2_getBlockWithTxHashes 200 369 bytes - 100.000µs
[2026-09-14 17:12:45:577] RPC starknet_V0_10_2_getBlockWithTxHashes 200 369 bytes - 101.000µs
[2026-09-14 17:12:46:077] RPC starknet_V0_10_2_getBlockWithTxHashes 200 369 bytes - 93.000µs
[2026-09-14 17:12:46:255] RPC starknet_V0_10_2_blockNumber 200 38 bytes - 10.000µs
[2026-09-14 17:12:46:579] RPC starknet_V0_10_2_getBlockWithTxHashes 200 369 bytes - 79.000µs
[2026-09-14 17:12:46:863] INFO Block 2616 final weights: BouncerWeights { l1_gas: 0, message_segment_length: 0, n_events: 0, state_diff_size: 0, sierra_gas: GasAmount(0), n_txs: 0, proving_gas: GasAmount(0), receipt_l2_gas: GasAmount(0) }.
[2026-09-14 17:12:46:870] INFO Block hash 0x74986dded3b6ba4faf9aab1df3f5d8f9ec821860231ff379415c186bc5ec3fb computed for #2616
{"timestamp":"2026-09-14T17:12:46.888672629Z","level":"INFO","target":"close_block","message":"close_block_complete","block_number":2616,"tx_count":0,"event_count":0,"close_block_total_ms":22.841912,"block_close_ms":22.841912,"close_preconfirmed_ms":22.836605,"block_production_ms":22.847709000000002,"batches_executed":0,"txs_added_to_block":0,"txs_executed":0,"txs_reverted":0,"txs_rejected":0,"classes_declared":0,"l2_gas_consumed":0,"state_diff_len":1,"declared_classes":0,"deployed_contracts":0,"storage_diffs":1,"nonce_updates":0,"consumed_l1_nonces":0,"bouncer_l1_gas":0,"bouncer_sierra_gas":0,"bouncer_n_events":0,"bouncer_message_segment_length":0,"bouncer_state_diff_size":0,"get_full_block_ms":0.0038410000000000002,"commitments_ms":0.12410899999999998,"merklization_ms":10.132584,"contract_trie_ms":1.010961,"class_trie_ms":0.028146,"contract_storage_trie_commit_ms":3.427069,"contract_trie_commit_ms":3.004386,"class_trie_commit_ms":2.510395,"block_hash_ms":0.111258,"db_write_ms":7.678062000000001}
[2026-09-14 17:12:46:888] INFO ⛏️  Closed block #2616 with 0 transactions - 22.841912ms
[2026-09-14 17:12:46:889] RPC starknet_V0_10_2_getBlockWithReceipts 200 871 bytes - 51.000µs
[2026-09-14 17:12:46:889] RPC starknet_V0_10_2_getBlockWithReceipts 200 872 bytes - 38.000µs
[2026-09-14 17:12:46:894] RPC starknet_V0_10_2_getBlockWithReceipts 200 368 bytes - 37.000µs
[2026-09-14 17:12:46:895] RPC starknet_V0_10_2_getBlockWithReceipts 200 369 bytes - 27.000µs
[2026-09-14 17:12:47:080] RPC starknet_V0_10_2_getBlockWithTxHashes 200 369 bytes - 124.000µs
[2026-09-14 17:12:47:580] RPC starknet_V0_10_2_getBlockWithTxHashes 200 369 bytes - 86.000µs
[2026-09-14 17:12:48:080] RPC starknet_V0_10_2_getBlockWithTxHashes 200 369 bytes - 124.000µs
[2026-09-14 17:12:48:293] RPC starknet_V0_10_2_blockNumber 200 38 bytes - 10.000µs
[2026-09-14 17:12:48:582] RPC starknet_V0_10_2_getBlockWithTxHashes 200 369 bytes - 54.000µs
[2026-09-14 17:12:48:864] INFO Block 2617 final weights: BouncerWeights { l1_gas: 0, message_segment_length: 0, n_events: 0, state_diff_size: 0, sierra_gas: GasAmount(0), n_txs: 0, proving_gas: GasAmount(0), receipt_l2_gas: GasAmount(0) }.
[2026-09-14 17:12:48:870] INFO Block hash 0x32b1ff4c62d4adbdfc1a96b5a93ab3d5011f0212b942228a20cb369cdc133a computed for #2617
{"timestamp":"2026-09-14T17:12:48.889033855Z","level":"INFO","target":"close_block","message":"close_block_complete","block_number":2617,"tx_count":0,"event_count":0,"close_block_total_ms":22.327528,"block_close_ms":22.327528,"close_preconfirmed_ms":22.322288999999998,"block_production_ms":22.335071000000003,"batches_executed":0,"txs_added_to_block":0,"txs_executed":0,"txs_reverted":0,"txs_rejected":0,"classes_declared":0,"l2_gas_consumed":0,"state_diff_len":1,"declared_classes":0,"deployed_contracts":0,"storage_diffs":1,"nonce_updates":0,"consumed_l1_nonces":0,"bouncer_l1_gas":0,"bouncer_sierra_gas":0,"bouncer_n_events":0,"bouncer_message_segment_length":0,"bouncer_state_diff_size":0,"get_full_block_ms":0.002794,"commitments_ms":0.115379,"merklization_ms":9.771851,"contract_trie_ms":0.916674,"class_trie_ms":0.028076,"contract_storage_trie_commit_ms":3.1999429999999998,"contract_trie_commit_ms":2.992513,"class_trie_commit_ms":2.519126,"block_hash_ms":0.095963,"db_write_ms":7.988020000000001}
[2026-09-14 17:12:48:889] INFO ⛏️  Closed block #2617 with 0 transactions - 22.327528ms
[2026-09-14 17:12:48:889] RPC starknet_V0_10_2_getBlockWithReceipts 200 869 bytes - 58.000µs
[2026-09-14 17:12:48:889] RPC starknet_V0_10_2_getBlockWithReceipts 200 870 bytes - 47.000µs
[2026-09-14 17:12:48:893] RPC starknet_V0_10_2_getBlockWithReceipts 200 368 bytes - 44.000µs
[2026-09-14 17:12:48:895] RPC starknet_V0_10_2_getBlockWithReceipts 200 369 bytes - 27.000µs
[2026-09-14 17:12:49:083] RPC starknet_V0_10_2_getBlockWithTxHashes 200 369 bytes - 116.000µs
[2026-09-14 17:12:49:583] RPC starknet_V0_10_2_getBlockWithTxHashes 200 369 bytes - 60.000µs
[2026-09-14 17:12:50:084] RPC starknet_V0_10_2_getBlockWithTxHashes 200 369 bytes - 67.000µs
[2026-09-14 17:12:50:332] RPC starknet_V0_10_2_blockNumber 200 38 bytes - 10.000µs
[2026-09-14 17:12:50:585] RPC starknet_V0_10_2_getBlockWithTxHashes 200 369 bytes - 61.000µs
[2026-09-14 17:12:50:866] INFO Block 2618 final weights: BouncerWeights { l1_gas: 0, message_segment_length: 0, n_events: 0, state_diff_size: 0, sierra_gas: GasAmount(0), n_txs: 0, proving_gas: GasAmount(0), receipt_l2_gas: GasAmount(0) }.
[2026-09-14 17:12:50:872] INFO Block hash 0x5b11b85f8a4aef75ce5af9200f884289c23352a61bbc55b7a7189c8b1bf08f1 computed for #2618
{"timestamp":"2026-09-14T17:12:50.890428672Z","level":"INFO","target":"close_block","message":"close_block_complete","block_number":2618,"tx_count":0,"event_count":0,"close_block_total_ms":21.944306,"block_close_ms":21.944306,"close_preconfirmed_ms":21.938648,"block_production_ms":21.949613,"batches_executed":0,"txs_added_to_block":0,"txs_executed":0,"txs_reverted":0,"txs_rejected":0,"classes_declared":0,"l2_gas_consumed":0,"state_diff_len":1,"declared_classes":0,"deployed_contracts":0,"storage_diffs":1,"nonce_updates":0,"consumed_l1_nonces":0,"bouncer_l1_gas":0,"bouncer_sierra_gas":0,"bouncer_n_events":0,"bouncer_message_segment_length":0,"bouncer_state_diff_size":0,"get_full_block_ms":0.003353,"commitments_ms":0.101759,"merklization_ms":9.568471,"contract_trie_ms":0.6847300000000001,"class_trie_ms":0.032895999999999995,"contract_storage_trie_commit_ms":3.134432,"contract_trie_commit_ms":3.0374909999999997,"class_trie_commit_ms":2.5736019999999997,"block_hash_ms":0.086603,"db_write_ms":7.7622919999999995}
[2026-09-14 17:12:50:890] INFO ⛏️  Closed block #2618 with 0 transactions - 21.944306ms
[2026-09-14 17:12:50:890] RPC starknet_V0_10_2_getBlockWithReceipts 200 869 bytes - 46.000µs
[2026-09-14 17:12:50:891] RPC starknet_V0_10_2_getBlockWithReceipts 200 870 bytes - 32.000µs
[2026-09-14 17:12:50:895] RPC starknet_V0_10_2_getBlockWithReceipts 200 368 bytes - 54.000µs
[2026-09-14 17:12:50:896] RPC starknet_V0_10_2_getBlockWithReceipts 200 369 bytes - 23.000µs
[2026-09-14 17:12:51:086] RPC starknet_V0_10_2_getBlockWithTxHashes 200 369 bytes - 130.000µs
[2026-09-14 17:12:51:586] RPC starknet_V0_10_2_getBlockWithTxHashes 200 369 bytes - 55.000µs
[2026-09-14 17:12:52:086] RPC starknet_V0_10_2_getBlockWithTxHashes 200 369 bytes - 93.000µs
[2026-09-14 17:12:52:372] RPC starknet_V0_10_2_blockNumber 200 38 bytes - 10.000µs
[2026-09-14 17:12:52:587] RPC starknet_V0_10_2_getBlockWithTxHashes 200 369 bytes - 60.000µs
[2026-09-14 17:12:52:868] INFO Block 2619 final weights: BouncerWeights { l1_gas: 0, message_segment_length: 0, n_events: 0, state_diff_size: 0, sierra_gas: GasAmount(0), n_txs: 0, proving_gas: GasAmount(0), receipt_l2_gas: GasAmount(0) }.
[2026-09-14 17:12:52:874] INFO Block hash 0x34460c022458e5b4832debdbbbc47d0dc5f6da938f1e22256b21e537269ba28 computed for #2619
{"timestamp":"2026-09-14T17:12:52.893345621Z","level":"INFO","target":"close_block","message":"close_block_complete","block_number":2619,"tx_count":0,"event_count":0,"close_block_total_ms":22.801544,"block_close_ms":22.801544,"close_preconfirmed_ms":22.795817,"block_production_ms":22.807271,"batches_executed":0,"txs_added_to_block":0,"txs_executed":0,"txs_reverted":0,"txs_rejected":0,"classes_declared":0,"l2_gas_consumed":0,"state_diff_len":1,"declared_classes":0,"deployed_contracts":0,"storage_diffs":1,"nonce_updates":0,"consumed_l1_nonces":0,"bouncer_l1_gas":0,"bouncer_sierra_gas":0,"bouncer_n_events":0,"bouncer_message_segment_length":0,"bouncer_state_diff_size":0,"get_full_block_ms":0.003213,"commitments_ms":0.109093,"merklization_ms":10.422916,"contract_trie_ms":0.90103,"class_trie_ms":0.026749000000000002,"contract_storage_trie_commit_ms":3.509064,"contract_trie_commit_ms":3.012558,"class_trie_commit_ms":2.79053,"block_hash_ms":0.155748,"db_write_ms":7.764387}
[2026-09-14 17:12:52:893] INFO ⛏️  Closed block #2619 with 0 transactions - 22.801544ms
[2026-09-14 17:12:52:893] RPC starknet_V0_10_2_getBlockWithReceipts 200 871 bytes - 71.000µs
[2026-09-14 17:12:52:894] RPC starknet_V0_10_2_getBlockWithReceipts 200 872 bytes - 46.000µs
[2026-09-14 17:12:52:899] RPC starknet_V0_10_2_getBlockWithReceipts 200 368 bytes - 42.000µs
[2026-09-14 17:12:52:900] RPC starknet_V0_10_2_getBlockWithReceipts 200 369 bytes - 24.000µs
[2026-09-14 17:12:53:087] RPC starknet_V0_10_2_getBlockWithTxHashes 200 369 bytes - 65.000µs
[2026-09-14 17:12:53:589] RPC starknet_V0_10_2_getBlockWithTxHashes 200 369 bytes - 82.000µs
[2026-09-14 17:12:54:090] RPC starknet_V0_10_2_getBlockWithTxHashes 200 369 bytes - 143.000µs
[2026-09-14 17:12:54:412] RPC starknet_V0_10_2_blockNumber 200 38 bytes - 10.000µs
[2026-09-14 17:12:54:592] RPC starknet_V0_10_2_getBlockWithTxHashes 200 369 bytes - 65.000µs
[2026-09-14 17:12:54:869] INFO Block 2620 final weights: BouncerWeights { l1_gas: 0, message_segment_length: 0, n_events: 0, state_diff_size: 0, sierra_gas: GasAmount(0), n_txs: 0, proving_gas: GasAmount(0), receipt_l2_gas: GasAmount(0) }.
[2026-09-14 17:12:54:875] INFO Block hash 0x33595e380f5b850cd6f6ad765a1cdb529e4e5d6944841ea40df63194e97713c computed for #2620
{"timestamp":"2026-09-14T17:12:54.893786328Z","level":"INFO","target":"close_block","message":"close_block_complete","block_number":2620,"tx_count":0,"event_count":0,"close_block_total_ms":22.365242000000002,"block_close_ms":22.365242000000002,"close_preconfirmed_ms":22.357070999999998,"block_production_ms":22.370899,"batches_executed":0,"txs_added_to_block":0,"txs_executed":0,"txs_reverted":0,"txs_rejected":0,"classes_declared":0,"l2_gas_consumed":0,"state_diff_len":1,"declared_classes":0,"deployed_contracts":0,"storage_diffs":1,"nonce_updates":0,"consumed_l1_nonces":0,"bouncer_l1_gas":0,"bouncer_sierra_gas":0,"bouncer_n_events":0,"bouncer_message_segment_length":0,"bouncer_state_diff_size":0,"get_full_block_ms":0.0038410000000000002,"commitments_ms":0.155887,"merklization_ms":9.901406999999999,"contract_trie_ms":0.884058,"class_trie_ms":0.026749000000000002,"contract_storage_trie_commit_ms":3.204204,"contract_trie_commit_ms":3.0461519999999997,"class_trie_commit_ms":2.618789,"block_hash_ms":0.096381,"db_write_ms":7.65257}
[2026-09-14 17:12:54:893] INFO ⛏️  Closed block #2620 with 0 transactions - 22.365242ms
[2026-09-14 17:12:54:894] RPC starknet_V0_10_2_getBlockWithReceipts 200 871 bytes - 84.000µs
[2026-09-14 17:12:54:894] RPC starknet_V0_10_2_getBlockWithReceipts 200 872 bytes - 101.000µs
[2026-09-14 17:12:54:898] RPC starknet_V0_10_2_getBlockWithReceipts 200 368 bytes - 60.000µs
[2026-09-14 17:12:54:900] RPC starknet_V0_10_2_getBlockWithReceipts 200 369 bytes - 28.000µs
[2026-09-14 17:12:55:092] RPC starknet_V0_10_2_getBlockWithTxHashes 200 369 bytes - 65.000µs
[2026-09-14 17:12:55:592] RPC starknet_V0_10_2_getBlockWithTxHashes 200 369 bytes - 76.000µs
[2026-09-14 17:12:56:093] RPC starknet_V0_10_2_getBlockWithTxHashes 200 369 bytes - 60.000µs
[2026-09-14 17:12:56:451] RPC starknet_V0_10_2_blockNumber 200 38 bytes - 10.000µs
[2026-09-14 17:12:56:594] RPC starknet_V0_10_2_getBlockWithTxHashes 200 369 bytes - 66.000µs
[2026-09-14 17:12:56:870] INFO Block 2621 final weights: BouncerWeights { l1_gas: 0, message_segment_length: 0, n_events: 0, state_diff_size: 0, sierra_gas: GasAmount(0), n_txs: 0, proving_gas: GasAmount(0), receipt_l2_gas: GasAmount(0) }.
[2026-09-14 17:12:56:875] INFO Block hash 0x72be8d0da7d9595ae95bc5e29b0fa8f9c13df400798dbac156b91ffb6fa1abe computed for #2621
{"timestamp":"2026-09-14T17:12:56.892593015Z","level":"INFO","target":"close_block","message":"close_block_complete","block_number":2621,"tx_count":0,"event_count":0,"close_block_total_ms":20.278508000000002,"block_close_ms":20.278508000000002,"close_preconfirmed_ms":20.270895,"block_production_ms":20.281859999999998,"batches_executed":0,"txs_added_to_block":0,"txs_executed":0,"txs_reverted":0,"txs_rejected":0,"classes_declared":0,"l2_gas_consumed":0,"state_diff_len":1,"declared_classes":0,"deployed_contracts":0,"storage_diffs":1,"nonce_updates":0,"consumed_l1_nonces":0,"bouncer_l1_gas":0,"bouncer_sierra_gas":0,"bouncer_n_events":0,"bouncer_message_segment_length":0,"bouncer_state_diff_size":0,"get_full_block_ms":0.0032830000000000003,"commitments_ms":0.08395,"merklization_ms":8.790294000000001,"contract_trie_ms":0.659796,"class_trie_ms":0.021092,"contract_storage_trie_commit_ms":2.7794260000000004,"contract_trie_commit_ms":2.819725,"class_trie_commit_ms":2.425048,"block_hash_ms":0.06816499999999999,"db_write_ms":7.152012999999999}
[2026-09-14 17:12:56:892] INFO ⛏️  Closed block #2621 with 0 transactions - 20.278508ms
[2026-09-14 17:12:56:892] RPC starknet_V0_10_2_getBlockWithReceipts 200 872 bytes - 40.000µs
[2026-09-14 17:12:56:893] RPC starknet_V0_10_2_getBlockWithReceipts 200 871 bytes - 24.000µs
[2026-09-14 17:12:56:897] RPC starknet_V0_10_2_getBlockWithReceipts 200 368 bytes - 34.000µs
[2026-09-14 17:12:56:899] RPC starknet_V0_10_2_getBlockWithReceipts 200 369 bytes - 18.000µs
[2026-09-14 17:12:57:095] RPC starknet_V0_10_2_getBlockWithTxHashes 200 369 bytes - 64.000µs
[2026-09-14 17:12:57:595] RPC starknet_V0_10_2_getBlockWithTxHashes 200 369 bytes - 72.000µs
[2026-09-14 17:12:58:095] RPC starknet_V0_10_2_getBlockWithTxHashes 200 369 bytes - 58.000µs
[2026-09-14 17:12:58:351] RPC starknet_V0_10_2_chainId 200 78 bytes - 12.000µs
[2026-09-14 17:12:58:370] RPC starknet_V0_10_2_call 200 244 bytes - 679.000µs
[2026-09-14 17:12:58:372] RPC starknet_V0_10_2_call 200 245 bytes - 493.000µs
[2026-09-14 17:12:58:374] RPC starknet_V0_10_2_call 200 245 bytes - 476.000µs
[2026-09-14 17:12:58:375] RPC starknet_V0_10_2_call 200 245 bytes - 527.000µs
[2026-09-14 17:12:58:377] RPC starknet_V0_10_2_call 200 244 bytes - 463.000µs
[2026-09-14 17:12:58:378] RPC starknet_V0_10_2_call 200 59 bytes - 431.000µs
[2026-09-14 17:12:58:486] RPC starknet_V0_10_2_blockNumber 200 38 bytes - 10.000µs
[2026-09-14 17:12:58:595] RPC starknet_V0_10_2_getBlockWithTxHashes 200 369 bytes - 56.000µs
[2026-09-14 17:12:58:870] INFO Block 2622 final weights: BouncerWeights { l1_gas: 0, message_segment_length: 0, n_events: 0, state_diff_size: 0, sierra_gas: GasAmount(0), n_txs: 0, proving_gas: GasAmount(0), receipt_l2_gas: GasAmount(0) }.
[2026-09-14 17:12:58:875] INFO Block hash 0x15378cba7e1078adf3ea9ab990f71f4b82b725806b8c3b7694e8c153b28040c computed for #2622
{"timestamp":"2026-09-14T17:12:58.892437762Z","level":"INFO","target":"close_block","message":"close_block_complete","block_number":2622,"tx_count":0,"event_count":0,"close_block_total_ms":19.821182999999998,"block_close_ms":19.821182999999998,"close_preconfirmed_ms":19.815804999999997,"block_production_ms":19.825933,"batches_executed":0,"txs_added_to_block":0,"txs_executed":0,"txs_reverted":0,"txs_rejected":0,"classes_declared":0,"l2_gas_consumed":0,"state_diff_len":1,"declared_classes":0,"deployed_contracts":0,"storage_diffs":1,"nonce_updates":0,"consumed_l1_nonces":0,"bouncer_l1_gas":0,"bouncer_sierra_gas":0,"bouncer_n_events":0,"bouncer_message_segment_length":0,"bouncer_state_diff_size":0,"get_full_block_ms":0.003422,"commitments_ms":0.088699,"merklization_ms":8.200479,"contract_trie_ms":0.6583990000000001,"class_trie_ms":0.021092,"contract_storage_trie_commit_ms":2.632129,"contract_trie_commit_ms":2.561379,"class_trie_commit_ms":2.243529,"block_hash_ms":0.068585,"db_write_ms":7.2633410000000005}
[2026-09-14 17:12:58:892] INFO ⛏️  Closed block #2622 with 0 transactions - 19.821183ms
[2026-09-14 17:12:58:892] RPC starknet_V0_10_2_getBlockWithReceipts 200 870 bytes - 58.000µs
[2026-09-14 17:12:58:892] RPC starknet_V0_10_2_getBlockWithReceipts 200 871 bytes - 58.000µs
[2026-09-14 17:12:58:898] RPC starknet_V0_10_2_getBlockWithReceipts 200 368 bytes - 51.000µs
[2026-09-14 17:12:58:899] RPC starknet_V0_10_2_getBlockWithReceipts 200 369 bytes - 26.000µs
[2026-09-14 17:12:59:096] RPC starknet_V0_10_2_getBlockWithTxHashes 200 369 bytes - 117.000µs
[2026-09-14 17:12:59:418] RPC starknet_V0_9_0_chainId 200 78 bytes - 14.000µs
[2026-09-14 17:12:59:422] RPC starknet_V0_9_0_call 200 279 bytes - 626.000µs
[2026-09-14 17:12:59:449] RPC starknet_V0_9_0_getNonce 200 39 bytes - 88.000µs
[2026-09-14 17:12:59:451] RPC starknet_V0_9_0_simulateTransactions 41 424 bytes - 1.423ms
[2026-09-14 17:12:59:453] RPC starknet_V0_9_0_simulateTransactions 200 1368 bytes - 1.877ms
[2026-09-14 17:12:59:456] RPC starknet_V0_9_0_estimateFee 41 681 bytes - 1.797ms
[2026-09-14 17:12:59:456] RPC starknet_V0_9_0_call 40 641 bytes - 444.000µs
[2026-09-14 17:12:59:460] RPC starknet_V0_10_2_call 200 279 bytes - 564.000µs
[2026-09-14 17:12:59:461] RPC starknet_V0_10_2_getBlockWithTxHashes 200 868 bytes - 41.000µs
[2026-09-14 17:12:59:464] RPC starknet_V0_10_2_call 40 645 bytes - 454.000µs
[2026-09-14 17:12:59:467] RPC starknet_V0_10_2_call 40 645 bytes - 404.000µs
[2026-09-14 17:12:59:469] RPC starknet_V0_10_2_call 200 279 bytes - 458.000µs
[2026-09-14 17:12:59:470] RPC starknet_V0_10_2_getBlockWithTxHashes 200 868 bytes - 38.000µs
[2026-09-14 17:12:59:473] RPC starknet_V0_10_2_call 200 279 bytes - 530.000µs
[2026-09-14 17:12:59:474] RPC starknet_V0_10_2_getBlockWithTxHashes 200 868 bytes - 41.000µs
[2026-09-14 17:12:59:491] RPC starknet_V0_10_2_call 200 59 bytes - 644.000µs
[2026-09-14 17:12:59:494] RPC starknet_V0_10_2_getNonce 200 39 bytes - 47.000µs
[2026-09-14 17:12:59:505] INFO 🔖 Inserted 1 transaction to the mempool [1/10000 transaction(s), 1 account(s), 1 ready]
[2026-09-14 17:12:59:505] RPC starknet_V0_10_2_addInvokeTransaction 200 121 bytes - 1.666ms
{"timestamp":"2026-09-14T17:12:59.508715639Z","level":"INFO","target":"sequencer_randomness","message":"randomness_submission_checks","action":"0x15570498cd2e7e8ebdc35c58675ef51f978113abedfd45de4b0c689f5eccafc","order":6,"transaction":"0x3e938dbf99195ccd1ead8adab7553f68e86b72281aa9bfb85dd769663bd239","checks_ms":3.512416}
{"timestamp":"2026-09-14T17:12:59.515412354Z","level":"INFO","target":"execution_measurement","message":"execution_batch_member","transaction":"0x3e938dbf99195ccd1ead8adab7553f68e86b72281aa9bfb85dd769663bd239","batch_count":1,"batch_execution_ms":6.608085,"amortized_execution_ms":6.608085,"l2_gas":4409255,"reverted":false}
{"timestamp":"2026-09-14T17:12:59.516828677Z","level":"INFO","target":"execution_measurement","message":"preconfirmed_persistence","transaction":"0x3e938dbf99195ccd1ead8adab7553f68e86b72281aa9bfb85dd769663bd239","block_number":2623,"batch_count":1,"event_count":1,"batch_persistence_ms":1.343897}
[2026-09-14 17:12:59:516] INFO 🧮 Executed and added 1 transaction(s) to the preconfirmed block at height 2623 - 6.608ms
[2026-09-14 17:12:59:596] RPC starknet_V0_10_2_getBlockWithTxHashes 200 435 bytes - 28.000µs
[2026-09-14 17:12:59:600] RPC starknet_V0_9_0_call 200 244 bytes - 610.000µs
[2026-09-14 17:13:00:096] RPC starknet_V0_10_2_getBlockWithTxHashes 200 435 bytes - 26.000µs
[2026-09-14 17:13:00:393] RPC starknet_V0_10_2_chainId 200 78 bytes - 12.000µs
[2026-09-14 17:13:00:411] RPC starknet_V0_10_2_call 200 244 bytes - 833.000µs
[2026-09-14 17:13:00:412] RPC starknet_V0_10_2_call 200 245 bytes - 535.000µs
[2026-09-14 17:13:00:413] RPC starknet_V0_10_2_call 200 245 bytes - 394.000µs
[2026-09-14 17:13:00:413] RPC starknet_V0_10_2_call 200 245 bytes - 366.000µs
[2026-09-14 17:13:00:414] RPC starknet_V0_10_2_call 200 244 bytes - 432.000µs
[2026-09-14 17:13:00:414] RPC starknet_V0_10_2_call 200 244 bytes - 387.000µs
[2026-09-14 17:13:00:415] RPC starknet_V0_10_2_call 200 59 bytes - 413.000µs
[2026-09-14 17:13:00:421] RPC starknet_V0_10_2_call 200 244 bytes - 487.000µs
[2026-09-14 17:13:00:489] RPC starknet_V0_9_0_call 200 244 bytes - 511.000µs
[2026-09-14 17:13:00:522] RPC starknet_V0_10_2_blockNumber 200 38 bytes - 10.000µs
[2026-09-14 17:13:00:596] RPC starknet_V0_10_2_getBlockWithTxHashes 200 435 bytes - 22.000µs
